architecture,target,tier,group,timescale_ms,neuron_idx,probe_type,r2_trained,r2_untrained,delta_r2,selectivity,p_value,r2_null_mean,r2_null_std,block_size,tau_e,pearson_trained,pearson_untrained,diagnosis
lstm,G_T,1,tier1_identifiable,5.0,0,ridge,0.6392475843429566,0.5567342162132263,0.0825133681297303,0.6371735501289368,0.0476190476190476,0.0020740342140197,0.0006929255575229,50,8,0.7999394536018372,0.7468116283416748,LINEAR_ENCODING
lstm,G_T,1,tier1_identifiable,5.0,0,mlp_1,0.7196202278137207,0.557979941368103,0.1616402864456176,0.6371735501289368,0.0476190476190476,0.0020740342140197,0.0006929255575229,50,8,0.8491188883781433,0.7717065811157227,NONLINEAR_ENCODING
lstm,G_T,1,tier1_identifiable,5.0,0,mlp_2,0.7197960615158081,0.6236133575439453,0.0961827039718627,0.6371735501289368,0.0476190476190476,0.0020740342140197,0.0006929255575229,50,8,0.8621741533279419,0.8280493021011353,NONLINEAR_ENCODING
lstm,G_T,1,tier1_identifiable,5.0,1,ridge,0.4201873183250427,0.4800171732902527,-0.0598298549652099,0.418229199051857,0.0476190476190476,0.0019581192731857,0.0005988838984942,50,8,0.6500290036201477,0.6966700553894043,STRUCTURAL
lstm,G_T,1,tier1_identifiable,5.0,1,mlp_1,0.5597211718559265,0.4640589654445648,0.0956622064113617,0.418229199051857,0.0476190476190476,0.0019581192731857,0.0005988838984942,50,8,0.7527644038200378,0.6998352408409119,NONLINEAR_ENCODING
lstm,G_T,1,tier1_identifiable,5.0,1,mlp_2,0.5759299993515015,0.5239145159721375,0.052015483379364,0.418229199051857,0.0476190476190476,0.0019581192731857,0.0005988838984942,50,8,0.7755188345909119,0.7486276626586914,NONLINEAR_ENCODING
lstm,G_T,1,tier1_identifiable,5.0,2,ridge,0.3905166149139404,0.4132329702377319,-0.0227163553237915,0.3852007585763931,0.0476190476190476,0.0053158563375473,0.0013958838842267,50,8,0.6300636529922485,0.6476137042045593,STRUCTURAL
lstm,G_T,1,tier1_identifiable,5.0,2,mlp_1,0.4739086031913757,0.4056329727172851,0.0682756304740905,0.3852007585763931,0.0476190476190476,0.0053158563375473,0.0013958838842267,50,8,0.6927577257156372,0.6525031328201294,NONLINEAR_ENCODING
lstm,G_T,1,tier1_identifiable,5.0,2,mlp_2,0.4708697199821472,0.4538870751857757,0.0169826447963714,0.3852007585763931,0.0476190476190476,0.0053158563375473,0.0013958838842267,50,8,0.7109960913658142,0.7109437584877014,STRUCTURAL
lstm,G_T,1,tier1_identifiable,5.0,3,ridge,0.4795531153678894,0.4687647223472595,0.0107883930206298,0.4767918109893799,0.0476190476190476,0.0027613043785095,0.0008484402061081,50,8,0.6933101415634155,0.6854721903800964,STRUCTURAL
lstm,G_T,1,tier1_identifiable,5.0,3,mlp_1,0.6202029585838318,0.4782894253730774,0.1419135332107544,0.4767918109893799,0.0476190476190476,0.0027613043785095,0.0008484402061081,50,8,0.7936789393424988,0.7138779163360596,NONLINEAR_ENCODING
lstm,G_T,1,tier1_identifiable,5.0,3,mlp_2,0.6410380601882935,0.5088679194450378,0.1321701407432556,0.4767918109893799,0.0476190476190476,0.0027613043785095,0.0008484402061081,50,8,0.8207055330276489,0.761240541934967,NONLINEAR_ENCODING
lstm,G_T,1,tier1_identifiable,5.0,4,ridge,0.4048936009407043,0.4673620462417602,-0.0624684453010558,0.4046820682287216,0.0476190476190476,0.0002115327119827,0.0004070206358898,50,9,0.6412792205810547,0.6890473961830139,STRUCTURAL
lstm,G_T,1,tier1_identifiable,5.0,4,mlp_1,0.4918790757656097,0.4272171854972839,0.0646618902683258,0.4046820682287216,0.0476190476190476,0.0002115327119827,0.0004070206358898,50,9,0.7049059867858887,0.6670478582382202,NONLINEAR_ENCODING
lstm,G_T,1,tier1_identifiable,5.0,4,mlp_2,0.5069068074226379,0.446798712015152,0.0601080954074859,0.4046820682287216,0.0476190476190476,0.0002115327119827,0.0004070206358898,50,9,0.7276372909545898,0.7028471231460571,NONLINEAR_ENCODING
lstm,G_h,1,tier1_identifiable,100.0,0,ridge,0.6333564996719361,0.5859938621520996,0.0473626375198364,0.5036296248435974,0.0476190476190476,0.1297268748283386,0.0033608335468053,87,29,0.7964474558830261,0.766189694404602,STRUCTURAL
lstm,G_h,1,tier1_identifiable,100.0,0,mlp_1,-3.073322296142578,-1.833977460861206,-1.239344835281372,0.5036296248435974,0.0476190476190476,0.1297268748283386,0.0033608335468053,87,29,0.3403903841972351,0.3209854960441589,SCALE_AMBIGUITY
lstm,G_h,1,tier1_identifiable,100.0,0,mlp_2,-5.404392719268799,-1.049526929855347,-4.354865789413452,0.5036296248435974,0.0476190476190476,0.1297268748283386,0.0033608335468053,87,29,0.3784789144992828,0.3998187184333801,SCALE_AMBIGUITY
lstm,G_h,1,tier1_identifiable,100.0,1,ridge,0.6014306783676148,0.5875370264053345,0.0138936519622803,0.4878635329008103,0.0476190476190476,0.1135671454668044,0.0026909665340234,90,30,0.7763367891311646,0.7687495350837708,STRUCTURAL
lstm,G_h,1,tier1_identifiable,100.0,1,mlp_1,-3.5848705768585205,-1.9592220783233645,-1.6256484985351562,0.4878635329008103,0.0476190476190476,0.1135671454668044,0.0026909665340234,90,30,0.3159534037113189,0.3087374567985534,SCALE_AMBIGUITY
lstm,G_h,1,tier1_identifiable,100.0,1,mlp_2,-1.4938957691192627,-1.2535526752471924,-0.2403430938720703,0.4878635329008103,0.0476190476190476,0.1135671454668044,0.0026909665340234,90,30,0.3974286317825317,0.3959891498088836,SCALE_AMBIGUITY
lstm,G_h,1,tier1_identifiable,100.0,2,ridge,0.5580373764038086,0.5460857152938843,0.0119516611099242,0.4492837804555892,0.0476190476190476,0.1087535959482192,0.0025672024612867,84,28,0.7475472092628479,0.7396214008331299,STRUCTURAL
lstm,G_h,1,tier1_identifiable,100.0,2,mlp_1,-5.775426864624023,-2.703383445739746,-3.0720434188842773,0.4492837804555892,0.0476190476190476,0.1087535959482192,0.0025672024612867,84,28,0.2310489863157272,0.2649266123771667,GENUINE_ZOMBIE
lstm,G_h,1,tier1_identifiable,100.0,2,mlp_2,-6.361590385437012,-0.494730532169342,-5.86685985326767,0.4492837804555892,0.0476190476190476,0.1087535959482192,0.0025672024612867,84,28,0.3132805824279785,0.3230407238006592,SCALE_AMBIGUITY
lstm,G_h,1,tier1_identifiable,100.0,3,ridge,0.5756143808364869,0.5553525447845459,0.0202618360519409,0.4483059316873551,0.0476190476190476,0.1273084491491317,0.0032725644760896,87,29,0.7599996328353882,0.7483838796615601,STRUCTURAL
lstm,G_h,1,tier1_identifiable,100.0,3,mlp_1,-2.917935371398926,-1.9550285339355469,-0.9629068374633788,0.4483059316873551,0.0476190476190476,0.1273084491491317,0.0032725644760896,87,29,0.3376932740211487,0.3015930950641632,SCALE_AMBIGUITY
lstm,G_h,1,tier1_identifiable,100.0,3,mlp_2,-3.975735902786255,-2.526650905609131,-1.449084997177124,0.4483059316873551,0.0476190476190476,0.1273084491491317,0.0032725644760896,87,29,0.4431095123291015,0.3633201122283935,SCALE_AMBIGUITY
lstm,G_h,1,tier1_identifiable,100.0,4,ridge,0.6188605308532715,0.5956266760826111,0.0232338547706604,0.4760782092809678,0.0476190476190476,0.1427823215723037,0.0025981642733326,105,35,0.7870492339134216,0.7724730372428894,STRUCTURAL
lstm,G_h,1,tier1_identifiable,100.0,4,mlp_1,-2.2196154594421387,-1.269822120666504,-0.9497933387756348,0.4760782092809678,0.0476190476190476,0.1427823215723037,0.0025981642733326,105,35,0.3517394065856933,0.3516595661640167,SCALE_AMBIGUITY
lstm,G_h,1,tier1_identifiable,100.0,4,mlp_2,-0.1201192364096641,-1.0427874326705933,0.9226681962609292,0.4760782092809678,0.0476190476190476,0.1427823215723037,0.0025981642733326,105,35,0.6211678981781006,0.4396699965000152,SCALE_AMBIGUITY
lstm,I_T,1,tier1_identifiable,5.0,0,ridge,0.6394713640213012,0.5567295551300049,0.0827418088912963,0.6378891748189925,0.0476190476190476,0.0015821892023086,0.0007399513290218,50,9,0.8001314401626587,0.7473741173744202,LINEAR_ENCODING
lstm,I_T,1,tier1_identifiable,5.0,0,mlp_1,0.688485860824585,0.4498757421970367,0.2386101186275482,0.6378891748189925,0.0476190476190476,0.0015821892023086,0.0007399513290218,50,9,0.8318327069282532,0.6948443055152893,NONLINEAR_ENCODING
lstm,I_T,1,tier1_identifiable,5.0,0,mlp_2,0.7363643646240234,0.6444462537765503,0.0919181108474731,0.6378891748189925,0.0476190476190476,0.0015821892023086,0.0007399513290218,50,9,0.8593646287918091,0.8175302743911743,NONLINEAR_ENCODING
lstm,I_T,1,tier1_identifiable,5.0,1,ridge,0.4238054156303406,0.478031325340271,-0.0542259097099304,0.4227479600906372,0.0476190476190476,0.0010574555397033,0.0006985471986723,50,9,0.6527754068374634,0.6952542066574097,STRUCTURAL
lstm,I_T,1,tier1_identifiable,5.0,1,mlp_1,0.4970569610595703,0.3790358603000641,0.1180211007595062,0.4227479600906372,0.0476190476190476,0.0010574555397033,0.0006985471986723,50,9,0.7100663781166077,0.6321486234664917,NONLINEAR_ENCODING
lstm,I_T,1,tier1_identifiable,5.0,1,mlp_2,0.5838267803192139,0.5342512130737305,0.0495755672454834,0.4227479600906372,0.0476190476190476,0.0010574555397033,0.0006985471986723,50,9,0.7660228610038757,0.7410275340080261,STRUCTURAL
lstm,I_T,1,tier1_identifiable,5.0,2,ridge,0.3898837447166443,0.4131569623947143,-0.02327321767807,0.3852349627017974,0.0476190476190476,0.0046487820148468,0.0012856104401763,50,9,0.6290695667266846,0.6473342180252075,STRUCTURAL
lstm,I_T,1,tier1_identifiable,5.0,2,mlp_1,0.451109230518341,0.3425129354000091,0.1085962951183319,0.3852349627017974,0.0476190476190476,0.0046487820148468,0.0012856104401763,50,9,0.6791673898696899,0.6002823710441589,NONLINEAR_ENCODING
lstm,I_T,1,tier1_identifiable,5.0,2,mlp_2,0.499783992767334,0.4679417014122009,0.031842291355133,0.3852349627017974,0.0476190476190476,0.0046487820148468,0.0012856104401763,50,9,0.7110192179679871,0.6974502801895142,STRUCTURAL
lstm,I_T,1,tier1_identifiable,5.0,3,ridge,0.4767815828323364,0.4710189819335937,0.0057626008987426,0.4743768924474716,0.0476190476190476,0.0024046903848648,0.0008182771620971,50,9,0.6917355060577393,0.6876817941665649,STRUCTURAL
lstm,I_T,1,tier1_identifiable,5.0,3,mlp_1,0.5776720643043518,0.3677895963191986,0.2098824679851532,0.4743768924474716,0.0476190476190476,0.0024046903848648,0.0008182771620971,50,9,0.7675368785858154,0.626701831817627,NONLINEAR_ENCODING
lstm,I_T,1,tier1_identifiable,5.0,3,mlp_2,0.6813098192214966,0.5827460885047913,0.0985637307167053,0.4743768924474716,0.0476190476190476,0.0024046903848648,0.0008182771620971,50,9,0.827431857585907,0.7760106325149536,NONLINEAR_ENCODING
lstm,I_T,1,tier1_identifiable,5.0,4,ridge,0.4048025131225586,0.4585540890693664,-0.0537515759468078,0.4046934127807617,0.0476190476190476,0.0001091003417968,0.0004138014316812,50,9,0.6412978768348694,0.6824916005134583,STRUCTURAL
lstm,I_T,1,tier1_identifiable,5.0,4,mlp_1,0.4627533555030823,0.3637120425701141,0.0990413129329681,0.4046934127807617,0.0476190476190476,0.0001091003417968,0.0004138014316812,50,9,0.6862866878509521,0.6207455396652222,NONLINEAR_ENCODING
lstm,I_T,1,tier1_identifiable,5.0,4,mlp_2,0.5204559564590454,0.4950025975704193,0.0254533588886261,0.4046934127807617,0.0476190476190476,0.0001091003417968,0.0004138014316812,50,9,0.7253636717796326,0.7143238186836243,STRUCTURAL
lstm,I_h,1,tier1_identifiable,100.0,0,ridge,0.6509406447410584,0.5927538394927978,0.0581868052482605,0.5207166677713395,0.0476190476190476,0.1302239769697189,0.002682324922191,90,30,0.8072435259819031,0.7703668475151062,LINEAR_ENCODING
lstm,I_h,1,tier1_identifiable,100.0,0,mlp_1,0.7503656148910522,0.6232961416244507,0.1270694732666015,0.5207166677713395,0.0476190476190476,0.1302239769697189,0.002682324922191,90,30,0.8675063252449036,0.803353488445282,NONLINEAR_ENCODING
lstm,I_h,1,tier1_identifiable,100.0,0,mlp_2,0.7497208714485168,0.6999710202217102,0.0497498512268066,0.5207166677713395,0.0476190476190476,0.1302239769697189,0.002682324922191,90,30,0.8757821321487427,0.8532004356384277,STRUCTURAL
lstm,I_h,1,tier1_identifiable,100.0,1,ridge,0.6422507524490356,0.6426349997520446,-0.000384247303009,0.5234905087947845,0.0476190476190476,0.118760243654251,0.003902978114544,96,32,0.8019149899482727,0.8032217025756836,STRUCTURAL
lstm,I_h,1,tier1_identifiable,100.0,1,mlp_1,0.7549578547477722,0.6355010271072388,0.1194568276405334,0.5234905087947845,0.0476190476190476,0.118760243654251,0.003902978114544,96,32,0.8708539009094238,0.8121250867843628,NONLINEAR_ENCODING
lstm,I_h,1,tier1_identifiable,100.0,1,mlp_2,0.7589230537414551,0.7346749901771545,0.0242480635643005,0.5234905087947845,0.0476190476190476,0.118760243654251,0.003902978114544,96,32,0.8770627975463867,0.8740647435188293,STRUCTURAL
lstm,I_h,1,tier1_identifiable,100.0,2,ridge,0.6185748100280761,0.6097358584403991,0.008838951587677,0.5075982230901718,0.0476190476190476,0.1109765869379043,0.0030476917636562,90,30,0.786902129650116,0.7812487483024597,STRUCTURAL
lstm,I_h,1,tier1_identifiable,100.0,2,mlp_1,0.738561749458313,0.5867876410484314,0.1517741084098816,0.5075982230901718,0.0476190476190476,0.1109765869379043,0.0030476917636562,90,30,0.8618015050888062,0.7864007353782654,NONLINEAR_ENCODING
lstm,I_h,1,tier1_identifiable,100.0,2,mlp_2,0.7399027347564697,0.7026482224464417,0.037254512310028,0.5075982230901718,0.0476190476190476,0.1109765869379043,0.0030476917636562,90,30,0.865798830986023,0.8565673828125,STRUCTURAL
lstm,I_h,1,tier1_identifiable,100.0,3,ridge,0.5897573947906494,0.5833576917648315,0.0063997030258178,0.4587340235710143,0.0476190476190476,0.131023371219635,0.0033622475271267,90,30,0.7686658501625061,0.7659538388252258,STRUCTURAL
lstm,I_h,1,tier1_identifiable,100.0,3,mlp_1,0.7251073122024536,0.5979551672935486,0.127152144908905,0.4587340235710143,0.0476190476190476,0.131023371219635,0.0033622475271267,90,30,0.853506863117218,0.7889819145202637,NONLINEAR_ENCODING
lstm,I_h,1,tier1_identifiable,100.0,3,mlp_2,0.7354488968849182,0.6787375211715698,0.0567113757133483,0.4587340235710143,0.0476190476190476,0.131023371219635,0.0033622475271267,90,30,0.8632314801216125,0.8393505811691284,NONLINEAR_ENCODING
lstm,I_h,1,tier1_identifiable,100.0,4,ridge,0.6711584806442261,0.6628024816513062,0.0083559989929199,0.5238089257478715,0.0476190476190476,0.1473495548963546,0.0033764754801686,111,37,0.8195168375968933,0.8147098422050476,STRUCTURAL
lstm,I_h,1,tier1_identifiable,100.0,4,mlp_1,0.7758151292800903,0.6757791042327881,0.1000360250473022,0.5238089257478715,0.0476190476190476,0.1473495548963546,0.0033764754801686,111,37,0.882647693157196,0.8322080373764038,NONLINEAR_ENCODING
lstm,I_h,1,tier1_identifiable,100.0,4,mlp_2,0.7732641696929932,0.7318158149719238,0.0414483547210693,0.5238089257478715,0.0476190476190476,0.1473495548963546,0.0033764754801686,111,37,0.886877179145813,0.8696026802062988,STRUCTURAL
lstm,I_GABA_A,1,tier1_identifiable,5.0,0,ridge,0.3243052721023559,0.2675167679786682,0.0567885041236877,0.2226665663719177,0.0476190476190476,0.1016387057304382,0.0022247637162181,50,8,0.5759569406509399,0.527398407459259,LINEAR_ENCODING
lstm,I_GABA_A,1,tier1_identifiable,5.0,0,mlp_1,-0.0114081259816885,-0.0254599452018737,0.0140518192201852,0.2226665663719177,0.0476190476190476,0.1016387057304382,0.0022247637162181,50,8,0.4321116805076599,0.2293421328067779,SCALE_AMBIGUITY
lstm,I_GABA_A,1,tier1_identifiable,5.0,0,mlp_2,0.2724859714508056,0.1169054731726646,0.155580498278141,0.2226665663719177,0.0476190476190476,0.1016387057304382,0.0022247637162181,50,8,0.525192141532898,0.3535006642341614,NONLINEAR_ENCODING
lstm,I_GABA_A,1,tier1_identifiable,5.0,1,ridge,0.3291741847991943,0.3008527040481567,0.0283214807510376,0.2350773918628693,0.0476190476190476,0.094096792936325,0.0018521788158751,50,7,0.5766922235488892,0.5511450171470642,STRUCTURAL
lstm,I_GABA_A,1,tier1_identifiable,5.0,1,mlp_1,-0.0512840524315834,-0.0542956106364727,0.0030115582048892,0.2350773918628693,0.0476190476190476,0.094096792936325,0.0018521788158751,50,7,0.3605793416500091,0.1904361695051193,SCALE_AMBIGUITY
lstm,I_GABA_A,1,tier1_identifiable,5.0,1,mlp_2,0.2583540976047516,0.1119290962815284,0.1464250013232231,0.2350773918628693,0.0476190476190476,0.094096792936325,0.0018521788158751,50,7,0.5138852000236511,0.3415535092353821,NONLINEAR_ENCODING
lstm,I_GABA_A,1,tier1_identifiable,5.0,2,ridge,0.2542490482330322,0.2471244096755981,0.007124638557434,0.1649758964776992,0.0476190476190476,0.0892731517553329,0.0025058887522787,50,6,0.51368647813797,0.5086086988449097,STRUCTURAL
lstm,I_GABA_A,1,tier1_identifiable,5.0,2,mlp_1,-0.0605126731097698,-0.041097056120634,-0.0194156169891357,0.1649758964776992,0.0476190476190476,0.0892731517553329,0.0025058887522787,50,6,0.3398793935775757,0.194915696978569,SCALE_AMBIGUITY
lstm,I_GABA_A,1,tier1_identifiable,5.0,2,mlp_2,0.214196041226387,0.1153873428702354,0.0988086983561515,0.1649758964776992,0.0476190476190476,0.0892731517553329,0.0025058887522787,50,6,0.4688527584075928,0.3565084338188171,NONLINEAR_ENCODING
lstm,I_GABA_A,1,tier1_identifiable,5.0,3,ridge,0.2812230348587036,0.293358314037323,-0.0121352791786193,0.1932163000106811,0.0476190476190476,0.0880067348480224,0.0016118332284018,50,7,0.5350095629692078,0.5462445020675659,STRUCTURAL
lstm,I_GABA_A,1,tier1_identifiable,5.0,3,mlp_1,-0.0972599759697914,-0.0538999326527118,-0.0433600433170795,0.1932163000106811,0.0476190476190476,0.0880067348480224,0.0016118332284018,50,7,0.2981706261634826,0.1835456043481826,GENUINE_ZOMBIE
lstm,I_GABA_A,1,tier1_identifiable,5.0,3,mlp_2,0.2080931365489959,0.089715301990509,0.1183778345584869,0.1932163000106811,0.0476190476190476,0.0880067348480224,0.0016118332284018,50,7,0.4643629491329193,0.308430016040802,NONLINEAR_ENCODING
lstm,I_GABA_A,1,tier1_identifiable,5.0,4,ridge,0.2316049456596374,0.2371472477912903,-0.0055423021316528,0.1476281976699829,0.0476190476190476,0.0839767479896545,0.0019488710272555,50,4,0.4880545139312744,0.4926502108573913,STRUCTURAL
lstm,I_GABA_A,1,tier1_identifiable,5.0,4,mlp_1,-0.0601222030818462,-0.052040409296751,-0.0080817937850952,0.1476281976699829,0.0476190476190476,0.0839767479896545,0.0019488710272555,50,4,0.3340888917446136,0.1678276360034942,SCALE_AMBIGUITY
lstm,I_GABA_A,1,tier1_identifiable,5.0,4,mlp_2,0.1932468116283416,0.0829912200570106,0.110255591571331,0.1476281976699829,0.0476190476190476,0.0839767479896545,0.0019488710272555,50,4,0.4412148594856262,0.3079105019569397,NONLINEAR_ENCODING
lstm,I_GABA_B,1,tier1_identifiable,150.0,0,ridge,0.6192501306533813,0.6010017156600952,0.0182484149932861,0.0917959111928939,0.0476190476190476,0.5274542194604873,0.0016377370207256,1500,500,0.7875704169273376,0.7764775156974792,STRUCTURAL
lstm,I_GABA_B,1,tier1_identifiable,150.0,0,mlp_1,0.4905630052089691,0.2731263637542724,0.2174366414546966,0.0917959111928939,0.0476190476190476,0.5274542194604873,0.0016377370207256,1500,500,0.713291347026825,0.6081104874610901,NONLINEAR_ENCODING
lstm,I_GABA_B,1,tier1_identifiable,150.0,0,mlp_2,0.598764955997467,0.5021543502807617,0.0966106057167053,0.0917959111928939,0.0476190476190476,0.5274542194604873,0.0016377370207256,1500,500,0.7750378847122192,0.7109655737876892,NONLINEAR_ENCODING
lstm,I_GABA_B,1,tier1_identifiable,150.0,1,ridge,0.6277886629104614,0.6327118277549744,-0.0049231648445129,0.1055148667097092,0.0476190476190476,0.5222737962007522,0.0029570343721388,1500,500,0.7921839356422424,0.7952762842178345,STRUCTURAL
lstm,I_GABA_B,1,tier1_identifiable,150.0,1,mlp_1,0.4893572330474853,0.2004351317882537,0.2889221012592315,0.1055148667097092,0.0476190476190476,0.5222737962007522,0.0029570343721388,1500,500,0.7061691880226135,0.5789958238601685,NONLINEAR_ENCODING
lstm,I_GABA_B,1,tier1_identifiable,150.0,1,mlp_2,0.6027205586433411,0.5178101062774658,0.0849104523658752,0.1055148667097092,0.0476190476190476,0.5222737962007522,0.0029570343721388,1500,500,0.7775271534919739,0.7203725576400757,NONLINEAR_ENCODING
lstm,I_GABA_B,1,tier1_identifiable,150.0,2,ridge,0.5793959021568298,0.5734578132629394,0.0059380888938903,0.0828387182950973,0.0476190476190476,0.4965571838617325,0.002784247473688,1500,500,0.7625077962875366,0.7586030960083008,STRUCTURAL
lstm,I_GABA_B,1,tier1_identifiable,150.0,2,mlp_1,0.4182871282100677,0.2440371960401535,0.1742499321699142,0.0828387182950973,0.0476190476190476,0.4965571838617325,0.002784247473688,1500,500,0.6607761979103088,0.5877900123596191,NONLINEAR_ENCODING
lstm,I_GABA_B,1,tier1_identifiable,150.0,2,mlp_2,0.5502800941467285,0.4777936041355133,0.0724864900112152,0.0828387182950973,0.0476190476190476,0.4965571838617325,0.002784247473688,1500,500,0.744064450263977,0.692943274974823,NONLINEAR_ENCODING
lstm,I_GABA_B,1,tier1_identifiable,150.0,3,ridge,0.6328967332839965,0.6411986112594604,-0.0083018779754638,0.1034978729486466,0.0476190476190476,0.5293988603353499,0.0025409507875446,1500,500,0.7957244515419006,0.8011746406555176,STRUCTURAL
lstm,I_GABA_B,1,tier1_identifiable,150.0,3,mlp_1,0.4713718295097351,0.2127426415681839,0.2586291879415512,0.1034978729486466,0.0476190476190476,0.5293988603353499,0.0025409507875446,1500,500,0.694146990776062,0.582003653049469,NONLINEAR_ENCODING
lstm,I_GABA_B,1,tier1_identifiable,150.0,3,mlp_2,0.594601035118103,0.5141424536705017,0.0804585814476013,0.1034978729486466,0.0476190476190476,0.5293988603353499,0.0025409507875446,1500,500,0.7734125256538391,0.7173962593078613,NONLINEAR_ENCODING
lstm,I_GABA_B,1,tier1_identifiable,150.0,4,ridge,0.6473888278007507,0.6620191335678101,-0.0146303057670593,0.0961602258682249,0.0476190476190476,0.5512286019325258,0.0029801957242955,1500,500,0.8048807382583618,0.8137351870536804,STRUCTURAL
lstm,I_GABA_B,1,tier1_identifiable,150.0,4,mlp_1,0.4778253138065338,0.2163484096527099,0.2614769041538238,0.0961602258682249,0.0476190476190476,0.5512286019325258,0.0029801957242955,1500,500,0.7078222632408142,0.5976589918136597,NONLINEAR_ENCODING
lstm,I_GABA_B,1,tier1_identifiable,150.0,4,mlp_2,0.6167858839035034,0.556294858455658,0.0604910254478454,0.0961602258682249,0.0476190476190476,0.5512286019325258,0.0029801957242955,1500,500,0.7869051694869995,0.7465437650680542,NONLINEAR_ENCODING
lstm,tc_m_T,2,tier2_individual_gates,1.0,0,ridge,0.6213829040527343,0.5649149537086486,0.0564679503440856,0.6004408276081085,0.0476190476190476,0.0209420764446258,0.0014366751847487,50,13,0.7886632084846497,0.7520241141319275,LINEAR_ENCODING
lstm,tc_m_T,2,tier2_individual_gates,1.0,0,mlp_1,0.6907667517662048,0.5731712579727173,0.1175954937934875,0.6004408276081085,0.0476190476190476,0.0209420764446258,0.0014366751847487,50,13,0.8321899175643921,0.7719125747680664,NONLINEAR_ENCODING
lstm,tc_m_T,2,tier2_individual_gates,1.0,0,mlp_2,0.699000358581543,0.6247910261154175,0.0742093324661254,0.6004408276081085,0.0476190476190476,0.0209420764446258,0.0014366751847487,50,13,0.8396827578544617,0.8057234883308411,NONLINEAR_ENCODING
lstm,tc_m_T,2,tier2_individual_gates,1.0,1,ridge,0.5233057498931885,0.5366990327835083,-0.0133932828903198,0.5016115969419479,0.0476190476190476,0.0216941529512405,0.0012224438550314,50,13,0.7243900895118713,0.7331686615943909,STRUCTURAL
lstm,tc_m_T,2,tier2_individual_gates,1.0,1,mlp_1,0.6360307931900024,0.5139930248260498,0.1220377683639526,0.5016115969419479,0.0476190476190476,0.0216941529512405,0.0012224438550314,50,13,0.799707293510437,0.7308306694030762,NONLINEAR_ENCODING
lstm,tc_m_T,2,tier2_individual_gates,1.0,1,mlp_2,0.6468440890312195,0.5740371942520142,0.0728068947792053,0.5016115969419479,0.0476190476190476,0.0216941529512405,0.0012224438550314,50,13,0.811701774597168,0.7735316157341003,NONLINEAR_ENCODING
lstm,tc_m_T,2,tier2_individual_gates,1.0,2,ridge,0.5032077074050904,0.5451602578163147,-0.0419525504112243,0.4828470623493194,0.0476190476190476,0.0203606450557708,0.0013243102955538,50,13,0.7102928161621094,0.7387597560882568,STRUCTURAL
lstm,tc_m_T,2,tier2_individual_gates,1.0,2,mlp_1,0.6257511973381042,0.5223357677459717,0.1034154295921325,0.4828470623493194,0.0476190476190476,0.0203606450557708,0.0013243102955538,50,13,0.7935034036636353,0.7336767315864563,NONLINEAR_ENCODING
lstm,tc_m_T,2,tier2_individual_gates,1.0,2,mlp_2,0.6306571960449219,0.5634317398071289,0.0672254562377929,0.4828470623493194,0.0476190476190476,0.0203606450557708,0.0013243102955538,50,13,0.7993862628936768,0.7594012022018433,NONLINEAR_ENCODING
lstm,tc_m_T,2,tier2_individual_gates,1.0,3,ridge,0.4958686828613281,0.525747561454773,-0.0298788785934448,0.4711579692363739,0.0476190476190476,0.0247107136249542,0.001374898973684,50,14,0.704681396484375,0.7257058024406433,STRUCTURAL
lstm,tc_m_T,2,tier2_individual_gates,1.0,3,mlp_1,0.6385229825973511,0.5221604108810425,0.1163625717163086,0.4711579692363739,0.0476190476190476,0.0247107136249542,0.001374898973684,50,14,0.8017461895942688,0.7360073328018188,NONLINEAR_ENCODING
lstm,tc_m_T,2,tier2_individual_gates,1.0,3,mlp_2,0.6557766795158386,0.5831869840621948,0.0725896954536438,0.4711579692363739,0.0476190476190476,0.0247107136249542,0.001374898973684,50,14,0.8156538009643555,0.7772831916809082,NONLINEAR_ENCODING
lstm,tc_m_T,2,tier2_individual_gates,1.0,4,ridge,0.5146990537643432,0.532256543636322,-0.0175574898719788,0.4887059891223907,0.0476190476190476,0.0259930646419525,0.0014402057184954,50,14,0.7183467745780945,0.7306045889854431,STRUCTURAL
lstm,tc_m_T,2,tier2_individual_gates,1.0,4,mlp_1,0.6279663443565369,0.5167762637138367,0.1111900806427002,0.4887059891223907,0.0476190476190476,0.0259930646419525,0.0014402057184954,50,14,0.7945221066474915,0.7304694056510925,NONLINEAR_ENCODING
lstm,tc_m_T,2,tier2_individual_gates,1.0,4,mlp_2,0.6387137174606323,0.5806867480278015,0.0580269694328308,0.4887059891223907,0.0476190476190476,0.0259930646419525,0.0014402057184954,50,14,0.8034248352050781,0.777044415473938,NONLINEAR_ENCODING
lstm,tc_h_T,2,tier2_individual_gates,20.0,0,ridge,0.7911530494689941,0.6890786290168762,0.1020744204521179,0.6244769769906997,0.0476190476190476,0.1666760724782943,0.0035639940954111,96,32,0.889794647693634,0.8309524655342102,LINEAR_ENCODING
lstm,tc_h_T,2,tier2_individual_gates,20.0,0,mlp_1,0.8687005043029785,0.7193170785903931,0.1493834257125854,0.6244769769906997,0.0476190476190476,0.1666760724782943,0.0035639940954111,96,32,0.9330121278762816,0.8669098019599915,NONLINEAR_ENCODING
lstm,tc_h_T,2,tier2_individual_gates,20.0,0,mlp_2,0.8466548919677734,0.785275936126709,0.0613789558410644,0.6244769769906997,0.0476190476190476,0.1666760724782943,0.0035639940954111,96,32,0.9361709356307985,0.9095295667648317,NONLINEAR_ENCODING
lstm,tc_h_T,2,tier2_individual_gates,20.0,1,ridge,0.746345865726471,0.7519817352294922,-0.0056358695030211,0.5980358189344406,0.0476190476190476,0.1483100467920303,0.0022076273838292,102,34,0.8643814325332642,0.8685920834541321,STRUCTURAL
lstm,tc_h_T,2,tier2_individual_gates,20.0,1,mlp_1,0.851354718208313,0.7472074031829834,0.1041473150253295,0.5980358189344406,0.0476190476190476,0.1483100467920303,0.0022076273838292,102,34,0.9253436326980592,0.8794299960136414,NONLINEAR_ENCODING
lstm,tc_h_T,2,tier2_individual_gates,20.0,1,mlp_2,0.8522230386734009,0.7782869338989258,0.0739361047744751,0.5980358189344406,0.0476190476190476,0.1483100467920303,0.0022076273838292,102,34,0.9311731457710266,0.9023842811584472,NONLINEAR_ENCODING
lstm,tc_h_T,2,tier2_individual_gates,20.0,2,ridge,0.7185706377029419,0.6947900056838989,0.023780632019043,0.5679861724376678,0.0476190476190476,0.150584465265274,0.0027895421694214,99,33,0.8478067517280579,0.8340474367141724,STRUCTURAL
lstm,tc_h_T,2,tier2_individual_gates,20.0,2,mlp_1,0.815997302532196,0.6569994688034058,0.1589978337287902,0.5679861724376678,0.0476190476190476,0.150584465265274,0.0027895421694214,99,33,0.9054072499275208,0.8335477709770203,NONLINEAR_ENCODING
lstm,tc_h_T,2,tier2_individual_gates,20.0,2,mlp_2,0.8147689700126648,0.744382917881012,0.0703860521316528,0.5679861724376678,0.0476190476190476,0.150584465265274,0.0027895421694214,99,33,0.9113272428512572,0.8970409631729126,NONLINEAR_ENCODING
lstm,tc_h_T,2,tier2_individual_gates,20.0,3,ridge,0.7177718162536622,0.7003966450691224,0.0173751711845397,0.5459870767593384,0.0476190476190476,0.1717847394943237,0.0036687798426764,96,32,0.8476912379264832,0.8385047912597656,STRUCTURAL
lstm,tc_h_T,2,tier2_individual_gates,20.0,3,mlp_1,0.8511124849319458,0.727359414100647,0.1237530708312988,0.5459870767593384,0.0476190476190476,0.1717847394943237,0.0036687798426764,96,32,0.924884021282196,0.8703699111938477,NONLINEAR_ENCODING
lstm,tc_h_T,2,tier2_individual_gates,20.0,3,mlp_2,0.8403620719909668,0.8049423098564148,0.035419762134552,0.5459870767593384,0.0476190476190476,0.1717847394943237,0.0036687798426764,96,32,0.9297378659248352,0.9112923741340636,STRUCTURAL
lstm,tc_h_T,2,tier2_individual_gates,20.0,4,ridge,0.7706158757209778,0.7434314370155335,0.0271844387054442,0.5968210923671722,0.0476190476190476,0.1737947833538055,0.0039192800676376,120,40,0.8779244422912598,0.8629466891288757,STRUCTURAL
lstm,tc_h_T,2,tier2_individual_gates,20.0,4,mlp_1,0.8607088327407837,0.7259711027145386,0.1347377300262451,0.5968210923671722,0.0476190476190476,0.1737947833538055,0.0039192800676376,120,40,0.9301217198371888,0.8649598956108093,NONLINEAR_ENCODING
lstm,tc_h_T,2,tier2_individual_gates,20.0,4,mlp_2,0.8595839738845825,0.7852441072463989,0.0743398666381836,0.5968210923671722,0.0476190476190476,0.1737947833538055,0.0039192800676376,120,40,0.937960922718048,0.9065120816230774,NONLINEAR_ENCODING
lstm,tc_m_h,2,tier2_individual_gates,100.0,0,ridge,0.6333564996719361,0.5859934210777282,0.0473630785942078,0.5036296200752259,0.0476190476190476,0.1297268795967102,0.0033608383231592,87,29,0.7964473366737366,0.7661895155906677,STRUCTURAL
lstm,tc_m_h,2,tier2_individual_gates,100.0,0,mlp_1,0.739022970199585,0.6045588254928589,0.134464144706726,0.5036296200752259,0.0476190476190476,0.1297268795967102,0.0033608383231592,87,29,0.8610936403274536,0.7933964133262634,NONLINEAR_ENCODING
lstm,tc_m_h,2,tier2_individual_gates,100.0,0,mlp_2,0.73448246717453,0.6650135517120361,0.0694689154624939,0.5036296200752259,0.0476190476190476,0.1297268795967102,0.0033608383231592,87,29,0.8701046109199524,0.8385303616523743,NONLINEAR_ENCODING
lstm,tc_m_h,2,tier2_individual_gates,100.0,1,ridge,0.6014307379722595,0.5875361800193787,0.0138945579528808,0.4878635865449905,0.0476190476190476,0.1135671514272689,0.0026909619381767,90,30,0.7763367891311646,0.7687490582466125,STRUCTURAL
lstm,tc_m_h,2,tier2_individual_gates,100.0,1,mlp_1,0.712470531463623,0.5861343145370483,0.1263362169265747,0.4878635865449905,0.0476190476190476,0.1135671514272689,0.0026909619381767,90,30,0.8467025756835938,0.7816087007522583,NONLINEAR_ENCODING
lstm,tc_m_h,2,tier2_individual_gates,100.0,1,mlp_2,0.7078396081924438,0.639636218547821,0.0682033896446228,0.4878635865449905,0.0476190476190476,0.1135671514272689,0.0026909619381767,90,30,0.8563544154167175,0.8213399052619934,NONLINEAR_ENCODING
lstm,tc_m_h,2,tier2_individual_gates,100.0,2,ridge,0.558037281036377,0.5460851669311524,0.0119521141052245,0.4492836773395538,0.0476190476190476,0.1087536036968231,0.0025672042648241,84,28,0.7475471496582031,0.7396211624145508,STRUCTURAL
lstm,tc_m_h,2,tier2_individual_gates,100.0,2,mlp_1,0.655951738357544,0.5091904401779175,0.1467612981796264,0.4492836773395538,0.0476190476190476,0.1087536036968231,0.0025672042648241,84,28,0.8128867149353027,0.7330247759819031,NONLINEAR_ENCODING
lstm,tc_m_h,2,tier2_individual_gates,100.0,2,mlp_2,0.656927764415741,0.6057857275009155,0.0511420369148254,0.4492836773395538,0.0476190476190476,0.1087536036968231,0.0025672042648241,84,28,0.8228669166564941,0.7997654676437378,NONLINEAR_ENCODING
lstm,tc_m_h,2,tier2_individual_gates,100.0,3,ridge,0.5756144523620605,0.5553529500961304,0.0202615022659301,0.4483060079813004,0.0476190476190476,0.1273084443807601,0.0032725616486669,87,29,0.7599996328353882,0.7483839988708496,STRUCTURAL
lstm,tc_m_h,2,tier2_individual_gates,100.0,3,mlp_1,0.7078822255134583,0.5727430582046509,0.1351391673088073,0.4483060079813004,0.0476190476190476,0.1273084443807601,0.0032725616486669,87,29,0.8439135551452637,0.7730981111526489,NONLINEAR_ENCODING
lstm,tc_m_h,2,tier2_individual_gates,100.0,3,mlp_2,0.7141948938369751,0.6140848994255066,0.1001099944114685,0.4483060079813004,0.0476190476190476,0.1273084443807601,0.0032725616486669,87,29,0.8535369038581848,0.8111942410469055,NONLINEAR_ENCODING
lstm,tc_m_h,2,tier2_individual_gates,100.0,4,ridge,0.6188605189323425,0.5956259489059448,0.0232345700263977,0.4760781985521316,0.0476190476190476,0.1427823203802108,0.0025981613329923,105,35,0.7870492339134216,0.7724725008010864,STRUCTURAL
lstm,tc_m_h,2,tier2_individual_gates,100.0,4,mlp_1,0.7157586216926575,0.5966091752052307,0.1191494464874267,0.4760781985521316,0.0476190476190476,0.1427823203802108,0.0025981613329923,105,35,0.8485579490661621,0.7845392823219299,NONLINEAR_ENCODING
lstm,tc_m_h,2,tier2_individual_gates,100.0,4,mlp_2,0.7212563753128052,0.6716326475143433,0.0496237277984619,0.4760781985521316,0.0476190476190476,0.1427823203802108,0.0025981613329923,105,35,0.8562765121459961,0.832663357257843,STRUCTURAL
lstm,tc_m_T_zscore,3,tier3_shape_normalized,1.0,0,ridge,0.6154937028884888,0.5583187699317932,0.0571749329566956,0.6156304496526719,0.0476190476190476,-0.000136746764183,0.0004982846382554,50,13,0.7848583459854126,0.747587263584137,LINEAR_ENCODING
lstm,tc_m_T_zscore,3,tier3_shape_normalized,1.0,0,mlp_1,0.6890383958816528,0.5961723327636719,0.0928660631179809,0.6156304496526719,0.0476190476190476,-0.000136746764183,0.0004982846382554,50,13,0.8306843638420105,0.7825570702552795,NONLINEAR_ENCODING
lstm,tc_m_T_zscore,3,tier3_shape_normalized,1.0,0,mlp_2,0.7026512622833252,0.6631006598472595,0.0395506024360656,0.6156304496526719,0.0476190476190476,-0.000136746764183,0.0004982846382554,50,13,0.8391293287277222,0.8214573860168457,STRUCTURAL
lstm,tc_m_T_zscore,3,tier3_shape_normalized,1.0,1,ridge,0.5089214682579041,0.523270559310913,-0.0143490910530089,0.5093369925022125,0.0476190476190476,-0.0004155242443084,0.0004088095298193,50,13,0.7144160270690918,0.7240431904792786,STRUCTURAL
lstm,tc_m_T_zscore,3,tier3_shape_normalized,1.0,1,mlp_1,0.6372658014297485,0.5512086749076843,0.0860571265220642,0.5093369925022125,0.0476190476190476,-0.0004155242443084,0.0004088095298193,50,13,0.7998086810112,0.7517598271369934,NONLINEAR_ENCODING
lstm,tc_m_T_zscore,3,tier3_shape_normalized,1.0,1,mlp_2,0.6577343344688416,0.6168564558029175,0.040877878665924,0.5093369925022125,0.0476190476190476,-0.0004155242443084,0.0004088095298193,50,13,0.8125380277633667,0.7926399111747742,STRUCTURAL
lstm,tc_m_T_zscore,3,tier3_shape_normalized,1.0,2,ridge,0.4945225596427917,0.5376707792282105,-0.0431482195854187,0.4945531547069549,0.0476190476190476,-3.0595064163208005e-05,0.0004044024102451,50,13,0.7042824029922485,0.7337778806686401,STRUCTURAL
lstm,tc_m_T_zscore,3,tier3_shape_normalized,1.0,2,mlp_1,0.6279290914535522,0.5504173040390015,0.0775117874145507,0.4945531547069549,0.0476190476190476,-3.0595064163208005e-05,0.0004044024102451,50,13,0.7938232421875,0.7494232058525085,NONLINEAR_ENCODING
lstm,tc_m_T_zscore,3,tier3_shape_normalized,1.0,2,mlp_2,0.6456355452537537,0.606407105922699,0.0392284393310546,0.4945531547069549,0.0476190476190476,-3.0595064163208005e-05,0.0004044024102451,50,13,0.8045809864997864,0.7872406244277954,STRUCTURAL
lstm,tc_m_T_zscore,3,tier3_shape_normalized,1.0,3,ridge,0.4762574911117553,0.5120359182357788,-0.0357784271240234,0.4767197173833847,0.0476190476190476,-0.0004622262716293,0.0002442884370926,50,13,0.6908217668533325,0.7162524461746216,STRUCTURAL
lstm,tc_m_T_zscore,3,tier3_shape_normalized,1.0,3,mlp_1,0.6400633454322815,0.5527711510658264,0.087292194366455,0.4767197173833847,0.0476190476190476,-0.0004622262716293,0.0002442884370926,50,13,0.8017381429672241,0.7534171342849731,NONLINEAR_ENCODING
lstm,tc_m_T_zscore,3,tier3_shape_normalized,1.0,3,mlp_2,0.6605387926101685,0.6164473295211792,0.0440914630889892,0.4767197173833847,0.0476190476190476,-0.0004622262716293,0.0002442884370926,50,13,0.813967227935791,0.7939857244491577,STRUCTURAL
lstm,tc_m_T_zscore,3,tier3_shape_normalized,1.0,4,ridge,0.5025148987770081,0.5206454396247864,-0.0181305408477783,0.5022989785671235,0.0476190476190476,0.0002159202098846,0.0008757111410053,50,14,0.7098121047019958,0.7225865125656128,STRUCTURAL
lstm,tc_m_T_zscore,3,tier3_shape_normalized,1.0,4,mlp_1,0.6328116655349731,0.5460537672042847,0.0867578983306884,0.5022989785671235,0.0476190476190476,0.0002159202098846,0.0008757111410053,50,14,0.7968547940254211,0.7470088005065918,NONLINEAR_ENCODING
lstm,tc_m_T_zscore,3,tier3_shape_normalized,1.0,4,mlp_2,0.6515297889709473,0.6016722321510315,0.0498575568199157,0.5022989785671235,0.0476190476190476,0.0002159202098846,0.0008757111410053,50,14,0.8082979321479797,0.7843142747879028,STRUCTURAL
lstm,tc_h_T_zscore,3,tier3_shape_normalized,20.0,0,ridge,0.7751989245414734,0.7011861801147461,0.0740127444267273,0.7735105985403061,0.0476190476190476,0.0016883260011672,0.0008721977398729,81,27,0.8806627988815308,0.8375822901725769,LINEAR_ENCODING
lstm,tc_h_T_zscore,3,tier3_shape_normalized,20.0,0,mlp_1,0.8696357607841492,0.7859442234039307,0.0836915373802185,0.7735105985403061,0.0476190476190476,0.0016883260011672,0.0008721977398729,81,27,0.9334219694137572,0.9007840156555176,NONLINEAR_ENCODING
lstm,tc_h_T_zscore,3,tier3_shape_normalized,20.0,0,mlp_2,0.8771871328353882,0.8574796915054321,0.019707441329956,0.7735105985403061,0.0476190476190476,0.0016883260011672,0.0008721977398729,81,27,0.9383678436279296,0.9333202242851256,STRUCTURAL
lstm,tc_h_T_zscore,3,tier3_shape_normalized,20.0,1,ridge,0.6951011419296265,0.7360529065132141,-0.0409517645835876,0.6866882377862931,0.0476190476190476,0.0084129041433334,0.0013508664171187,87,29,0.8340795636177063,0.8581608533859253,STRUCTURAL
lstm,tc_h_T_zscore,3,tier3_shape_normalized,20.0,1,mlp_1,0.8495977520942688,0.8003719449043274,0.0492258071899414,0.6866882377862931,0.0476190476190476,0.0084129041433334,0.0013508664171187,87,29,0.923703670501709,0.904858946800232,STRUCTURAL
lstm,tc_h_T_zscore,3,tier3_shape_normalized,20.0,1,mlp_2,0.8688632249832153,0.8604773283004761,0.0083858966827392,0.6866882377862931,0.0476190476190476,0.0084129041433334,0.0013508664171187,87,29,0.9344491958618164,0.9336600303649902,STRUCTURAL
lstm,tc_h_T_zscore,3,tier3_shape_normalized,20.0,2,ridge,0.6627938985824585,0.702321183681488,-0.0395272850990294,0.6597498351335526,0.0476190476190476,0.0030440634489059,0.0009625868415509,84,28,0.8147215843200684,0.8381853103637695,STRUCTURAL
lstm,tc_h_T_zscore,3,tier3_shape_normalized,20.0,2,mlp_1,0.8170567750930786,0.7406371831893921,0.0764195919036865,0.6597498351335526,0.0476190476190476,0.0030440634489059,0.0009625868415509,84,28,0.9057937860488892,0.8792434930801392,NONLINEAR_ENCODING
lstm,tc_h_T_zscore,3,tier3_shape_normalized,20.0,2,mlp_2,0.831222653388977,0.8276728391647339,0.0035498142242431,0.6597498351335526,0.0476190476190476,0.0030440634489059,0.0009625868415509,84,28,0.913876175880432,0.9185152053833008,STRUCTURAL
lstm,tc_h_T_zscore,3,tier3_shape_normalized,20.0,3,ridge,0.6481181144714355,0.6890306949615479,-0.0409125804901123,0.6461978298425675,0.0476190476190476,0.0019202846288681,0.0007862381659405,78,26,0.8054431080818176,0.8303348422050476,STRUCTURAL
lstm,tc_h_T_zscore,3,tier3_shape_normalized,20.0,3,mlp_1,0.8451159596443176,0.7708184123039246,0.074297547340393,0.6461978298425675,0.0476190476190476,0.0019202846288681,0.0007862381659405,78,26,0.921356201171875,0.8918140530586243,NONLINEAR_ENCODING
lstm,tc_h_T_zscore,3,tier3_shape_normalized,20.0,3,mlp_2,0.8630114793777466,0.8396221399307251,0.0233893394470214,0.6461978298425675,0.0476190476190476,0.0019202846288681,0.0007862381659405,78,26,0.9313974380493164,0.924658477306366,STRUCTURAL
lstm,tc_h_T_zscore,3,tier3_shape_normalized,20.0,4,ridge,0.715914273262024,0.7196785688400269,-0.0037642955780029,0.7037176096439361,0.0476190476190476,0.0121966636180877,0.0016193286800308,99,33,0.846274733543396,0.8484495282173157,STRUCTURAL
lstm,tc_h_T_zscore,3,tier3_shape_normalized,20.0,4,mlp_1,0.8538398742675781,0.7596497535705566,0.0941901206970214,0.7037176096439361,0.0476190476190476,0.0121966636180877,0.0016193286800308,99,33,0.9262240529060364,0.8828926086425781,NONLINEAR_ENCODING
lstm,tc_h_T_zscore,3,tier3_shape_normalized,20.0,4,mlp_2,0.872001051902771,0.8370848894119263,0.0349161624908447,0.7037176096439361,0.0476190476190476,0.0121966636180877,0.0016193286800308,99,33,0.9361146092414856,0.9244983792304992,STRUCTURAL
lstm,tc_m_h_zscore,3,tier3_shape_normalized,100.0,0,ridge,0.6477721214294434,0.6078299045562744,0.039942216873169,0.6479901474714279,0.0476190476190476,-0.0002180260419845,0.0007589759096413,66,22,0.8051575422286987,0.7804009318351746,STRUCTURAL
lstm,tc_m_h_zscore,3,tier3_shape_normalized,100.0,0,mlp_1,0.7608305811882019,0.6511204838752747,0.1097100973129272,0.6479901474714279,0.0476190476190476,-0.0002180260419845,0.0007589759096413,66,22,0.8731614351272583,0.8205836415290833,NONLINEAR_ENCODING
lstm,tc_m_h_zscore,3,tier3_shape_normalized,100.0,0,mlp_2,0.7829833626747131,0.7238737344741821,0.059109628200531,0.6479901474714279,0.0476190476190476,-0.0002180260419845,0.0007589759096413,66,22,0.8865372538566589,0.8605296015739441,NONLINEAR_ENCODING
lstm,tc_m_h_zscore,3,tier3_shape_normalized,100.0,1,ridge,0.5634254813194275,0.5567354202270508,0.0066900610923766,0.5621494752168655,0.0476190476190476,0.0012760061025619,0.0009054528252582,72,24,0.7513343691825867,0.7467219233512878,STRUCTURAL
lstm,tc_m_h_zscore,3,tier3_shape_normalized,100.0,1,mlp_1,0.723486065864563,0.6146961450576782,0.1087899208068847,0.5621494752168655,0.0476190476190476,0.0012760061025619,0.0009054528252582,72,24,0.8526399731636047,0.7967013120651245,NONLINEAR_ENCODING
lstm,tc_m_h_zscore,3,tier3_shape_normalized,100.0,1,mlp_2,0.7493072748184204,0.7118144035339355,0.0374928712844848,0.5621494752168655,0.0476190476190476,0.0012760061025619,0.0009054528252582,72,24,0.8670855760574341,0.8537086248397827,STRUCTURAL
lstm,tc_m_h_zscore,3,tier3_shape_normalized,100.0,2,ridge,0.5269927024841309,0.5624887228012085,-0.0354960203170776,0.5246410709619522,0.0476190476190476,0.0023516315221786,0.0010194432379711,69,23,0.7268624305725098,0.7502493858337402,STRUCTURAL
lstm,tc_m_h_zscore,3,tier3_shape_normalized,100.0,2,mlp_1,0.6958646774291992,0.5928250551223755,0.1030396223068237,0.5246410709619522,0.0476190476190476,0.0023516315221786,0.0010194432379711,69,23,0.8358818292617798,0.7871000170707703,NONLINEAR_ENCODING
lstm,tc_m_h_zscore,3,tier3_shape_normalized,100.0,2,mlp_2,0.7143712639808655,0.6825430989265442,0.0318281650543212,0.5246410709619522,0.0476190476190476,0.0023516315221786,0.0010194432379711,69,23,0.8474555015563965,0.83551424741745,STRUCTURAL
lstm,tc_m_h_zscore,3,tier3_shape_normalized,100.0,3,ridge,0.5201293110847474,0.5391524076461792,-0.0190230965614318,0.5201301354169846,0.0476190476190476,-8.243322372436562e-07,0.0005175780020867,66,22,0.7219904661178589,0.7350603938102722,STRUCTURAL
lstm,tc_m_h_zscore,3,tier3_shape_normalized,100.0,3,mlp_1,0.7080227136611938,0.6158722639083862,0.0921504497528076,0.5201301354169846,0.0476190476190476,-8.243322372436562e-07,0.0005175780020867,66,22,0.8439593315124512,0.7974494695663452,NONLINEAR_ENCODING
lstm,tc_m_h_zscore,3,tier3_shape_normalized,100.0,3,mlp_2,0.7481546998023987,0.691177248954773,0.0569774508476257,0.5201301354169846,0.0476190476190476,-8.243322372436562e-07,0.0005175780020867,66,22,0.866554856300354,0.8412498235702515,NONLINEAR_ENCODING
lstm,tc_m_h_zscore,3,tier3_shape_normalized,100.0,4,ridge,0.5748651146888732,0.561091947555542,0.0137731671333312,0.5727401280403137,0.0476190476190476,0.0021249866485595,0.0011916472537851,81,27,0.7586762309074402,0.7496656179428101,STRUCTURAL
lstm,tc_m_h_zscore,3,tier3_shape_normalized,100.0,4,mlp_1,0.7157942056655884,0.6039323806762695,0.1118618249893188,0.5727401280403137,0.0476190476190476,0.0021249866485595,0.0011916472537851,81,27,0.8478206396102905,0.789233922958374,NONLINEAR_ENCODING
lstm,tc_m_h_zscore,3,tier3_shape_normalized,100.0,4,mlp_2,0.7387285232543945,0.686992347240448,0.0517361760139465,0.5727401280403137,0.0476190476190476,0.0021249866485595,0.0011916472537851,81,27,0.8609228134155273,0.8388703465461731,NONLINEAR_ENCODING
lstm,tc_m_T_rank,3,tier3_shape_normalized,1.0,0,ridge,0.7596847534179687,0.6868523478507995,0.0728324055671691,0.7598172730207443,0.0476190476190476,-0.0001325196027755,0.0004390207107932,51,17,0.8718208074569702,0.8289348483085632,LINEAR_ENCODING
lstm,tc_m_T_rank,3,tier3_shape_normalized,1.0,0,mlp_1,0.8096915483474731,0.665115475654602,0.1445760726928711,0.7598172730207443,0.0476190476190476,-0.0001325196027755,0.0004390207107932,51,17,0.9012039303779602,0.8319920301437378,NONLINEAR_ENCODING
lstm,tc_m_T_rank,3,tier3_shape_normalized,1.0,0,mlp_2,0.7980760335922241,0.7124481797218323,0.0856278538703918,0.7598172730207443,0.0476190476190476,-0.0001325196027755,0.0004390207107932,51,17,0.9011308550834656,0.8638676404953003,NONLINEAR_ENCODING
lstm,tc_m_T_rank,3,tier3_shape_normalized,1.0,1,ridge,0.6731204986572266,0.6898023366928101,-0.0166818380355835,0.6732639193534851,0.0476190476190476,-0.0001434206962585,0.0006209998908508,51,17,0.8208267092704773,0.8307386636734009,STRUCTURAL
lstm,tc_m_T_rank,3,tier3_shape_normalized,1.0,1,mlp_1,0.7683678865432739,0.6734548211097717,0.0949130654335022,0.6732639193534851,0.0476190476190476,-0.0001434206962585,0.0006209998908508,51,17,0.8795572519302368,0.8342479467391968,NONLINEAR_ENCODING
lstm,tc_m_T_rank,3,tier3_shape_normalized,1.0,1,mlp_2,0.7640211582183838,0.6760169267654419,0.0880042314529419,0.6732639193534851,0.0476190476190476,-0.0001434206962585,0.0006209998908508,51,17,0.8837111592292786,0.8405359983444214,NONLINEAR_ENCODING
lstm,tc_m_T_rank,3,tier3_shape_normalized,1.0,2,ridge,0.6591289401054382,0.6985206246376038,-0.0393916845321655,0.6596024107933044,0.0476190476190476,-0.0004734706878662,0.0003108550811065,51,17,0.8121294975280762,0.8358626365661621,STRUCTURAL
lstm,tc_m_T_rank,3,tier3_shape_normalized,1.0,2,mlp_1,0.7715135216712952,0.6610983610153198,0.1104151606559753,0.6596024107933044,0.0476190476190476,-0.0004734706878662,0.0003108550811065,51,17,0.8815576434135437,0.8281896710395813,NONLINEAR_ENCODING
lstm,tc_m_T_rank,3,tier3_shape_normalized,1.0,2,mlp_2,0.7643362283706665,0.6914759278297424,0.072860300540924,0.6596024107933044,0.0476190476190476,-0.0004734706878662,0.0003108550811065,51,17,0.8832474946975708,0.847521185874939,NONLINEAR_ENCODING
lstm,tc_m_T_rank,3,tier3_shape_normalized,1.0,3,ridge,0.6072246789932251,0.6566265940666198,-0.0494019150733947,0.6076054710149765,0.0476190476190476,-0.0003807920217514,0.0002742137757166,51,17,0.7796090841293335,0.8106595277786255,STRUCTURAL
lstm,tc_m_T_rank,3,tier3_shape_normalized,1.0,3,mlp_1,0.7444823384284973,0.6133624315261841,0.1311199069023132,0.6076054710149765,0.0476190476190476,-0.0003807920217514,0.0002742137757166,51,17,0.8669067621231079,0.8027409315109253,NONLINEAR_ENCODING
lstm,tc_m_T_rank,3,tier3_shape_normalized,1.0,3,mlp_2,0.7489212155342102,0.6457666158676147,0.1031545996665954,0.6076054710149765,0.0476190476190476,-0.0003807920217514,0.0002742137757166,51,17,0.873884379863739,0.8262227177619934,NONLINEAR_ENCODING
lstm,tc_m_T_rank,3,tier3_shape_normalized,1.0,4,ridge,0.6699047565460206,0.7046883225440979,-0.0347835659980773,0.6688446766138078,0.0476190476190476,0.0010600799322128,0.0008300008055537,54,18,0.8189353942871094,0.8398492932319641,STRUCTURAL
lstm,tc_m_T_rank,3,tier3_shape_normalized,1.0,4,mlp_1,0.7873381972312927,0.6709809303283691,0.1163572669029235,0.6688446766138078,0.0476190476190476,0.0010600799322128,0.0008300008055537,54,18,0.8903555870056152,0.8345037698745728,NONLINEAR_ENCODING
lstm,tc_m_T_rank,3,tier3_shape_normalized,1.0,4,mlp_2,0.7861796617507935,0.6768165230751038,0.1093631386756897,0.6688446766138078,0.0476190476190476,0.0010600799322128,0.0008300008055537,54,18,0.8951255679130554,0.8384652137756348,NONLINEAR_ENCODING
lstm,tc_h_T_rank,3,tier3_shape_normalized,20.0,0,ridge,0.7307411074638367,0.6459104537963867,0.08483065366745,0.7303349924087524,0.0476190476190476,0.0004061150550842,0.0005151823333156,75,25,0.8551006317138672,0.803911566734314,LINEAR_ENCODING
lstm,tc_h_T_rank,3,tier3_shape_normalized,20.0,0,mlp_1,0.8045440912246704,0.6895006895065308,0.1150434017181396,0.7303349924087524,0.0476190476190476,0.0004061150550842,0.0005151823333156,75,25,0.8989845514297485,0.850771427154541,NONLINEAR_ENCODING
lstm,tc_h_T_rank,3,tier3_shape_normalized,20.0,0,mlp_2,0.7971958518028259,0.6813545227050781,0.1158413290977478,0.7303349924087524,0.0476190476190476,0.0004061150550842,0.0005151823333156,75,25,0.9010502099990844,0.8501397967338562,NONLINEAR_ENCODING
lstm,tc_h_T_rank,3,tier3_shape_normalized,20.0,1,ridge,0.6519814848899841,0.6929145932197571,-0.040933108329773,0.6514306986331939,0.0476190476190476,0.0005507862567901,0.0007993716902375,75,25,0.8078188896179199,0.8327897787094116,STRUCTURAL
lstm,tc_h_T_rank,3,tier3_shape_normalized,20.0,1,mlp_1,0.7727315425872803,0.6727465391159058,0.0999850034713745,0.6514306986331939,0.0476190476190476,0.0005507862567901,0.0007993716902375,75,25,0.8815800547599792,0.8371956944465637,NONLINEAR_ENCODING
lstm,tc_h_T_rank,3,tier3_shape_normalized,20.0,1,mlp_2,0.7696654200553894,0.6797437071800232,0.0899217128753662,0.6514306986331939,0.0476190476190476,0.0005507862567901,0.0007993716902375,75,25,0.8849321603775024,0.8429886698722839,NONLINEAR_ENCODING
lstm,tc_h_T_rank,3,tier3_shape_normalized,20.0,2,ridge,0.6368991136550903,0.6585636734962463,-0.021664559841156,0.6356458324193954,0.0476190476190476,0.0012532812356948,0.0008577072534764,75,25,0.798498272895813,0.8115557432174683,STRUCTURAL
lstm,tc_h_T_rank,3,tier3_shape_normalized,20.0,2,mlp_1,0.7307220697402954,0.6034512519836426,0.1272708177566528,0.6356458324193954,0.0476190476190476,0.0012532812356948,0.0008577072534764,75,25,0.8583971261978149,0.8012768030166626,NONLINEAR_ENCODING
lstm,tc_h_T_rank,3,tier3_shape_normalized,20.0,2,mlp_2,0.7348046898841858,0.6172510981559753,0.1175535917282104,0.6356458324193954,0.0476190476190476,0.0012532812356948,0.0008577072534764,75,25,0.8644229769706726,0.8140720129013062,NONLINEAR_ENCODING
lstm,tc_h_T_rank,3,tier3_shape_normalized,20.0,3,ridge,0.6252589464187622,0.6409224152565003,-0.015663468837738,0.6249642938375474,0.0476190476190476,0.0002946525812149,0.000657358552515,72,24,0.7910209894180298,0.800986111164093,STRUCTURAL
lstm,tc_h_T_rank,3,tier3_shape_normalized,20.0,3,mlp_1,0.7487358450889587,0.6305103302001953,0.1182255148887634,0.6249642938375474,0.0476190476190476,0.0002946525812149,0.000657358552515,72,24,0.8694359064102173,0.8174507021903992,NONLINEAR_ENCODING
lstm,tc_h_T_rank,3,tier3_shape_normalized,20.0,3,mlp_2,0.7507857084274292,0.681290864944458,0.0694948434829711,0.6249642938375474,0.0476190476190476,0.0002946525812149,0.000657358552515,72,24,0.8753987550735474,0.8505939245223999,NONLINEAR_ENCODING
lstm,tc_h_T_rank,3,tier3_shape_normalized,20.0,4,ridge,0.6571180105209351,0.6660739064216614,-0.0089558959007263,0.6542083770036697,0.0476190476190476,0.0029096335172653,0.0013535987204699,81,27,0.8107183575630188,0.8163257837295532,STRUCTURAL
lstm,tc_h_T_rank,3,tier3_shape_normalized,20.0,4,mlp_1,0.7772167921066284,0.6616338491439819,0.1155829429626464,0.6542083770036697,0.0476190476190476,0.0029096335172653,0.0013535987204699,81,27,0.8852896690368652,0.8312681913375854,NONLINEAR_ENCODING
lstm,tc_h_T_rank,3,tier3_shape_normalized,20.0,4,mlp_2,0.7708603143692017,0.6675677299499512,0.1032925844192504,0.6542083770036697,0.0476190476190476,0.0029096335172653,0.0013535987204699,81,27,0.8880417943000793,0.8421849012374878,NONLINEAR_ENCODING
lstm,tc_m_h_rank,3,tier3_shape_normalized,100.0,0,ridge,0.637675428390503,0.579963207244873,0.0577122211456299,0.637667384147644,0.0476190476190476,8.044242858886724e-06,0.0004625492004372,54,18,0.798905611038208,0.7620563507080078,LINEAR_ENCODING
lstm,tc_m_h_rank,3,tier3_shape_normalized,100.0,0,mlp_1,0.7258148193359375,0.5619584321975708,0.1638563871383667,0.637667384147644,0.0476190476190476,8.044242858886724e-06,0.0004625492004372,54,18,0.8541712760925293,0.7685510516166687,NONLINEAR_ENCODING
lstm,tc_m_h_rank,3,tier3_shape_normalized,100.0,0,mlp_2,0.7148259282112122,0.5739390850067139,0.1408868432044983,0.637667384147644,0.0476190476190476,8.044242858886724e-06,0.0004625492004372,54,18,0.8530190587043762,0.7812796831130981,NONLINEAR_ENCODING
lstm,tc_m_h_rank,3,tier3_shape_normalized,100.0,1,ridge,0.5325025677680969,0.5213496088981628,0.011152958869934,0.5326110935211181,0.0476190476190476,-0.0001085257530212,0.0004899726606348,54,18,0.7304558157920837,0.7228841781616211,STRUCTURAL
lstm,tc_m_h_rank,3,tier3_shape_normalized,100.0,1,mlp_1,0.6493452191352844,0.4964619278907776,0.1528832912445068,0.5326110935211181,0.0476190476190476,-0.0001085257530212,0.0004899726606348,54,18,0.8092191815376282,0.7246540784835815,NONLINEAR_ENCODING
lstm,tc_m_h_rank,3,tier3_shape_normalized,100.0,1,mlp_2,0.6549396514892578,0.5400382876396179,0.1149013638496398,0.5326110935211181,0.0476190476190476,-0.0001085257530212,0.0004899726606348,54,18,0.8179155588150024,0.7599128484725952,NONLINEAR_ENCODING
lstm,tc_m_h_rank,3,tier3_shape_normalized,100.0,2,ridge,0.5083013296127319,0.5416156411170959,-0.033314311504364,0.5088476145267486,0.0476190476190476,-0.0005462849140167,0.0003144392453102,51,17,0.7140159606933594,0.7363005876541138,STRUCTURAL
lstm,tc_m_h_rank,3,tier3_shape_normalized,100.0,2,mlp_1,0.6275112628936768,0.4665922522544861,0.1609190106391906,0.5088476145267486,0.0476190476190476,-0.0005462849140167,0.0003144392453102,51,17,0.7961639761924744,0.7029574513435364,NONLINEAR_ENCODING
lstm,tc_m_h_rank,3,tier3_shape_normalized,100.0,2,mlp_2,0.6294467449188232,0.521205723285675,0.1082410216331482,0.5088476145267486,0.0476190476190476,-0.0005462849140167,0.0003144392453102,51,17,0.8030800819396973,0.7487757205963135,NONLINEAR_ENCODING
lstm,tc_m_h_rank,3,tier3_shape_normalized,100.0,3,ridge,0.4975928544998169,0.4969896435737609,0.0006032109260559,0.4981012398004532,0.0476190476190476,-0.0005083853006362,0.0003729108700861,51,17,0.7061402201652527,0.7059639692306519,STRUCTURAL
lstm,tc_m_h_rank,3,tier3_shape_normalized,100.0,3,mlp_1,0.6388263702392578,0.5023478269577026,0.1364785432815551,0.4981012398004532,0.0476190476190476,-0.0005083853006362,0.0003729108700861,51,17,0.8032265901565552,0.7310068607330322,NONLINEAR_ENCODING
lstm,tc_m_h_rank,3,tier3_shape_normalized,100.0,3,mlp_2,0.6337655186653137,0.5031382441520691,0.1306272745132446,0.4981012398004532,0.0476190476190476,-0.0005083853006362,0.0003729108700861,51,17,0.8053579330444336,0.7383894920349121,NONLINEAR_ENCODING
lstm,tc_m_h_rank,3,tier3_shape_normalized,100.0,4,ridge,0.543297004699707,0.5243611335754395,0.0189358711242675,0.5432644522190093,0.0476190476190476,3.2552480697631835e-05,0.0005719991323182,60,20,0.737621009349823,0.7250241041183472,STRUCTURAL
lstm,tc_m_h_rank,3,tier3_shape_normalized,100.0,4,mlp_1,0.6641124486923218,0.5151289105415344,0.1489835381507873,0.5432644522190093,0.0476190476190476,3.2552480697631835e-05,0.0005719991323182,60,20,0.8189428448677063,0.7370023727416992,NONLINEAR_ENCODING
lstm,tc_m_h_rank,3,tier3_shape_normalized,100.0,4,mlp_2,0.6468878984451294,0.5445955991744995,0.1022922992706298,0.5432644522190093,0.0476190476190476,3.2552480697631835e-05,0.0005719991323182,60,20,0.8158056139945984,0.7632394433021545,NONLINEAR_ENCODING
lstm,gabaa_per_tc,1,existing_synaptic,5.0,0,ridge,0.5679896235466003,0.555529522895813,0.0124601006507872,0.0623966985940933,0.0476190476190476,0.505592924952507,0.0015142157419412,1500,500,0.7537628412246704,0.745802640914917,STRUCTURAL
lstm,gabaa_per_tc,1,existing_synaptic,5.0,0,mlp_1,0.5363323092460632,0.4743699431419372,0.0619623661041259,0.0623966985940933,0.0476190476190476,0.505592924952507,0.0015142157419412,1500,500,0.7335029244422913,0.6889544129371643,NONLINEAR_ENCODING
lstm,gabaa_per_tc,1,existing_synaptic,5.0,0,mlp_2,0.5802930593490601,0.5166952013969421,0.0635978579521179,0.0623966985940933,0.0476190476190476,0.505592924952507,0.0015142157419412,1500,500,0.7630065083503723,0.719376802444458,NONLINEAR_ENCODING
lstm,gabaa_per_tc,1,existing_synaptic,5.0,1,ridge,0.5117839336395263,0.4971964836120605,0.0145874500274658,0.1228039330244064,0.0476190476190476,0.3889800006151199,0.0040615594387781,57,19,0.7154859900474548,0.7049548029899597,STRUCTURAL
lstm,gabaa_per_tc,1,existing_synaptic,5.0,1,mlp_1,0.4858481287956238,0.403574526309967,0.0822736024856567,0.1228039330244064,0.0476190476190476,0.3889800006151199,0.0040615594387781,57,19,0.6975330710411072,0.6359813213348389,NONLINEAR_ENCODING
lstm,gabaa_per_tc,1,existing_synaptic,5.0,1,mlp_2,0.529305100440979,0.4509920179843902,0.0783130824565887,0.1228039330244064,0.0476190476190476,0.3889800006151199,0.0040615594387781,57,19,0.727969765663147,0.6720631718635559,NONLINEAR_ENCODING
lstm,gabaa_per_tc,1,existing_synaptic,5.0,2,ridge,0.4673604965209961,0.4295561790466308,0.0378043174743652,0.1059948337078094,0.0476190476190476,0.3613656628131866,0.0034679861809596,51,17,0.6853563189506531,0.6599770784378052,STRUCTURAL
lstm,gabaa_per_tc,1,existing_synaptic,5.0,2,mlp_1,0.4419950544834137,0.3375828862190246,0.104412168264389,0.1059948337078094,0.0476190476190476,0.3613656628131866,0.0034679861809596,51,17,0.6684437990188599,0.594524085521698,NONLINEAR_ENCODING
lstm,gabaa_per_tc,1,existing_synaptic,5.0,2,mlp_2,0.4939083456993103,0.3964407444000244,0.0974676012992858,0.1059948337078094,0.0476190476190476,0.3613656628131866,0.0034679861809596,51,17,0.7040534019470215,0.6364320516586304,NONLINEAR_ENCODING
lstm,gabaa_per_tc,1,existing_synaptic,5.0,3,ridge,0.476908814907074,0.4640479326248169,0.012860882282257,0.0948876577615737,0.0476190476190476,0.3820211571455002,0.0035087560223941,51,17,0.689685046672821,0.6803032159805298,STRUCTURAL
lstm,gabaa_per_tc,1,existing_synaptic,5.0,3,mlp_1,0.4602959752082824,0.3902875483036041,0.0700084269046783,0.0948876577615737,0.0476190476190476,0.3820211571455002,0.0035087560223941,51,17,0.6769174337387085,0.6240129470825195,NONLINEAR_ENCODING
lstm,gabaa_per_tc,1,existing_synaptic,5.0,3,mlp_2,0.4899197518825531,0.440044641494751,0.0498751103878021,0.0948876577615737,0.0476190476190476,0.3820211571455002,0.0035087560223941,51,17,0.6991084814071655,0.6619536280632019,STRUCTURAL
lstm,gabaa_per_tc,1,existing_synaptic,5.0,4,ridge,0.3551806092262268,0.3464011073112488,0.008779501914978,0.0537754774093627,0.0476190476190476,0.301405131816864,0.0027014893614757,50,5,0.5916464328765869,0.5840618014335632,STRUCTURAL
lstm,gabaa_per_tc,1,existing_synaptic,5.0,4,mlp_1,0.344567596912384,0.3083457052707672,0.0362218916416168,0.0537754774093627,0.0476190476190476,0.301405131816864,0.0027014893614757,50,5,0.5811650156974792,0.5507711172103882,STRUCTURAL
lstm,gabaa_per_tc,1,existing_synaptic,5.0,4,mlp_2,0.3723682165145874,0.332491785287857,0.0398764312267303,0.0537754774093627,0.0476190476190476,0.301405131816864,0.0027014893614757,50,5,0.6038424968719482,0.5710769891738892,STRUCTURAL
lstm,gabab_per_tc,1,existing_synaptic,150.0,0,ridge,0.977844786643982,0.9858163475990296,-0.0079715609550476,0.0047698128223415,0.0476190476190476,0.9730749738216404,0.0003856078883,1500,500,0.9888669848442078,0.9928864240646362,STRUCTURAL
lstm,gabab_per_tc,1,existing_synaptic,150.0,0,mlp_1,0.9777436256408693,0.972603440284729,0.0051401853561401,0.0047698128223415,0.0476190476190476,0.9730749738216404,0.0003856078883,1500,500,0.9898468255996704,0.9867064356803894,STRUCTURAL
lstm,gabab_per_tc,1,existing_synaptic,150.0,0,mlp_2,0.9718528985977172,0.9689787030220032,0.0028741955757141,0.0047698128223415,0.0476190476190476,0.9730749738216404,0.0003856078883,1500,500,0.9898107647895812,0.9870683550834656,STRUCTURAL
lstm,gabab_per_tc,1,existing_synaptic,150.0,1,ridge,0.9768231749534608,0.9841740250587464,-0.0073508501052855,0.0050991129875183,0.0476190476190476,0.9717240619659424,0.0003974978823746,1500,500,0.9883497357368468,0.9920821189880372,STRUCTURAL
lstm,gabab_per_tc,1,existing_synaptic,150.0,1,mlp_1,0.977176547050476,0.9701258540153505,0.0070506930351257,0.0050991129875183,0.0476190476190476,0.9717240619659424,0.0003974978823746,1500,500,0.9893068075180054,0.9855481386184692,STRUCTURAL
lstm,gabab_per_tc,1,existing_synaptic,150.0,1,mlp_2,0.9725167155265808,0.9668795466423036,0.0056371688842773,0.0050991129875183,0.0476190476190476,0.9717240619659424,0.0003974978823746,1500,500,0.9897726774215698,0.9861202239990234,STRUCTURAL
lstm,gabab_per_tc,1,existing_synaptic,150.0,2,ridge,0.9749320030212404,0.9817971825599672,-0.0068651795387267,0.0051580619812011,0.0476190476190476,0.9697739410400392,0.0004016726093014,1500,500,0.987492859363556,0.9910618662834167,STRUCTURAL
lstm,gabab_per_tc,1,existing_synaptic,150.0,2,mlp_1,0.9738181233406068,0.9666347503662108,0.0071833729743957,0.0051580619812011,0.0476190476190476,0.9697739410400392,0.0004016726093014,1500,500,0.9880112409591676,0.9840654134750366,STRUCTURAL
lstm,gabab_per_tc,1,existing_synaptic,150.0,2,mlp_2,0.971053421497345,0.9616575241088868,0.0093958973884582,0.0051580619812011,0.0476190476190476,0.9697739410400392,0.0004016726093014,1500,500,0.9889513254165648,0.9844075441360474,STRUCTURAL
lstm,gabab_per_tc,1,existing_synaptic,150.0,3,ridge,0.9768734455108644,0.9851478338241576,-0.0082743883132934,0.0048139667510986,0.0476190476190476,0.9720594787597656,0.0004030014041472,1500,500,0.9883837699890136,0.9925456047058104,STRUCTURAL
lstm,gabab_per_tc,1,existing_synaptic,150.0,3,mlp_1,0.9771451950073242,0.968624234199524,0.0085209608078002,0.0048139667510986,0.0476190476190476,0.9720594787597656,0.0004030014041472,1500,500,0.9895542860031128,0.9852482676506042,STRUCTURAL
lstm,gabab_per_tc,1,existing_synaptic,150.0,3,mlp_2,0.9735373258590698,0.9686726331710817,0.0048646926879882,0.0048139667510986,0.0476190476190476,0.9720594787597656,0.0004030014041472,1500,500,0.9899334907531738,0.9868952035903932,STRUCTURAL
lstm,gabab_per_tc,1,existing_synaptic,150.0,4,ridge,0.978377640247345,0.985627830028534,-0.0072501897811889,0.0049913150072097,0.0476190476190476,0.9733863252401352,0.0003750682214776,1500,500,0.9891330003738404,0.9928144216537476,STRUCTURAL
lstm,gabab_per_tc,1,existing_synaptic,150.0,4,mlp_1,0.9790452122688292,0.9718276858329772,0.007217526435852,0.0049913150072097,0.0476190476190476,0.9733863252401352,0.0003750682214776,1500,500,0.9902387857437134,0.986370086669922,STRUCTURAL
lstm,gabab_per_tc,1,existing_synaptic,150.0,4,mlp_2,0.9727686643600464,0.968980610370636,0.0037880539894104,0.0049913150072097,0.0476190476190476,0.9733863252401352,0.0003750682214776,1500,500,0.9899954795837402,0.9870368242263794,STRUCTURAL
neural_ode,G_T,1,tier1_identifiable,5.0,0,ridge,0.0235574841499328,0.0148942589759826,0.0086632251739501,0.0195135045051574,0.0476190476190476,0.0040439796447753,0.0007089091452009,50,8,0.1568662822246551,0.1283565312623977,GENUINE_ZOMBIE
neural_ode,G_T,1,tier1_identifiable,5.0,0,mlp_1,-0.0004651546478271,-0.0113502265885472,0.01088507194072,0.0195135045051574,0.0476190476190476,0.0040439796447753,0.0007089091452009,50,8,0.0695464164018631,0.0898075625300407,GENUINE_ZOMBIE
neural_ode,G_T,1,tier1_identifiable,5.0,0,mlp_2,-0.0075683118775486,-0.0536027438938617,0.046034432016313,0.0195135045051574,0.0476190476190476,0.0040439796447753,0.0007089091452009,50,8,0.0587859153747558,0.0964924171566963,GENUINE_ZOMBIE
neural_ode,G_T,1,tier1_identifiable,5.0,1,ridge,0.0103277444839477,0.0092001795768737,0.0011275649070739,0.0056145399808883,0.0476190476190476,0.0047132045030593,0.0004868764833277,50,8,0.1085307374596595,0.1010562926530838,GENUINE_ZOMBIE
neural_ode,G_T,1,tier1_identifiable,5.0,1,mlp_1,-0.019485056400299,-0.0365230813622474,0.0170380249619483,0.0056145399808883,0.0476190476190476,0.0047132045030593,0.0004868764833277,50,8,0.0494068227708339,0.0453420728445053,GENUINE_ZOMBIE
neural_ode,G_T,1,tier1_identifiable,5.0,1,mlp_2,-0.002871036529541,0.0005165338516235,-0.0033875703811645,0.0056145399808883,0.0476190476190476,0.0047132045030593,0.0004868764833277,50,8,0.0367539525032043,0.0819837972521781,GENUINE_ZOMBIE
neural_ode,G_T,1,tier1_identifiable,5.0,2,ridge,0.0123257517814636,0.011774718761444,0.0005510330200195,0.0039056462049484,0.0476190476190476,0.0084201055765151,0.0006424375657852,50,8,0.1172819286584854,0.1154895648360252,GENUINE_ZOMBIE
neural_ode,G_T,1,tier1_identifiable,5.0,2,mlp_1,0.0041838167235255,-0.0308154113590717,0.0349992280825972,0.0039056462049484,0.0476190476190476,0.0084201055765151,0.0006424375657852,50,8,0.0762091651558876,0.0500438585877418,GENUINE_ZOMBIE
neural_ode,G_T,1,tier1_identifiable,5.0,2,mlp_2,-0.0129970666021108,-0.0087462663650512,-0.0042508002370595,0.0039056462049484,0.0476190476190476,0.0084201055765151,0.0006424375657852,50,8,0.0424697175621986,0.067916989326477,GENUINE_ZOMBIE
neural_ode,G_T,1,tier1_identifiable,5.0,3,ridge,0.0171172857284545,0.0155051231384277,0.0016121625900268,0.012783231139183,0.0476190476190476,0.0043340545892715,0.0005701325417843,50,8,0.1434825956821441,0.1283016055822372,GENUINE_ZOMBIE
neural_ode,G_T,1,tier1_identifiable,5.0,3,mlp_1,-0.0375080816447734,-0.015525328926742,-0.0219827527180314,0.012783231139183,0.0476190476190476,0.0043340545892715,0.0005701325417843,50,8,0.0216764342039823,0.088593453168869,GENUINE_ZOMBIE
neural_ode,G_T,1,tier1_identifiable,5.0,3,mlp_2,-0.0078369025141,0.0008293270948342,-0.0086662296089343,0.012783231139183,0.0476190476190476,0.0043340545892715,0.0005701325417843,50,8,0.0217160824686288,0.1135806292295456,GENUINE_ZOMBIE
neural_ode,G_T,1,tier1_identifiable,5.0,4,ridge,0.0100803136825561,0.0054975986480712,0.0045827150344848,0.0090785473585128,0.0476190476190476,0.0010017663240432,0.0006978323617541,50,9,0.1054598689079284,0.0809790566563606,GENUINE_ZOMBIE
neural_ode,G_T,1,tier1_identifiable,5.0,4,mlp_1,-0.001647925353609,-0.0245172977447509,0.0228693723911419,0.0090785473585128,0.0476190476190476,0.0010017663240432,0.0006978323617541,50,9,0.0346757657825946,0.0350376293063163,GENUINE_ZOMBIE
neural_ode,G_T,1,tier1_identifiable,5.0,4,mlp_2,-0.0042613744735717,-0.0530640967190265,0.0488027222454547,0.0090785473585128,0.0476190476190476,0.0010017663240432,0.0006978323617541,50,9,0.020422788336873,0.0440074764192104,GENUINE_ZOMBIE
neural_ode,G_h,1,tier1_identifiable,100.0,0,ridge,0.1127751231193542,0.0980811715126037,0.0146939516067504,-0.0164256662130355,1.0,0.1292007893323898,0.0030207284873387,87,29,0.3354464471340179,0.314314991235733,STRUCTURAL
neural_ode,G_h,1,tier1_identifiable,100.0,0,mlp_1,-0.5025325417518616,-5.391694068908691,4.88916152715683,-0.0164256662130355,1.0,0.1292007893323898,0.0030207284873387,87,29,0.1597372591495514,0.0394929610192775,GENUINE_ZOMBIE
neural_ode,G_h,1,tier1_identifiable,100.0,0,mlp_2,-0.5953839421272278,-6.053858280181885,5.458474338054657,-0.0164256662130355,1.0,0.1292007893323898,0.0030207284873387,87,29,0.1418526470661163,0.073274627327919,GENUINE_ZOMBIE
neural_ode,G_h,1,tier1_identifiable,100.0,1,ridge,0.1235391020774841,0.0993767738342285,0.0241623282432556,0.0074082285165786,0.0476190476190476,0.1161308735609054,0.0023918179909409,90,30,0.3530570566654205,0.3184242248535156,STRUCTURAL
neural_ode,G_h,1,tier1_identifiable,100.0,1,mlp_1,-0.1805560439825058,-6.998958587646484,6.818402543663979,0.0074082285165786,0.0476190476190476,0.1161308735609054,0.0023918179909409,90,30,0.1675037741661071,0.0230348762124776,GENUINE_ZOMBIE
neural_ode,G_h,1,tier1_identifiable,100.0,1,mlp_2,-1.0714954137802124,-0.9982891082763672,-0.0732063055038452,0.0074082285165786,0.0476190476190476,0.1161308735609054,0.0023918179909409,90,30,0.1567568480968475,0.0830716118216514,GENUINE_ZOMBIE
neural_ode,G_h,1,tier1_identifiable,100.0,2,ridge,0.1084205150604248,0.0923128843307495,0.0161076307296752,0.0040417891740798,0.0476190476190476,0.1043787258863449,0.0022748527691686,84,28,0.3322454988956451,0.3058778643608093,STRUCTURAL
neural_ode,G_h,1,tier1_identifiable,100.0,2,mlp_1,-0.2753719687461853,-9.445873260498049,9.170501291751862,0.0040417891740798,0.0476190476190476,0.1043787258863449,0.0022748527691686,84,28,0.1831049621105194,0.0314744859933853,GENUINE_ZOMBIE
neural_ode,G_h,1,tier1_identifiable,100.0,2,mlp_2,-3.118542432785034,-3.160759687423706,0.0422172546386718,0.0040417891740798,0.0476190476190476,0.1043787258863449,0.0022748527691686,84,28,0.1495337933301925,0.0533342361450195,GENUINE_ZOMBIE
neural_ode,G_h,1,tier1_identifiable,100.0,3,ridge,0.1291816353797912,0.1051097869873046,0.0240718483924865,0.0031769466400146,0.238095238095238,0.1260046887397766,0.0029622849273193,87,29,0.3656004667282104,0.3316262364387512,STRUCTURAL
neural_ode,G_h,1,tier1_identifiable,100.0,3,mlp_1,-0.3346787393093109,-7.577980995178223,7.243302255868912,0.0031769466400146,0.238095238095238,0.1260046887397766,0.0029622849273193,87,29,0.1926977187395095,0.0625402778387069,GENUINE_ZOMBIE
neural_ode,G_h,1,tier1_identifiable,100.0,3,mlp_2,-0.669089138507843,-2.7817180156707764,2.1126288771629333,0.0031769466400146,0.238095238095238,0.1260046887397766,0.0029622849273193,87,29,0.1272571980953216,0.0387988239526748,GENUINE_ZOMBIE
neural_ode,G_h,1,tier1_identifiable,100.0,4,ridge,0.1572991847991943,0.1309924006462097,0.0263067841529846,0.0153149706125259,0.0476190476190476,0.1419842141866684,0.0027905722466337,105,35,0.3969610333442688,0.362528920173645,STRUCTURAL
neural_ode,G_h,1,tier1_identifiable,100.0,4,mlp_1,-0.1092140823602676,-4.653237342834473,4.544023260474205,0.0153149706125259,0.0476190476190476,0.1419842141866684,0.0027905722466337,105,35,0.223527193069458,0.0735742449760437,GENUINE_ZOMBIE
neural_ode,G_h,1,tier1_identifiable,100.0,4,mlp_2,-3.492905139923096,-0.9624127149581908,-2.530492424964905,0.0153149706125259,0.0476190476190476,0.1419842141866684,0.0027905722466337,105,35,0.2062546014785766,0.1177080422639846,GENUINE_ZOMBIE
neural_ode,I_T,1,tier1_identifiable,5.0,0,ridge,0.0227347254753112,0.0142473697662353,0.0084873557090759,0.0191856610774993,0.0476190476190476,0.0035490643978118,0.0006960545135657,50,9,0.1539415121078491,0.1261500269174575,GENUINE_ZOMBIE
neural_ode,I_T,1,tier1_identifiable,5.0,0,mlp_1,-0.0220307111740112,-0.0003554105642251,-0.021675300609786,0.0191856610774993,0.0476190476190476,0.0035490643978118,0.0006960545135657,50,9,0.0432149395346641,0.058145236223936,GENUINE_ZOMBIE
neural_ode,I_T,1,tier1_identifiable,5.0,0,mlp_2,-0.0073022483848035,0.0090421317145228,-0.0163443800993263,0.0191856610774993,0.0476190476190476,0.0035490643978118,0.0006960545135657,50,9,0.0702825635671615,0.1027402132749557,GENUINE_ZOMBIE
neural_ode,I_T,1,tier1_identifiable,5.0,1,ridge,0.0092015743255615,0.0086170196533203,0.0005845546722412,0.0054148262739181,0.0476190476190476,0.0037867480516433,0.0005659832247876,50,9,0.1040446013212204,0.0994644612073898,GENUINE_ZOMBIE
neural_ode,I_T,1,tier1_identifiable,5.0,1,mlp_1,-0.0231961011886596,-0.0005557775730267,-0.0226403236156329,0.0054148262739181,0.0476190476190476,0.0037867480516433,0.0005659832247876,50,9,0.0109449867159128,0.0497354641556739,GENUINE_ZOMBIE
neural_ode,I_T,1,tier1_identifiable,5.0,1,mlp_2,-0.0069029927253723,0.0049586058594286,-0.0118615985848009,0.0054148262739181,0.0476190476190476,0.0037867480516433,0.0005659832247876,50,9,0.0452312529087066,0.0774485021829605,GENUINE_ZOMBIE
neural_ode,I_T,1,tier1_identifiable,5.0,2,ridge,0.0116244912147521,0.0120920777320861,-0.0004675865173339,0.0039822000265121,0.0476190476190476,0.00764229118824,0.0006057697455392,50,9,0.1134817376732826,0.1162054538726806,GENUINE_ZOMBIE
neural_ode,I_T,1,tier1_identifiable,5.0,2,mlp_1,-0.0182873494923114,0.0007748961215838,-0.0190622456138953,0.0039822000265121,0.0476190476190476,0.00764229118824,0.0006057697455392,50,9,0.0201125852763652,0.0573302917182445,GENUINE_ZOMBIE
neural_ode,I_T,1,tier1_identifiable,5.0,2,mlp_2,0.0042994739487767,0.0083344699814915,-0.0040349960327148,0.0039822000265121,0.0476190476190476,0.00764229118824,0.0006057697455392,50,9,0.0758771300315857,0.0966972261667251,GENUINE_ZOMBIE
neural_ode,I_T,1,tier1_identifiable,5.0,3,ridge,0.017178738117218,0.0151486992835998,0.0020300388336181,0.0130652844905853,0.0476190476190476,0.0041134536266326,0.0005532003303574,50,9,0.1448513269424438,0.1277110278606414,GENUINE_ZOMBIE
neural_ode,I_T,1,tier1_identifiable,5.0,3,mlp_1,-0.0199273582547903,0.0048373937606811,-0.0247647520154714,0.0130652844905853,0.0476190476190476,0.0041134536266326,0.0005532003303574,50,9,0.0113317882642149,0.0802750512957573,GENUINE_ZOMBIE
neural_ode,I_T,1,tier1_identifiable,5.0,3,mlp_2,-5.493163916980848e-05,0.0139896152541041,-0.0140445468932739,0.0130652844905853,0.0476190476190476,0.0041134536266326,0.0005532003303574,50,9,0.0341328047215938,0.1227996572852134,GENUINE_ZOMBIE
neural_ode,I_T,1,tier1_identifiable,5.0,4,ridge,0.0096359968185424,0.0060604214668273,0.003575575351715,0.0085997593402862,0.0476190476190476,0.0010362374782562,0.0006620121983232,50,9,0.1034906283020973,0.0841899290680885,GENUINE_ZOMBIE
neural_ode,I_T,1,tier1_identifiable,5.0,4,mlp_1,-0.0163512229919433,-0.0014305949443951,-0.0149206280475482,0.0085997593402862,0.0476190476190476,0.0010362374782562,0.0006620121983232,50,9,0.0220735743641853,0.0432811565697193,GENUINE_ZOMBIE
neural_ode,I_T,1,tier1_identifiable,5.0,4,mlp_2,0.0011550545459613,0.0028402924071997,-0.0016852378612384,0.0085997593402862,0.0476190476190476,0.0010362374782562,0.0006620121983232,50,9,0.0463414564728736,0.0650845244526863,GENUINE_ZOMBIE
neural_ode,I_h,1,tier1_identifiable,100.0,0,ridge,0.1101606249809265,0.0938895940780639,0.0162710309028625,-0.0213693732023239,1.0,0.1315299981832504,0.0025179517845406,90,30,0.3317060768604278,0.3079171180725097,STRUCTURAL
neural_ode,I_h,1,tier1_identifiable,100.0,0,mlp_1,0.0887024402618408,0.071980282664299,0.0167221575975418,-0.0213693732023239,1.0,0.1315299981832504,0.0025179517845406,90,30,0.3013520538806915,0.2755002677440643,STRUCTURAL
neural_ode,I_h,1,tier1_identifiable,100.0,0,mlp_2,0.0880887061357498,0.0781691446900367,0.009919561445713,-0.0213693732023239,1.0,0.1315299981832504,0.0025179517845406,90,30,0.3003817200660705,0.2887173593044281,STRUCTURAL
neural_ode,I_h,1,tier1_identifiable,100.0,1,ridge,0.1170216917991638,0.0960651397705078,0.0209565520286559,-0.0007701277732849,0.7142857142857143,0.1177918195724487,0.0029976810306628,96,32,0.3439026474952698,0.3129600584506988,STRUCTURAL
neural_ode,I_h,1,tier1_identifiable,100.0,1,mlp_1,0.089810773730278,0.0857450738549232,0.0040656998753547,-0.0007701277732849,0.7142857142857143,0.1177918195724487,0.0029976810306628,96,32,0.3018969297409057,0.2979522049427032,STRUCTURAL
neural_ode,I_h,1,tier1_identifiable,100.0,1,mlp_2,0.089624285697937,0.0896460637450218,-2.177804708480835e-05,-0.0007701277732849,0.7142857142857143,0.1177918195724487,0.0029976810306628,96,32,0.3047969937324524,0.3118281066417694,STRUCTURAL
neural_ode,I_h,1,tier1_identifiable,100.0,2,ridge,0.1072867035865783,0.0907051801681518,0.0165815234184265,0.0008742260932922,0.4285714285714285,0.1064124774932861,0.0031420544516393,90,30,0.3309631049633026,0.3037728071212768,STRUCTURAL
neural_ode,I_h,1,tier1_identifiable,100.0,2,mlp_1,0.0854592472314834,0.0628048777580261,0.0226543694734573,0.0008742260932922,0.4285714285714285,0.1064124774932861,0.0031420544516393,90,30,0.2980615794658661,0.2553651034832001,STRUCTURAL
neural_ode,I_h,1,tier1_identifiable,100.0,2,mlp_2,0.0852067470550537,0.0690565705299377,0.0161501765251159,0.0008742260932922,0.4285714285714285,0.1064124774932861,0.0031420544516393,90,30,0.2983934283256531,0.2791783213615417,STRUCTURAL
neural_ode,I_h,1,tier1_identifiable,100.0,3,ridge,0.1415347814559936,0.1149277687072753,0.0266070127487182,0.0113774126768112,0.0476190476190476,0.1301573687791824,0.0028678454656836,90,30,0.3805342614650726,0.3437593579292297,STRUCTURAL
neural_ode,I_h,1,tier1_identifiable,100.0,3,mlp_1,0.1075626611709594,0.0897022634744644,0.017860397696495,0.0113774126768112,0.0476190476190476,0.1301573687791824,0.0028678454656836,90,30,0.3364973962306976,0.3109336197376251,STRUCTURAL
neural_ode,I_h,1,tier1_identifiable,100.0,3,mlp_2,0.1098682060837745,0.1068419590592384,0.0030262470245361,0.0113774126768112,0.0476190476190476,0.1301573687791824,0.0028678454656836,90,30,0.3375623822212219,0.3345577120780945,STRUCTURAL
neural_ode,I_h,1,tier1_identifiable,100.0,4,ridge,0.1623568058013916,0.1328743457794189,0.0294824600219726,0.0159978729486465,0.0476190476190476,0.146358932852745,0.0033003854894489,111,37,0.4037956595420837,0.3660604357719421,STRUCTURAL
neural_ode,I_h,1,tier1_identifiable,100.0,4,mlp_1,0.1266151517629623,0.1102029830217361,0.0164121687412261,0.0159978729486465,0.0476190476190476,0.146358932852745,0.0033003854894489,111,37,0.3588486313819885,0.3361227810382843,STRUCTURAL
neural_ode,I_h,1,tier1_identifiable,100.0,4,mlp_2,0.1282524317502975,0.118060290813446,0.0101921409368515,0.0159978729486465,0.0476190476190476,0.146358932852745,0.0033003854894489,111,37,0.3614417612552643,0.3533132672309875,STRUCTURAL
neural_ode,I_GABA_A,1,tier1_identifiable,5.0,0,ridge,0.1113441824913024,0.0759760856628418,0.0353680968284606,0.0061397737264632,0.0476190476190476,0.1052044087648391,0.0017855696561221,50,8,0.3362480998039245,0.2846532464027405,STRUCTURAL
neural_ode,I_GABA_A,1,tier1_identifiable,5.0,0,mlp_1,-0.1893267631530761,-0.2220019996166229,0.0326752364635467,0.0061397737264632,0.0476190476190476,0.1052044087648391,0.0017855696561221,50,8,0.0081032337620854,0.0123294936493039,GENUINE_ZOMBIE
neural_ode,I_GABA_A,1,tier1_identifiable,5.0,0,mlp_2,-0.0996820703148841,-0.0901475399732589,-0.0095345303416252,0.0061397737264632,0.0476190476190476,0.1052044087648391,0.0017855696561221,50,8,0.0180822852998971,0.0327592901885509,GENUINE_ZOMBIE
neural_ode,I_GABA_A,1,tier1_identifiable,5.0,1,ridge,0.1023677110671997,0.0741435647010803,0.0282241463661193,0.0083960175514221,0.0476190476190476,0.0939716935157776,0.0016255310131455,50,7,0.3216609060764313,0.276174247264862,STRUCTURAL
neural_ode,I_GABA_A,1,tier1_identifiable,5.0,1,mlp_1,-0.1757199317216873,-0.2046294510364532,0.0289095193147659,0.0083960175514221,0.0476190476190476,0.0939716935157776,0.0016255310131455,50,7,0.0090180169790983,0.0099511174485087,GENUINE_ZOMBIE
neural_ode,I_GABA_A,1,tier1_identifiable,5.0,1,mlp_2,-0.1050129383802414,-0.0844351798295974,-0.0205777585506439,0.0083960175514221,0.0476190476190476,0.0939716935157776,0.0016255310131455,50,7,0.0177821312099695,0.0156017486006021,GENUINE_ZOMBIE
neural_ode,I_GABA_A,1,tier1_identifiable,5.0,2,ridge,0.0832412123680114,0.0575192689895629,0.0257219433784484,-0.0067356479167938,1.0,0.0899768602848053,0.0021654468841197,50,6,0.2987097501754761,0.2552914321422577,STRUCTURAL
neural_ode,I_GABA_A,1,tier1_identifiable,5.0,2,mlp_1,-0.1618444472551345,-0.1826784610748291,0.0208340138196945,-0.0067356479167938,1.0,0.0899768602848053,0.0021654468841197,50,6,0.005095331929624,0.0055438932031393,GENUINE_ZOMBIE
neural_ode,I_GABA_A,1,tier1_identifiable,5.0,2,mlp_2,-0.0917273536324501,-0.082720398902893,-0.009006954729557,-0.0067356479167938,1.0,0.0899768602848053,0.0021654468841197,50,6,0.0125232096761465,0.0102888671681284,GENUINE_ZOMBIE
neural_ode,I_GABA_A,1,tier1_identifiable,5.0,3,ridge,0.0931812405586242,0.0713762283325195,0.0218050122261047,0.0013166797161102,0.238095238095238,0.091864560842514,0.0017056856601683,50,7,0.304881751537323,0.2688838839530945,STRUCTURAL
neural_ode,I_GABA_A,1,tier1_identifiable,5.0,3,mlp_1,-0.1708849966526031,-0.2014005184173584,0.0305155217647552,0.0013166797161102,0.238095238095238,0.091864560842514,0.0017056856601683,50,7,0.0115531357005238,0.0022549042478203,GENUINE_ZOMBIE
neural_ode,I_GABA_A,1,tier1_identifiable,5.0,3,mlp_2,-0.0962789058685302,-0.088480070233345,-0.0077988356351852,0.0013166797161102,0.238095238095238,0.091864560842514,0.0017056856601683,50,7,0.020616989582777,0.0236813817173242,GENUINE_ZOMBIE
neural_ode,I_GABA_A,1,tier1_identifiable,5.0,4,ridge,0.0912428975105285,0.0652796745300293,0.0259632229804992,0.0050922572612762,0.0476190476190476,0.0861506402492523,0.0018383889034848,50,4,0.3007791042327881,0.2583870887756347,STRUCTURAL
neural_ode,I_GABA_A,1,tier1_identifiable,5.0,4,mlp_1,-0.1838896572589874,-0.2119350880384445,0.028045430779457,0.0050922572612762,0.0476190476190476,0.0861506402492523,0.0018383889034848,50,4,0.0083235027268528,0.0150957554578781,GENUINE_ZOMBIE
neural_ode,I_GABA_A,1,tier1_identifiable,5.0,4,mlp_2,-0.099048301577568,-0.0930331498384475,-0.0060151517391204,0.0050922572612762,0.0476190476190476,0.0861506402492523,0.0018383889034848,50,4,0.0135426493361592,0.0067246793769299,GENUINE_ZOMBIE
neural_ode,I_GABA_B,1,tier1_identifiable,150.0,0,ridge,0.4665924191474914,0.356388783454895,0.1102036356925964,0.001610380411148,0.1428571428571428,0.4649820387363433,0.0007932927799864,1500,500,0.6834466457366943,0.6011096239089966,SPURIOUS
neural_ode,I_GABA_B,1,tier1_identifiable,150.0,0,mlp_1,-0.3510982394218445,-0.3434750735759735,-0.0076231658458709,0.001610380411148,0.1428571428571428,0.4649820387363433,0.0007932927799864,1500,500,0.0135474968701601,0.0493590347468853,GENUINE_ZOMBIE
neural_ode,I_GABA_B,1,tier1_identifiable,150.0,0,mlp_2,-0.1718389242887497,0.0127120856195688,-0.1845510099083185,0.001610380411148,0.1428571428571428,0.4649820387363433,0.0007932927799864,1500,500,0.1172363609075546,0.225104734301567,GENUINE_ZOMBIE
neural_ode,I_GABA_B,1,tier1_identifiable,150.0,1,ridge,0.4686409592628479,0.3656445145606994,0.1029964447021484,0.0020072686672211,0.0476190476190476,0.4666336905956267,0.0004533462636911,1500,500,0.6838836669921875,0.6061073541641235,SPURIOUS
neural_ode,I_GABA_B,1,tier1_identifiable,150.0,1,mlp_1,-0.3666077554225921,-0.364456832408905,-0.0021509230136871,0.0020072686672211,0.0476190476190476,0.4666336905956267,0.0004533462636911,1500,500,0.0141507433727383,0.0327399000525474,GENUINE_ZOMBIE
neural_ode,I_GABA_B,1,tier1_identifiable,150.0,1,mlp_2,-0.2135076820850372,-0.0050511956214904,-0.2084564864635467,0.0020072686672211,0.0476190476190476,0.4666336905956267,0.0004533462636911,1500,500,0.0983386784791946,0.2074733078479766,GENUINE_ZOMBIE
neural_ode,I_GABA_B,1,tier1_identifiable,150.0,2,ridge,0.4351214408874512,0.3362255454063415,0.0988958954811096,0.0009365922212601,0.0476190476190476,0.434184848666191,0.0003498127145664,1500,500,0.6595250368118286,0.5821776390075684,SPURIOUS
neural_ode,I_GABA_B,1,tier1_identifiable,150.0,2,mlp_1,-0.3401478826999664,-0.3404212594032287,0.0002733767032623,0.0009365922212601,0.0476190476190476,0.434184848666191,0.0003498127145664,1500,500,0.0096083749085664,0.0275249145925045,GENUINE_ZOMBIE
neural_ode,I_GABA_B,1,tier1_identifiable,150.0,2,mlp_2,-0.1734188050031662,-0.01427863817662,-0.1591401668265462,0.0009365922212601,0.0476190476190476,0.434184848666191,0.0003498127145664,1500,500,0.1020396202802658,0.185903787612915,GENUINE_ZOMBIE
neural_ode,I_GABA_B,1,tier1_identifiable,150.0,3,ridge,0.478932774066925,0.3744572639465332,0.1044755101203918,0.0008639389276504,0.0476190476190476,0.4780688351392745,0.0002020535208394,1500,500,0.6907694935798645,0.6130719184875488,SPURIOUS
neural_ode,I_GABA_B,1,tier1_identifiable,150.0,3,mlp_1,-0.3784649968147278,-0.3741830289363861,-0.0042819678783416,0.0008639389276504,0.0476190476190476,0.4780688351392745,0.0002020535208394,1500,500,0.0152310105040669,0.0396718867123127,GENUINE_ZOMBIE
neural_ode,I_GABA_B,1,tier1_identifiable,150.0,3,mlp_2,-0.1804850995540619,-0.0372891202569007,-0.1431959792971611,0.0008639389276504,0.0476190476190476,0.4780688351392745,0.0002020535208394,1500,500,0.1207369789481163,0.1760420501232147,GENUINE_ZOMBIE
neural_ode,I_GABA_B,1,tier1_identifiable,150.0,4,ridge,0.4906466960906982,0.3721587896347046,0.1184879064559936,0.0007366567850113,0.0476190476190476,0.4899100393056869,0.0003345503597894,1500,500,0.6992120742797852,0.6126835942268372,SPURIOUS
neural_ode,I_GABA_B,1,tier1_identifiable,150.0,4,mlp_1,-0.3967609405517578,-0.3985449969768524,0.0017840564250946,0.0007366567850113,0.0476190476190476,0.4899100393056869,0.0003345503597894,1500,500,0.0167323779314756,0.0390232428908348,GENUINE_ZOMBIE
neural_ode,I_GABA_B,1,tier1_identifiable,150.0,4,mlp_2,-0.2226286232471466,-0.0240646246820688,-0.1985639985650777,0.0007366567850113,0.0476190476190476,0.4899100393056869,0.0003345503597894,1500,500,0.1058245450258255,0.197631374001503,GENUINE_ZOMBIE
neural_ode,tc_m_T,2,tier2_individual_gates,1.0,0,ridge,0.0357480645179748,0.0226639509201049,0.0130841135978698,0.0130533128976821,0.0476190476190476,0.0226947516202926,0.001102269993221,50,13,0.1922062933444976,0.1566862612962722,EXPECTED_NULL
neural_ode,tc_m_T,2,tier2_individual_gates,1.0,0,mlp_1,0.0118139628320932,0.0208474155515432,-0.0090334527194499,0.0130533128976821,0.0476190476190476,0.0226947516202926,0.001102269993221,50,13,0.1189832314848899,0.1524823009967804,EXPECTED_NULL
neural_ode,tc_m_T,2,tier2_individual_gates,1.0,0,mlp_2,0.0143582224845886,0.0256152264773845,-0.0112570039927959,0.0130533128976821,0.0476190476190476,0.0226947516202926,0.001102269993221,50,13,0.1304502785205841,0.1740734875202179,EXPECTED_NULL
neural_ode,tc_m_T,2,tier2_individual_gates,1.0,1,ridge,0.0322793364524841,0.026417326927185,0.005862009525299,0.0083696150779724,0.0476190476190476,0.0239097213745117,0.0012401558843208,50,13,0.1812931448221206,0.1666797846555709,EXPECTED_NULL
neural_ode,tc_m_T,2,tier2_individual_gates,1.0,1,mlp_1,0.0181614998728036,0.0251829139888286,-0.0070214141160249,0.0083696150779724,0.0476190476190476,0.0239097213745117,0.0012401558843208,50,13,0.1414115726947784,0.1634120643138885,EXPECTED_NULL
neural_ode,tc_m_T,2,tier2_individual_gates,1.0,1,mlp_2,0.0206543691456317,0.0243139266967773,-0.0036595575511455,0.0083696150779724,0.0476190476190476,0.0239097213745117,0.0012401558843208,50,13,0.1497085392475128,0.1688034385442733,EXPECTED_NULL
neural_ode,tc_m_T,2,tier2_individual_gates,1.0,2,ridge,0.0289713978767395,0.0208351492881774,0.008136248588562,0.0067955428361892,0.0476190476190476,0.0221758550405502,0.0014688833293869,50,13,0.1722231209278106,0.1491015404462814,EXPECTED_NULL
neural_ode,tc_m_T,2,tier2_individual_gates,1.0,2,mlp_1,0.0104605909436941,0.0177109483629465,-0.0072503574192523,0.0067955428361892,0.0476190476190476,0.0221758550405502,0.0014688833293869,50,13,0.1063664406538009,0.1366224288940429,EXPECTED_NULL
neural_ode,tc_m_T,2,tier2_individual_gates,1.0,2,mlp_2,0.0125249866396188,0.0167421214282512,-0.0042171347886323,0.0067955428361892,0.0476190476190476,0.0221758550405502,0.0014688833293869,50,13,0.117151640355587,0.1405039727687835,EXPECTED_NULL
neural_ode,tc_m_T,2,tier2_individual_gates,1.0,3,ridge,0.0340468645095825,0.0288854479789733,0.0051614165306091,0.0067079854011535,0.0476190476190476,0.0273388791084289,0.0015702866504713,50,14,0.1856513917446136,0.1714354008436203,EXPECTED_NULL
neural_ode,tc_m_T,2,tier2_individual_gates,1.0,3,mlp_1,0.0190538056194782,0.0208429936319589,-0.0017891880124807,0.0067079854011535,0.0476190476190476,0.0273388791084289,0.0015702866504713,50,14,0.14213827252388,0.150818645954132,EXPECTED_NULL
neural_ode,tc_m_T,2,tier2_individual_gates,1.0,3,mlp_2,0.0237860325723886,0.0254759546369314,-0.0016899220645427,0.0067079854011535,0.0476190476190476,0.0273388791084289,0.0015702866504713,50,14,0.1584144383668899,0.1698320209980011,EXPECTED_NULL
neural_ode,tc_m_T,2,tier2_individual_gates,1.0,4,ridge,0.0320426821708679,0.0277335286140441,0.0043091535568237,0.003052190542221,0.0476190476190476,0.0289904916286468,0.001252907714234,50,14,0.1825150400400161,0.1704851984977722,EXPECTED_NULL
neural_ode,tc_m_T,2,tier2_individual_gates,1.0,4,mlp_1,0.0147298816591501,0.0189573876559734,-0.0042275059968233,0.003052190542221,0.0476190476190476,0.0289904916286468,0.001252907714234,50,14,0.131346195936203,0.1479173451662063,EXPECTED_NULL
neural_ode,tc_m_T,2,tier2_individual_gates,1.0,4,mlp_2,0.0198925733566284,0.0228203646838665,-0.002927791327238,0.003052190542221,0.0476190476190476,0.0289904916286468,0.001252907714234,50,14,0.1509629935026168,0.1621288210153579,EXPECTED_NULL
neural_ode,tc_h_T,2,tier2_individual_gates,20.0,0,ridge,0.155289340019226,0.1355638027191162,0.0197255373001098,-0.011780252456665,1.0,0.1670695924758911,0.0028903273533929,96,32,0.3936081528663635,0.3690855503082275,STRUCTURAL
neural_ode,tc_h_T,2,tier2_individual_gates,20.0,0,mlp_1,0.1291494071483612,0.0954855903983116,0.0336638167500495,-0.011780252456665,1.0,0.1670695924758911,0.0028903273533929,96,32,0.3613519370555877,0.3126930594444275,STRUCTURAL
neural_ode,tc_h_T,2,tier2_individual_gates,20.0,0,mlp_2,0.1269998848438263,0.1004888415336608,0.0265110433101654,-0.011780252456665,1.0,0.1670695924758911,0.0028903273533929,96,32,0.3590986132621765,0.3309313654899597,STRUCTURAL
neural_ode,tc_h_T,2,tier2_individual_gates,20.0,1,ridge,0.149495267868042,0.120782732963562,0.0287125349044799,-0.0023607444763183,0.9047619047619048,0.1518560123443603,0.0020022062355342,102,34,0.3891063332557678,0.3509326875209808,STRUCTURAL
neural_ode,tc_h_T,2,tier2_individual_gates,20.0,1,mlp_1,0.1133405789732933,0.0900318026542663,0.0233087763190269,-0.0023607444763183,0.9047619047619048,0.1518560123443603,0.0020022062355342,102,34,0.34019935131073,0.3069179952144623,STRUCTURAL
neural_ode,tc_h_T,2,tier2_individual_gates,20.0,1,mlp_2,0.1066339015960693,0.1097277402877807,-0.0030938386917114,-0.0023607444763183,0.9047619047619048,0.1518560123443603,0.0020022062355342,102,34,0.3363247513771057,0.3468853831291199,STRUCTURAL
neural_ode,tc_h_T,2,tier2_individual_gates,20.0,2,ridge,0.1488500356674194,0.1241985440254211,0.0246514916419983,0.0016583007574081,0.2857142857142857,0.1471917349100113,0.0022291140885622,99,33,0.3873289227485657,0.3529861271381378,STRUCTURAL
neural_ode,tc_h_T,2,tier2_individual_gates,20.0,2,mlp_1,0.1181988343596458,0.0807711854577064,0.0374276489019393,0.0016583007574081,0.2857142857142857,0.1471917349100113,0.0022291140885622,99,33,0.347644031047821,0.2881532311439514,STRUCTURAL
neural_ode,tc_h_T,2,tier2_individual_gates,20.0,2,mlp_2,0.1129678711295127,0.0931122079491615,0.0198556631803512,0.0016583007574081,0.2857142857142857,0.1471917349100113,0.0022291140885622,99,33,0.3435957431793213,0.3211312592029571,STRUCTURAL
neural_ode,tc_h_T,2,tier2_individual_gates,20.0,3,ridge,0.1749979138374328,0.1381920218467712,0.0368058919906616,0.0063116586208342,0.0952380952380952,0.1686862552165985,0.0034901577639562,96,32,0.422089010477066,0.375966876745224,STRUCTURAL
neural_ode,tc_h_T,2,tier2_individual_gates,20.0,3,mlp_1,0.1236053705215454,0.0768408328294754,0.04676453769207,0.0063116586208342,0.0952380952380952,0.1686862552165985,0.0034901577639562,96,32,0.3606438040733337,0.2906977236270904,STRUCTURAL
neural_ode,tc_h_T,2,tier2_individual_gates,20.0,3,mlp_2,0.1197618022561073,0.102236583828926,0.0175252184271812,0.0063116586208342,0.0952380952380952,0.1686862552165985,0.0034901577639562,96,32,0.356901079416275,0.3413014113903045,STRUCTURAL
neural_ode,tc_h_T,2,tier2_individual_gates,20.0,4,ridge,0.2085001349449157,0.1646728754043579,0.0438272595405578,0.0318323040008544,0.0476190476190476,0.1766678309440613,0.0033058497705801,120,40,0.4587660729885101,0.4093504548072815,STRUCTURAL
neural_ode,tc_h_T,2,tier2_individual_gates,20.0,4,mlp_1,0.1610065847635269,0.1315107345581054,0.0294958502054214,0.0318323040008544,0.0476190476190476,0.1766678309440613,0.0033058497705801,120,40,0.4063066840171814,0.3679946959018707,STRUCTURAL
neural_ode,tc_h_T,2,tier2_individual_gates,20.0,4,mlp_2,0.1569341868162155,0.1387411057949066,0.0181930810213089,0.0318323040008544,0.0476190476190476,0.1766678309440613,0.0033058497705801,120,40,0.4048570990562439,0.387808620929718,STRUCTURAL
neural_ode,tc_m_h,2,tier2_individual_gates,100.0,0,ridge,0.1127753376960754,0.0980811119079589,0.0146942257881164,-0.0164254194498062,1.0,0.1292007571458816,0.0030207914134162,87,29,0.3354467153549194,0.314314991235733,STRUCTURAL
neural_ode,tc_m_h,2,tier2_individual_gates,100.0,0,mlp_1,0.0929952040314674,0.0721124783158302,0.0208827257156372,-0.0164254194498062,1.0,0.1292007571458816,0.0030207914134162,87,29,0.3061696887016296,0.2716869413852691,STRUCTURAL
neural_ode,tc_m_h,2,tier2_individual_gates,100.0,0,mlp_2,0.0886498242616653,0.0626105666160583,0.0260392576456069,-0.0164254194498062,1.0,0.1292007571458816,0.0030207914134162,87,29,0.3022450506687164,0.2612815797328949,STRUCTURAL
neural_ode,tc_m_h,2,tier2_individual_gates,100.0,1,ridge,0.1235386967658996,0.0993768572807312,0.0241618394851684,0.0074077922105789,0.0476190476190476,0.1161309045553207,0.0023916938531161,90,30,0.3530563712120056,0.3184242248535156,STRUCTURAL
neural_ode,tc_m_h,2,tier2_individual_gates,100.0,1,mlp_1,0.0953390970826149,0.0738363713026046,0.0215027257800102,0.0074077922105789,0.0476190476190476,0.1161309045553207,0.0023916938531161,90,30,0.3102175593376159,0.2753492295742035,STRUCTURAL
neural_ode,tc_m_h,2,tier2_individual_gates,100.0,1,mlp_2,0.0873493179678917,0.0808379426598548,0.0065113753080368,0.0074077922105789,0.0476190476190476,0.1161309045553207,0.0023916938531161,90,30,0.308616042137146,0.300277441740036,STRUCTURAL
neural_ode,tc_m_h,2,tier2_individual_gates,100.0,2,ridge,0.1084205508232116,0.0923129677772522,0.0161075830459594,0.0040417331457138,0.0476190476190476,0.1043788176774978,0.0022748942329483,84,28,0.3322455286979675,0.3058778941631317,STRUCTURAL
neural_ode,tc_m_h,2,tier2_individual_gates,100.0,2,mlp_1,0.0860140770673751,0.0495633855462074,0.0364506915211677,0.0040417331457138,0.0476190476190476,0.1043788176774978,0.0022748942329483,84,28,0.298351526260376,0.2316870242357254,SPURIOUS
neural_ode,tc_m_h,2,tier2_individual_gates,100.0,2,mlp_2,0.07511617988348,0.0639290213584899,0.01118715852499,0.0040417331457138,0.0476190476190476,0.1043788176774978,0.0022748942329483,84,28,0.2879181802272796,0.2697749137878418,STRUCTURAL
neural_ode,tc_m_h,2,tier2_individual_gates,100.0,3,ridge,0.129181957244873,0.1051097512245178,0.0240722060203552,0.0031772607564926,0.238095238095238,0.1260046964883804,0.0029623096220543,87,29,0.3656008839607239,0.3316262364387512,STRUCTURAL
neural_ode,tc_m_h,2,tier2_individual_gates,100.0,3,mlp_1,0.0965466648340225,0.0639495700597763,0.0325970947742462,0.0031772607564926,0.238095238095238,0.1260046964883804,0.0029623096220543,87,29,0.3232174813747406,0.26590496301651,STRUCTURAL
neural_ode,tc_m_h,2,tier2_individual_gates,100.0,3,mlp_2,0.0933081731200218,0.0738684758543968,0.019439697265625,0.0031772607564926,0.238095238095238,0.1260046964883804,0.0029623096220543,87,29,0.3180822730064392,0.291652500629425,STRUCTURAL
neural_ode,tc_m_h,2,tier2_individual_gates,100.0,4,ridge,0.1572993040084838,0.1309924364089965,0.0263068675994873,0.0153150516748428,0.0476190476190476,0.141984252333641,0.0027905385958402,105,35,0.3969611525535583,0.362528920173645,STRUCTURAL
neural_ode,tc_m_h,2,tier2_individual_gates,100.0,4,mlp_1,0.1266332566738128,0.093734361231327,0.0328988954424858,0.0153150516748428,0.0476190476190476,0.141984252333641,0.0027905385958402,105,35,0.3579716086387634,0.3103435039520263,STRUCTURAL
neural_ode,tc_m_h,2,tier2_individual_gates,100.0,4,mlp_2,0.1250994056463241,0.0895004868507385,0.0355989187955856,0.0153150516748428,0.0476190476190476,0.141984252333641,0.0027905385958402,105,35,0.3564983904361725,0.3131856322288513,STRUCTURAL
neural_ode,tc_m_T_zscore,3,tier3_shape_normalized,1.0,0,ridge,0.0219475865364074,0.0098224520683288,0.0121251344680786,0.0207703787088394,0.0476190476190476,0.001177207827568,0.0004590829026672,50,13,0.1550299376249313,0.1106662899255752,EXPECTED_NULL
neural_ode,tc_m_T_zscore,3,tier3_shape_normalized,1.0,0,mlp_1,0.0023320079781115,0.0269319526851177,-0.0245999447070062,0.0207703787088394,0.0476190476190476,0.001177207827568,0.0004590829026672,50,13,0.0667049884796142,0.1740851402282714,EXPECTED_NULL
neural_ode,tc_m_T_zscore,3,tier3_shape_normalized,1.0,0,mlp_2,0.0033727288246154,0.0415377132594585,-0.038164984434843,0.0207703787088394,0.0476190476190476,0.001177207827568,0.0004590829026672,50,13,0.0704623609781265,0.2115376740694046,EXPECTED_NULL
neural_ode,tc_m_T_zscore,3,tier3_shape_normalized,1.0,1,ridge,0.0071182012557983,0.0083410501480102,-0.0012228488922119,0.0061933666467666,0.0476190476190476,0.0009248346090316,0.0003547344503588,50,13,0.089311309158802,0.0979167520999908,EXPECTED_NULL
neural_ode,tc_m_T_zscore,3,tier3_shape_normalized,1.0,1,mlp_1,0.0001624345750315,0.0140294786542654,-0.0138670440792338,0.0061933666467666,0.0476190476190476,0.0009248346090316,0.0003547344503588,50,13,0.0339485295116901,0.1255910694599151,EXPECTED_NULL
neural_ode,tc_m_T_zscore,3,tier3_shape_normalized,1.0,1,mlp_2,0.0011042117839679,0.0228900555521249,-0.021785843768157,0.0061933666467666,0.0476190476190476,0.0009248346090316,0.0003547344503588,50,13,0.0404205024242401,0.1596638858318328,EXPECTED_NULL
neural_ode,tc_m_T_zscore,3,tier3_shape_normalized,1.0,2,ridge,0.0157159805297851,0.010619044303894,0.0050969362258911,0.0132562804222106,0.0476190476190476,0.0024597001075744,0.0006442222272935,50,13,0.1302272826433181,0.1082520484924316,EXPECTED_NULL
neural_ode,tc_m_T_zscore,3,tier3_shape_normalized,1.0,2,mlp_1,-0.0008230209350585,0.0147462012246251,-0.0155692221596837,0.0132562804222106,0.0476190476190476,0.0024597001075744,0.0006442222272935,50,13,0.022826999425888,0.1261321306228637,EXPECTED_NULL
neural_ode,tc_m_T_zscore,3,tier3_shape_normalized,1.0,2,mlp_2,0.0004888415569439,0.0234390851110219,-0.022950243554078,0.0132562804222106,0.0476190476190476,0.0024597001075744,0.0006442222272935,50,13,0.0379381701350212,0.159447431564331,EXPECTED_NULL
neural_ode,tc_m_T_zscore,3,tier3_shape_normalized,1.0,3,ridge,0.0055648207664489,0.0079137802124023,-0.0023489594459533,0.0040249705314636,0.0476190476190476,0.0015398502349853,0.000386889690021,50,13,0.0861230120062828,0.0934124812483787,EXPECTED_NULL
neural_ode,tc_m_T_zscore,3,tier3_shape_normalized,1.0,3,mlp_1,-0.0014503002166748,0.0107107516378164,-0.0121610518544912,0.0040249705314636,0.0476190476190476,0.0015398502349853,0.000386889690021,50,13,0.0146205499768257,0.1094622835516929,EXPECTED_NULL
neural_ode,tc_m_T_zscore,3,tier3_shape_normalized,1.0,3,mlp_2,-0.0005848407745361,0.0231649279594421,-0.0237497687339782,0.0040249705314636,0.0476190476190476,0.0015398502349853,0.000386889690021,50,13,0.0057431175373494,0.158293530344963,EXPECTED_NULL
neural_ode,tc_m_T_zscore,3,tier3_shape_normalized,1.0,4,ridge,0.0061442017555236,0.0065205931663513,-0.0003763914108276,0.0033679187297821,0.0476190476190476,0.0027762830257415,0.0006003752088998,50,14,0.086633563041687,0.0871806144714355,EXPECTED_NULL
neural_ode,tc_m_T_zscore,3,tier3_shape_normalized,1.0,4,mlp_1,-0.0010472536087036,0.0058006048202514,-0.006847858428955,0.0033679187297821,0.0476190476190476,0.0027762830257415,0.0006003752088998,50,14,0.0116922911256551,0.0800907388329505,EXPECTED_NULL
neural_ode,tc_m_T_zscore,3,tier3_shape_normalized,1.0,4,mlp_2,-0.0011260509490966,0.0049110176041722,-0.0060370685532689,0.0033679187297821,0.0476190476190476,0.0027762830257415,0.0006003752088998,50,14,0.0037273268681019,0.082199290394783,EXPECTED_NULL
neural_ode,tc_h_T_zscore,3,tier3_shape_normalized,20.0,0,ridge,0.0073451399803161,0.0104826927185058,-0.0031375527381896,0.0037236982583999,0.0476190476190476,0.0036214417219161,0.0004637314260271,81,27,0.0897047817707061,0.1053165569901466,EXPECTED_NULL
neural_ode,tc_h_T_zscore,3,tier3_shape_normalized,20.0,0,mlp_1,-0.0010801076423376,0.0119083644822239,-0.0129884721245616,0.0037236982583999,0.0476190476190476,0.0036214417219161,0.0004637314260271,81,27,0.0104858065024018,0.1118824630975723,EXPECTED_NULL
neural_ode,tc_h_T_zscore,3,tier3_shape_normalized,20.0,0,mlp_2,-0.0002208709775004,0.0324852243065834,-0.0327060952840838,0.0037236982583999,0.0476190476190476,0.0036214417219161,0.0004637314260271,81,27,0.014957582578063,0.1913357079029083,EXPECTED_NULL
neural_ode,tc_h_T_zscore,3,tier3_shape_normalized,20.0,1,ridge,0.0151047706604003,0.018224012851715,-0.0031192421913146,0.0094987916946411,0.0476190476190476,0.0056059789657592,0.0005650388291758,87,29,0.1349017918109893,0.1375293731689453,EXPECTED_NULL
neural_ode,tc_h_T_zscore,3,tier3_shape_normalized,20.0,1,mlp_1,0.0001506328553659,0.027983034029603,-0.027832401174237,0.0094987916946411,0.0476190476190476,0.0056059789657592,0.0005650388291758,87,29,0.0232796147465705,0.1730226576328277,EXPECTED_NULL
neural_ode,tc_h_T_zscore,3,tier3_shape_normalized,20.0,1,mlp_2,0.0001502037048339,0.0485438108444213,-0.0483936071395874,0.0094987916946411,0.0476190476190476,0.0056059789657592,0.0005650388291758,87,29,0.0231358557939529,0.2271790951490402,EXPECTED_NULL
neural_ode,tc_h_T_zscore,3,tier3_shape_normalized,20.0,2,ridge,0.0117781162261962,0.0101752758026123,0.0016028404235839,0.0059491795301437,0.0476190476190476,0.0058289366960525,0.000762163988271,84,28,0.1132638454437255,0.102497361600399,EXPECTED_NULL
neural_ode,tc_h_T_zscore,3,tier3_shape_normalized,20.0,2,mlp_1,0.0010980248916894,0.0148547170683741,-0.0137566921766847,0.0059491795301437,0.0476190476190476,0.0058289366960525,0.000762163988271,84,28,0.0381154827773571,0.1316913813352584,EXPECTED_NULL
neural_ode,tc_h_T_zscore,3,tier3_shape_normalized,20.0,2,mlp_2,0.002009427640587,0.0349284522235393,-0.0329190245829522,0.0059491795301437,0.0476190476190476,0.0058289366960525,0.000762163988271,84,28,0.0531195029616355,0.1962961256504058,EXPECTED_NULL
neural_ode,tc_h_T_zscore,3,tier3_shape_normalized,20.0,3,ridge,0.0208298444747924,0.0216215968132019,-0.0007917523384094,0.0162078458070755,0.0476190476190476,0.0046219986677169,0.000589497866378,78,26,0.1523147523403167,0.1488161236047744,EXPECTED_NULL
neural_ode,tc_h_T_zscore,3,tier3_shape_normalized,20.0,3,mlp_1,0.0005356430774554,0.0244493000209331,-0.0239136569434776,0.0162078458070755,0.0476190476190476,0.0046219986677169,0.000589497866378,78,26,0.0409465171396732,0.1608070433139801,EXPECTED_NULL
neural_ode,tc_h_T_zscore,3,tier3_shape_normalized,20.0,3,mlp_2,0.0049089789390563,0.0428568497300148,-0.0379478707909584,0.0162078458070755,0.0476190476190476,0.0046219986677169,0.000589497866378,78,26,0.0783521384000778,0.2138073146343231,EXPECTED_NULL
neural_ode,tc_h_T_zscore,3,tier3_shape_normalized,20.0,4,ridge,0.0278270006179809,0.0207673788070678,0.007059621810913,0.0112480336427688,0.0476190476190476,0.016578966975212,0.0011381776790915,99,33,0.1797499358654022,0.1460170894861221,EXPECTED_NULL
neural_ode,tc_h_T_zscore,3,tier3_shape_normalized,20.0,4,mlp_1,0.0007200241088867,0.0252235420048236,-0.0245035178959369,0.0112480336427688,0.0476190476190476,0.016578966975212,0.0011381776790915,99,33,0.0394494608044624,0.1622410416603088,EXPECTED_NULL
neural_ode,tc_h_T_zscore,3,tier3_shape_normalized,20.0,4,mlp_2,0.0008274436113424,0.0339374765753746,-0.0331100329640321,0.0112480336427688,0.0476190476190476,0.016578966975212,0.0011381776790915,99,33,0.0387508794665336,0.1898330152034759,EXPECTED_NULL
neural_ode,tc_m_h_zscore,3,tier3_shape_normalized,100.0,0,ridge,0.0126408576965332,0.0110654830932617,0.0015753746032714,0.0113554668426513,0.0476190476190476,0.0012853908538818,0.0005836779040267,66,22,0.1166132092475891,0.1098706275224685,EXPECTED_NULL
neural_ode,tc_m_h_zscore,3,tier3_shape_normalized,100.0,0,mlp_1,0.0001628994941711,0.0187027100473642,-0.018539810553193,0.0113554668426513,0.0476190476190476,0.0012853908538818,0.0005836779040267,66,22,0.0359324403107166,0.1446147710084915,EXPECTED_NULL
neural_ode,tc_m_h_zscore,3,tier3_shape_normalized,100.0,0,mlp_2,0.0003209114074707,0.0337818637490272,-0.0334609523415565,0.0113554668426513,0.0476190476190476,0.0012853908538818,0.0005836779040267,66,22,0.0376230999827384,0.1938759386539459,EXPECTED_NULL
neural_ode,tc_m_h_zscore,3,tier3_shape_normalized,100.0,1,ridge,0.0117212057113647,0.0099572896957397,0.001763916015625,0.0092437785863876,0.0476190476190476,0.0024774271249771,0.0004609574452019,72,24,0.1189305931329727,0.1055245175957679,EXPECTED_NULL
neural_ode,tc_m_h_zscore,3,tier3_shape_normalized,100.0,1,mlp_1,-0.0015143156051635,0.0193886645138263,-0.0209029801189899,0.0092437785863876,0.0476190476190476,0.0024774271249771,0.0004609574452019,72,24,0.0144991520792245,0.1451164782047271,EXPECTED_NULL
neural_ode,tc_m_h_zscore,3,tier3_shape_normalized,100.0,1,mlp_2,-0.0010050296550616,0.0339100956916809,-0.0349151253467425,0.0092437785863876,0.0476190476190476,0.0024774271249771,0.0004609574452019,72,24,0.0157237704843282,0.1916023939847946,EXPECTED_NULL
neural_ode,tc_m_h_zscore,3,tier3_shape_normalized,100.0,2,ridge,0.0129756927490234,0.0081993103027343,0.004776382446289,0.0102034097909927,0.0476190476190476,0.0027722829580307,0.0005962667075345,69,23,0.1176173090934753,0.0931003093719482,EXPECTED_NULL
neural_ode,tc_m_h_zscore,3,tier3_shape_normalized,100.0,2,mlp_1,0.0026712417602539,0.0104112979024648,-0.0077400561422109,0.0102034097909927,0.0476190476190476,0.0027722829580307,0.0005962667075345,69,23,0.0565791204571723,0.1049882397055625,EXPECTED_NULL
neural_ode,tc_m_h_zscore,3,tier3_shape_normalized,100.0,2,mlp_2,0.0032552003394812,0.0225560180842876,-0.0193008177448064,0.0102034097909927,0.0476190476190476,0.0027722829580307,0.0005962667075345,69,23,0.0601183176040649,0.1577091962099075,EXPECTED_NULL
neural_ode,tc_m_h_zscore,3,tier3_shape_normalized,100.0,3,ridge,0.0076713442802429,0.0113346219062805,-0.0036632776260375,0.0069807720184326,0.0476190476190476,0.0006905722618103,0.0004236669963849,66,22,0.0927458852529525,0.1112245768308639,EXPECTED_NULL
neural_ode,tc_m_h_zscore,3,tier3_shape_normalized,100.0,3,mlp_1,0.0002311825810465,0.011842262931168,-0.0116110803501214,0.0069807720184326,0.0476190476190476,0.0006905722618103,0.0004236669963849,66,22,0.0372640267014503,0.1090520024299621,EXPECTED_NULL
neural_ode,tc_m_h_zscore,3,tier3_shape_normalized,100.0,3,mlp_2,0.0007242917781695,0.0281490925699472,-0.0274248007917776,0.0069807720184326,0.0476190476190476,0.0006905722618103,0.0004236669963849,66,22,0.041925735771656,0.1752786934375763,EXPECTED_NULL
neural_ode,tc_m_h_zscore,3,tier3_shape_normalized,100.0,4,ridge,0.015497612953186,0.0149595975875854,0.0005380153656005,0.0090504932403564,0.0476190476190476,0.0064471197128295,0.0008010331254673,81,27,0.1333062648773193,0.1255478858947754,EXPECTED_NULL
neural_ode,tc_m_h_zscore,3,tier3_shape_normalized,100.0,4,mlp_1,-0.0006469011423178,0.017382001504302,-0.0180289026466198,0.0090504932403564,0.0476190476190476,0.0064471197128295,0.0008010331254673,81,27,0.0301878191530704,0.1355262100696563,EXPECTED_NULL
neural_ode,tc_m_h_zscore,3,tier3_shape_normalized,100.0,4,mlp_2,-9.54270362854004e-05,0.0213864333927631,-0.0214818604290485,0.0090504932403564,0.0476190476190476,0.0064471197128295,0.0008010331254673,81,27,0.031111916527152,0.1505344808101654,EXPECTED_NULL
neural_ode,tc_m_T_rank,3,tier3_shape_normalized,1.0,0,ridge,0.0231750726699829,0.0129400491714477,0.0102350234985351,0.0233583295345306,0.0476190476190476,-0.0001832568645477,0.0003655190663332,51,17,0.1582106053829193,0.1234030574560165,EXPECTED_NULL
neural_ode,tc_m_T_rank,3,tier3_shape_normalized,1.0,0,mlp_1,-0.0042351009324193,-0.0040012476965785,-0.0002338532358407,0.0233583295345306,0.0476190476190476,-0.0001832568645477,0.0003655190663332,51,17,0.0574359595775604,0.0962058901786804,EXPECTED_NULL
neural_ode,tc_m_T_rank,3,tier3_shape_normalized,1.0,0,mlp_2,0.0005159497377462,0.0099340081214904,-0.0094180583837442,0.0233583295345306,0.0476190476190476,-0.0001832568645477,0.0003655190663332,51,17,0.0775871723890304,0.1310580223798751,EXPECTED_NULL
neural_ode,tc_m_T_rank,3,tier3_shape_normalized,1.0,1,ridge,0.0106807231903076,0.0162350296974182,-0.0055543065071105,0.0105272245407104,0.0476190476190476,0.0001534986495971,0.0006084132291778,51,17,0.1091444864869117,0.1296559423208236,EXPECTED_NULL
neural_ode,tc_m_T_rank,3,tier3_shape_normalized,1.0,1,mlp_1,-0.005521940998733,-0.0089486837387084,0.0034267427399754,0.0105272245407104,0.0476190476190476,0.0001534986495971,0.0006084132291778,51,17,0.0252957232296466,0.0783495754003524,EXPECTED_NULL
neural_ode,tc_m_T_rank,3,tier3_shape_normalized,1.0,1,mlp_2,-0.0013662338024005,0.0083191394805908,-0.0096853732829913,0.0105272245407104,0.0476190476190476,0.0001534986495971,0.0006084132291778,51,17,0.0424435660243034,0.1231480091810226,EXPECTED_NULL
neural_ode,tc_m_T_rank,3,tier3_shape_normalized,1.0,2,ridge,0.0217181801795959,0.0153001546859741,0.0064180254936218,0.0209731376171112,0.0476190476190476,0.0007450425624847,0.0006797186121783,51,17,0.152127519249916,0.1268299371004104,EXPECTED_NULL
neural_ode,tc_m_T_rank,3,tier3_shape_normalized,1.0,2,mlp_1,-0.0085660461336374,0.0007645726436749,-0.0093306187773123,0.0209731376171112,0.0476190476190476,0.0007450425624847,0.0006797186121783,51,17,0.0180488228797912,0.0968318134546279,EXPECTED_NULL
neural_ode,tc_m_T_rank,3,tier3_shape_normalized,1.0,2,mlp_2,-0.0015661239158362,0.0113486051559448,-0.012914729071781,0.0209731376171112,0.0476190476190476,0.0007450425624847,0.0006797186121783,51,17,0.0265529546886682,0.1230484843254089,EXPECTED_NULL
neural_ode,tc_m_T_rank,3,tier3_shape_normalized,1.0,3,ridge,0.0049454450607299,0.0101878404617309,-0.0052423954010009,0.0049977481365203,0.0476190476190476,-5.230307579040526e-05,0.0005510075286764,51,17,0.0793996602296829,0.1049854531884193,EXPECTED_NULL
neural_ode,tc_m_T_rank,3,tier3_shape_normalized,1.0,3,mlp_1,-0.0142680406570434,-0.0119582768529653,-0.0023097638040781,0.0049977481365203,0.0476190476190476,-5.230307579040526e-05,0.0005510075286764,51,17,0.0161056108772754,0.0694414004683494,EXPECTED_NULL
neural_ode,tc_m_T_rank,3,tier3_shape_normalized,1.0,3,mlp_2,-0.0026757479645311,0.0021216750610619,-0.0047974230255931,0.0049977481365203,0.0476190476190476,-5.230307579040526e-05,0.0005510075286764,51,17,0.0201040618121624,0.0951752960681915,EXPECTED_NULL
neural_ode,tc_m_T_rank,3,tier3_shape_normalized,1.0,4,ridge,0.0157402753829956,0.0172466397285461,-0.0015063643455505,0.0138363671302795,0.0476190476190476,0.001903908252716,0.0005246680827097,54,18,0.1375373601913452,0.135600596666336,EXPECTED_NULL
neural_ode,tc_m_T_rank,3,tier3_shape_normalized,1.0,4,mlp_1,-0.0092610595747828,-0.0197030063718557,0.0104419467970728,0.0138363671302795,0.0476190476190476,0.001903908252716,0.0005246680827097,54,18,0.0074561377987265,0.0524020865559577,EXPECTED_NULL
neural_ode,tc_m_T_rank,3,tier3_shape_normalized,1.0,4,mlp_2,-0.0029005766846239,0.0099794268608093,-0.0128800035454332,0.0138363671302795,0.0476190476190476,0.001903908252716,0.0005246680827097,54,18,0.0121231954544782,0.1196720153093338,EXPECTED_NULL
neural_ode,tc_h_T_rank,3,tier3_shape_normalized,20.0,0,ridge,0.0057527899742126,0.0122805476188659,-0.0065277576446533,0.00367156624794,0.0476190476190476,0.0020812237262725,0.0006128001679367,75,25,0.0792498439550399,0.114063560962677,EXPECTED_NULL
neural_ode,tc_h_T_rank,3,tier3_shape_normalized,20.0,0,mlp_1,-0.00450558681041,-0.0050621987320482,0.0005566119216382,0.00367156624794,0.0476190476190476,0.0020812237262725,0.0006128001679367,75,25,0.0058666272088885,0.0781524032354354,EXPECTED_NULL
neural_ode,tc_h_T_rank,3,tier3_shape_normalized,20.0,0,mlp_2,-0.0019409656524658,0.0060892938636243,-0.0080302595160901,0.00367156624794,0.0476190476190476,0.0020812237262725,0.0006128001679367,75,25,0.0158061645925045,0.1046061292290687,EXPECTED_NULL
neural_ode,tc_h_T_rank,3,tier3_shape_normalized,20.0,1,ridge,0.0140009403228759,0.0201810240745544,-0.0061800837516784,0.0106724351644515,0.0476190476190476,0.0033285051584243,0.0005797323203642,75,25,0.125396192073822,0.1432897746562957,EXPECTED_NULL
neural_ode,tc_h_T_rank,3,tier3_shape_normalized,20.0,1,mlp_1,-0.0009509801748208,0.0041066287085413,-0.0050576088833622,0.0106724351644515,0.0476190476190476,0.0033285051584243,0.0005797323203642,75,25,0.0318419784307479,0.1077107936143875,EXPECTED_NULL
neural_ode,tc_h_T_rank,3,tier3_shape_normalized,20.0,1,mlp_2,0.0008197784190997,0.0080856205895543,-0.0072658421704545,0.0106724351644515,0.0476190476190476,0.0033285051584243,0.0005797323203642,75,25,0.0514205619692802,0.1184253469109535,EXPECTED_NULL
neural_ode,tc_h_T_rank,3,tier3_shape_normalized,20.0,2,ridge,0.0106226801872253,0.0066145896911621,0.0040080904960632,0.0051980483531951,0.0476190476190476,0.0054246318340301,0.0008834084459261,75,25,0.1056992188096046,0.0859633833169937,EXPECTED_NULL
neural_ode,tc_h_T_rank,3,tier3_shape_normalized,20.0,2,mlp_1,-0.0106008052825927,0.0002738356706686,-0.0108746409532614,0.0051980483531951,0.0476190476190476,0.0054246318340301,0.0008834084459261,75,25,0.0104096848517656,0.0627664774656295,EXPECTED_NULL
neural_ode,tc_h_T_rank,3,tier3_shape_normalized,20.0,2,mlp_2,-0.0008397459750995,-0.0007030129199847,-0.0001367330551147,0.0051980483531951,0.0476190476190476,0.0054246318340301,0.0008834084459261,75,25,0.0294261611998081,0.0705543681979179,EXPECTED_NULL
neural_ode,tc_h_T_rank,3,tier3_shape_normalized,20.0,3,ridge,0.0177743554115295,0.0167479395866394,0.0010264158248901,0.0158204567432403,0.0476190476190476,0.0019538986682891,0.0005301060451122,72,24,0.1437209099531173,0.1324846148490905,EXPECTED_NULL
neural_ode,tc_h_T_rank,3,tier3_shape_normalized,20.0,3,mlp_1,-0.0024478912819176,-0.009739076718688,0.0072911854367703,0.0158204567432403,0.0476190476190476,0.0019538986682891,0.0005301060451122,72,24,0.0258022341877222,0.0562099516391754,EXPECTED_NULL
neural_ode,tc_h_T_rank,3,tier3_shape_normalized,20.0,3,mlp_2,0.0003944039344787,0.0070818187668919,-0.0066874148324131,0.0158204567432403,0.0476190476190476,0.0019538986682891,0.0005301060451122,72,24,0.0521632209420204,0.1060193926095962,EXPECTED_NULL
neural_ode,tc_h_T_rank,3,tier3_shape_normalized,20.0,4,ridge,0.0291038393974304,0.0198613762855529,0.0092424631118774,0.0212686175107955,0.0476190476190476,0.0078352218866348,0.0009198476028804,81,27,0.1854757517576217,0.1433899402618408,EXPECTED_NULL
neural_ode,tc_h_T_rank,3,tier3_shape_normalized,20.0,4,mlp_1,-0.0025557638145983,0.0061926483176648,-0.0087484121322631,0.0212686175107955,0.0476190476190476,0.0078352218866348,0.0009198476028804,81,27,0.026251072064042,0.1206821426749229,EXPECTED_NULL
neural_ode,tc_h_T_rank,3,tier3_shape_normalized,20.0,4,mlp_2,-0.0028306723106652,0.0083706378936767,-0.011201310204342,0.0212686175107955,0.0476190476190476,0.0078352218866348,0.0009198476028804,81,27,0.0286109037697315,0.1321420669555664,EXPECTED_NULL
neural_ode,tc_m_h_rank,3,tier3_shape_normalized,100.0,0,ridge,0.0162831783294677,0.0107316851615905,0.0055514931678771,0.0162306231260299,0.0476190476190476,5.2555203437805184e-05,0.0004744103430712,54,18,0.1320108473300933,0.1103890761733055,EXPECTED_NULL
neural_ode,tc_m_h_rank,3,tier3_shape_normalized,100.0,0,mlp_1,0.0009190201526507,-0.0002175569534301,0.0011365771060809,0.0162306231260299,0.0476190476190476,5.2555203437805184e-05,0.0004744103430712,54,18,0.0567930750548839,0.0906326919794082,EXPECTED_NULL
neural_ode,tc_m_h_rank,3,tier3_shape_normalized,100.0,0,mlp_2,-0.0011436581844463,0.0087229367345571,-0.0098665949190035,0.0162306231260299,0.0476190476190476,5.2555203437805184e-05,0.0004744103430712,54,18,0.0534843802452087,0.1174716353416442,EXPECTED_NULL
neural_ode,tc_m_h_rank,3,tier3_shape_normalized,100.0,1,ridge,0.0098318696022033,0.0105969786643981,-0.0007651090621948,0.0093546372652053,0.0476190476190476,0.0004772323369979,0.0004291261298752,54,18,0.1071511134505271,0.1087116748094558,EXPECTED_NULL
neural_ode,tc_m_h_rank,3,tier3_shape_normalized,100.0,1,mlp_1,-0.0117062330245971,-0.0170859936624765,0.0053797606378793,0.0093546372652053,0.0476190476190476,0.0004772323369979,0.0004291261298752,54,18,0.0169442109763622,0.0640103071928024,EXPECTED_NULL
neural_ode,tc_m_h_rank,3,tier3_shape_normalized,100.0,1,mlp_2,-0.0026000379584729,0.000935542571824,-0.003535580530297,0.0093546372652053,0.0476190476190476,0.0004772323369979,0.0004291261298752,54,18,0.0224183164536952,0.0923749729990959,EXPECTED_NULL
neural_ode,tc_m_h_rank,3,tier3_shape_normalized,100.0,2,ridge,0.0129289746284484,0.0064066767692565,0.0065222978591918,0.0120385068655014,0.0476190476190476,0.000890467762947,0.0007262640438762,51,17,0.1190863102674484,0.0870703011751174,EXPECTED_NULL
neural_ode,tc_m_h_rank,3,tier3_shape_normalized,100.0,2,mlp_1,-0.0079681994393467,-0.0171622522175312,0.0091940527781844,0.0120385068655014,0.0476190476190476,0.000890467762947,0.0007262640438762,51,17,0.0207450464367866,0.0380959957838058,EXPECTED_NULL
neural_ode,tc_m_h_rank,3,tier3_shape_normalized,100.0,2,mlp_2,-0.0022425889037549,-0.0029910325538367,0.0007484436500817,0.0120385068655014,0.0476190476190476,0.000890467762947,0.0007262640438762,51,17,0.0284542683511972,0.0634922012686729,EXPECTED_NULL
neural_ode,tc_m_h_rank,3,tier3_shape_normalized,100.0,3,ridge,0.0025551795959472,0.0067964911460876,-0.0042413115501403,0.002693133354187,0.0476190476190476,-0.0001379537582397,0.0004621733126689,51,17,0.0589077845215797,0.0884579643607139,EXPECTED_NULL
neural_ode,tc_m_h_rank,3,tier3_shape_normalized,100.0,3,mlp_1,-0.0069520710967481,-0.0137331364676356,0.0067810653708875,0.002693133354187,0.0476190476190476,-0.0001379537582397,0.0004621733126689,51,17,0.0115580288693308,0.0350676365196704,EXPECTED_NULL
neural_ode,tc_m_h_rank,3,tier3_shape_normalized,100.0,3,mlp_2,-0.0021894215606153,-0.010628342628479,0.0084389210678637,0.002693133354187,0.0476190476190476,-0.0001379537582397,0.0004621733126689,51,17,0.0222461484372615,0.0482578091323375,EXPECTED_NULL
neural_ode,tc_m_h_rank,3,tier3_shape_normalized,100.0,4,ridge,0.0113398551940917,0.0116853475570678,-0.000345492362976,0.008754585981369,0.0476190476190476,0.0025852692127227,0.000499209343419,60,20,0.1153621226549148,0.1126659661531448,EXPECTED_NULL
neural_ode,tc_m_h_rank,3,tier3_shape_normalized,100.0,4,mlp_1,-0.0051238536834716,0.0048816921189427,-0.0100055458024144,0.008754585981369,0.0476190476190476,0.0025852692127227,0.000499209343419,60,20,0.0234040357172489,0.1062937229871749,EXPECTED_NULL
neural_ode,tc_m_h_rank,3,tier3_shape_normalized,100.0,4,mlp_2,-0.0048949839547276,0.0085587026551365,-0.0134536866098642,0.008754585981369,0.0476190476190476,0.0025852692127227,0.000499209343419,60,20,0.0196502096951007,0.1120262145996093,EXPECTED_NULL
neural_ode,gabaa_per_tc,1,existing_synaptic,5.0,0,ridge,0.4680615782737732,0.3605981230735778,0.1074634552001953,0.001647258400917,0.0476190476190476,0.4664143198728562,0.0002591278792168,1500,500,0.6830059289932251,0.6027145385742188,SPURIOUS
neural_ode,gabaa_per_tc,1,existing_synaptic,5.0,0,mlp_1,-0.2551057338714599,-0.1075602024793624,-0.1475455313920974,0.001647258400917,0.0476190476190476,0.4664143198728562,0.0002591278792168,1500,500,0.0959932059049606,0.1461884677410125,GENUINE_ZOMBIE
neural_ode,gabaa_per_tc,1,existing_synaptic,5.0,0,mlp_2,0.3855332732200622,0.1476082652807235,0.2379250079393386,0.001647258400917,0.0476190476190476,0.4664143198728562,0.0002591278792168,1500,500,0.6225849986076355,0.3986585438251495,SPURIOUS
neural_ode,gabaa_per_tc,1,existing_synaptic,5.0,1,ridge,0.3916822075843811,0.3028364539146423,0.0888457536697387,0.0031077516078948,0.3333333333333333,0.3885744559764862,0.0039895648197219,57,19,0.6255080699920654,0.5517501831054688,SPURIOUS
neural_ode,gabaa_per_tc,1,existing_synaptic,5.0,1,mlp_1,-0.1900223195552826,-0.1134966164827346,-0.0765257030725479,0.0031077516078948,0.3333333333333333,0.3885744559764862,0.0039895648197219,57,19,0.1055454015731811,0.098024696111679,GENUINE_ZOMBIE
neural_ode,gabaa_per_tc,1,existing_synaptic,5.0,1,mlp_2,0.3166294395923614,0.1092884689569473,0.2073409706354141,0.0031077516078948,0.3333333333333333,0.3885744559764862,0.0039895648197219,57,19,0.5661419630050659,0.3431307375431061,SPURIOUS
neural_ode,gabaa_per_tc,1,existing_synaptic,5.0,2,ridge,0.3180170059204101,0.2462920188903808,0.0717249870300293,-0.0275989139080047,1.0,0.3456159198284149,0.003491102906625,51,17,0.5784258246421814,0.5131942629814148,SPURIOUS
neural_ode,gabaa_per_tc,1,existing_synaptic,5.0,2,mlp_1,-0.1980005502700805,-0.1162664890289306,-0.0817340612411499,-0.0275989139080047,1.0,0.3456159198284149,0.003491102906625,51,17,0.0839503929018974,0.0809123516082763,GENUINE_ZOMBIE
neural_ode,gabaa_per_tc,1,existing_synaptic,5.0,2,mlp_2,0.2436501532793045,0.0926909893751144,0.15095916390419,-0.0275989139080047,1.0,0.3456159198284149,0.003491102906625,51,17,0.5163469910621643,0.338763952255249,SPURIOUS
neural_ode,gabaa_per_tc,1,existing_synaptic,5.0,3,ridge,0.380265474319458,0.2930147528648376,0.0872507214546203,-0.0059272968769073,0.9047619047619048,0.3861927711963653,0.0034520426841723,51,17,0.6122146844863892,0.5393568277359009,SPURIOUS
neural_ode,gabaa_per_tc,1,existing_synaptic,5.0,3,mlp_1,-0.1949791014194488,-0.1092590317130088,-0.0857200697064399,-0.0059272968769073,0.9047619047619048,0.3861927711963653,0.0034520426841723,51,17,0.0895136445760726,0.1020419597625732,GENUINE_ZOMBIE
neural_ode,gabaa_per_tc,1,existing_synaptic,5.0,3,mlp_2,0.304749071598053,0.1210899502038955,0.1836591213941574,-0.0059272968769073,0.9047619047619048,0.3861927711963653,0.0034520426841723,51,17,0.5516169667243958,0.3548310399055481,SPURIOUS
neural_ode,gabaa_per_tc,1,existing_synaptic,5.0,4,ridge,0.3080728054046631,0.2429592370986938,0.0651135683059692,0.0029986929893493,0.1428571428571428,0.3050741124153137,0.0025860083128356,50,5,0.5490027666091919,0.488318920135498,SPURIOUS
neural_ode,gabaa_per_tc,1,existing_synaptic,5.0,4,mlp_1,-0.1625899374485016,-0.0792096108198165,-0.083380326628685,0.0029986929893493,0.1428571428571428,0.3050741124153137,0.0025860083128356,50,5,0.0737911611795425,0.0961870849132537,GENUINE_ZOMBIE
neural_ode,gabaa_per_tc,1,existing_synaptic,5.0,4,mlp_2,0.2499559819698333,0.0884826555848121,0.1614733263850212,0.0029986929893493,0.1428571428571428,0.3050741124153137,0.0025860083128356,50,5,0.5010396242141724,0.3082575798034668,SPURIOUS
neural_ode,gabab_per_tc,1,existing_synaptic,150.0,0,ridge,0.9674334049224852,0.7554496049880981,0.2119837999343872,0.002684803009033,0.0476190476190476,0.9647486019134522,0.0004383602519126,1500,500,0.9836539030075072,0.8726736307144165,SPURIOUS
neural_ode,gabab_per_tc,1,existing_synaptic,150.0,0,mlp_1,0.816024661064148,0.4489410519599914,0.3670836091041565,0.002684803009033,0.0476190476190476,0.9647486019134522,0.0004383602519126,1500,500,0.9077240228652954,0.69046550989151,SPURIOUS
neural_ode,gabab_per_tc,1,existing_synaptic,150.0,0,mlp_2,0.8380918502807617,0.6110216379165649,0.2270702123641967,0.002684803009033,0.0476190476190476,0.9647486019134522,0.0004383602519126,1500,500,0.9193068742752076,0.7957147359848022,SPURIOUS
neural_ode,gabab_per_tc,1,existing_synaptic,150.0,1,ridge,0.9651002168655396,0.7541472792625428,0.2109529376029968,0.0027400428056717,0.0476190476190476,0.9623601740598678,0.0004437520221868,1500,500,0.9825650453567504,0.8719765543937683,SPURIOUS
neural_ode,gabab_per_tc,1,existing_synaptic,150.0,1,mlp_1,0.7815027236938477,0.4924134612083435,0.2890892624855041,0.0027400428056717,0.0476190476190476,0.9623601740598678,0.0004437520221868,1500,500,0.893187403678894,0.7160822153091431,SPURIOUS
neural_ode,gabab_per_tc,1,existing_synaptic,150.0,1,mlp_2,0.8391485214233398,0.6060092449188232,0.2331392765045166,0.0027400428056717,0.0476190476190476,0.9623601740598678,0.0004437520221868,1500,500,0.9196783304214478,0.792633056640625,SPURIOUS
neural_ode,gabab_per_tc,1,existing_synaptic,150.0,2,ridge,0.9593888640403748,0.749605393409729,0.2097834706306457,0.002721454501152,0.0476190476190476,0.9566674095392228,0.000461301140041,1500,500,0.9804919958114624,0.8702548146247864,SPURIOUS
neural_ode,gabab_per_tc,1,existing_synaptic,150.0,2,mlp_1,0.7933497428894043,0.4804252982139587,0.3129244446754455,0.002721454501152,0.0476190476190476,0.9566674095392228,0.000461301140041,1500,500,0.8965393900871277,0.7115222215652466,SPURIOUS
neural_ode,gabab_per_tc,1,existing_synaptic,150.0,2,mlp_2,0.8286314010620117,0.6314154863357544,0.1972159147262573,0.002721454501152,0.0476190476190476,0.9566674095392228,0.000461301140041,1500,500,0.9151126742362976,0.8083111047744751,SPURIOUS
neural_ode,gabab_per_tc,1,existing_synaptic,150.0,3,ridge,0.9665832757949828,0.7547623872756958,0.2118208885192871,0.0026507276296614,0.0476190476190476,0.9639325481653216,0.0004382048790847,1500,500,0.98320734500885,0.8722392320632935,SPURIOUS
neural_ode,gabab_per_tc,1,existing_synaptic,150.0,3,mlp_1,0.7990902066230774,0.460911750793457,0.3381784558296203,0.0026507276296614,0.0476190476190476,0.9639325481653216,0.0004382048790847,1500,500,0.9009634256362916,0.6953911781311035,SPURIOUS
neural_ode,gabab_per_tc,1,existing_synaptic,150.0,3,mlp_2,0.8364256024360657,0.6156507730484009,0.2207748293876648,0.0026507276296614,0.0476190476190476,0.9639325481653216,0.0004382048790847,1500,500,0.9182181358337402,0.8002815246582031,SPURIOUS
neural_ode,gabab_per_tc,1,existing_synaptic,150.0,4,ridge,0.9669336080551147,0.7546746492385864,0.2122589588165283,0.0027084529399872,0.0476190476190476,0.9642251551151276,0.000445097398646,1500,500,0.9835107922554016,0.8722995519638062,SPURIOUS
neural_ode,gabab_per_tc,1,existing_synaptic,150.0,4,mlp_1,0.7910008430480957,0.4739737510681152,0.3170270919799804,0.0027084529399872,0.0476190476190476,0.9642251551151276,0.000445097398646,1500,500,0.8965204954147339,0.704979419708252,SPURIOUS
neural_ode,gabab_per_tc,1,existing_synaptic,150.0,4,mlp_2,0.8390070199966431,0.6134517192840576,0.2255553007125854,0.0027084529399872,0.0476190476190476,0.9642251551151276,0.000445097398646,1500,500,0.9194034337997437,0.7967309355735779,SPURIOUS
volterra,G_T,1,tier1_identifiable,5.0,0,ridge,0.6255706906318664,0.6255706906318664,0.0,0.6224302291870117,0.0476190476190476,0.0031404614448547,0.0006517967463627,50,8,0.7915130853652954,0.7915130853652954,STRUCTURAL
volterra,G_T,1,tier1_identifiable,5.0,0,mlp_1,0.7144392132759094,0.7134186029434204,0.001020610332489,0.6224302291870117,0.0476190476190476,0.0031404614448547,0.0006517967463627,50,8,0.8476341962814331,0.8476206064224243,STRUCTURAL
volterra,G_T,1,tier1_identifiable,5.0,0,mlp_2,0.629520833492279,0.7160341739654541,-0.086513340473175,0.6224302291870117,0.0476190476190476,0.0031404614448547,0.0006517967463627,50,8,0.8235767483711243,0.8583049774169922,STRUCTURAL
volterra,G_T,1,tier1_identifiable,5.0,1,ridge,0.4962033748626709,0.4962033748626709,0.0,0.4934915256500244,0.0476190476190476,0.0027118492126464,0.0006051154932621,50,8,0.7081714868545532,0.7081714868545532,STRUCTURAL
volterra,G_T,1,tier1_identifiable,5.0,1,mlp_1,0.5842366218566895,0.5875018835067749,-0.0032652616500854,0.4934915256500244,0.0476190476190476,0.0027118492126464,0.0006051154932621,50,8,0.7680195569992065,0.7716439962387085,STRUCTURAL
volterra,G_T,1,tier1_identifiable,5.0,1,mlp_2,0.5461670160293579,0.5590481162071228,-0.0128811001777648,0.4934915256500244,0.0476190476190476,0.0027118492126464,0.0006051154932621,50,8,0.7558807134628296,0.7729424238204956,STRUCTURAL
volterra,G_T,1,tier1_identifiable,5.0,2,ridge,0.4550884962081909,0.4550884962081909,0.0,0.4479656362533569,0.0476190476190476,0.0071228599548339,0.0013728960750087,50,8,0.6787227392196655,0.6787227392196655,STRUCTURAL
volterra,G_T,1,tier1_identifiable,5.0,2,mlp_1,0.5307119488716125,0.5318320393562317,-0.0011200904846191,0.4479656362533569,0.0476190476190476,0.0071228599548339,0.0013728960750087,50,8,0.7334251403808594,0.733084499835968,STRUCTURAL
volterra,G_T,1,tier1_identifiable,5.0,2,mlp_2,0.4937021732330322,0.5143370628356934,-0.0206348896026611,0.4479656362533569,0.0476190476190476,0.0071228599548339,0.0013728960750087,50,8,0.7307654619216919,0.7324341535568237,STRUCTURAL
volterra,G_T,1,tier1_identifiable,5.0,3,ridge,0.5086992263793946,0.5086992263793946,0.0,0.5046773248910904,0.0476190476190476,0.0040219014883041,0.0010759283671118,50,8,0.7145358324050903,0.7145358324050903,STRUCTURAL
volterra,G_T,1,tier1_identifiable,5.0,3,mlp_1,0.5992552042007446,0.6096338033676147,-0.0103785991668701,0.5046773248910904,0.0476190476190476,0.0040219014883041,0.0010759283671118,50,8,0.7774615287780762,0.784172773361206,STRUCTURAL
volterra,G_T,1,tier1_identifiable,5.0,3,mlp_2,0.6375312805175781,0.6044844388961792,0.0330468416213989,0.5046773248910904,0.0476190476190476,0.0040219014883041,0.0010759283671118,50,8,0.8161914944648743,0.7870564460754395,STRUCTURAL
volterra,G_T,1,tier1_identifiable,5.0,4,ridge,0.4612897515296936,0.4612897515296936,0.0,0.4607592010498046,0.0476190476190476,0.0005305504798889,0.0003971075590672,50,9,0.6831487417221069,0.6831487417221069,STRUCTURAL
volterra,G_T,1,tier1_identifiable,5.0,4,mlp_1,0.5313359498977661,0.5348284244537354,-0.0034924745559692,0.4607592010498046,0.0476190476190476,0.0005305504798889,0.0003971075590672,50,9,0.7340248823165894,0.7346453666687012,STRUCTURAL
volterra,G_T,1,tier1_identifiable,5.0,4,mlp_2,0.5226317644119263,0.4821010231971741,0.0405307412147522,0.4607592010498046,0.0476190476190476,0.0005305504798889,0.0003971075590672,50,9,0.7395629286766052,0.7188037633895874,STRUCTURAL
volterra,G_h,1,tier1_identifiable,100.0,0,ridge,0.6375166296958923,0.6375166296958923,0.0,0.5035953700542449,0.0476190476190476,0.1339212596416473,0.0032651285685187,87,29,0.7996596097946167,0.7996596097946167,STRUCTURAL
volterra,G_h,1,tier1_identifiable,100.0,0,mlp_1,0.2528145015239715,0.0632735714316368,0.1895409300923347,0.5035953700542449,0.0476190476190476,0.1339212596416473,0.0032651285685187,87,29,0.6602225303649902,0.617272675037384,NONLINEAR_ENCODING
volterra,G_h,1,tier1_identifiable,100.0,0,mlp_2,-5.564943790435791,-4.621638298034668,-0.943305492401123,0.5035953700542449,0.0476190476190476,0.1339212596416473,0.0032651285685187,87,29,0.3896894156932831,0.4061198234558105,SCALE_AMBIGUITY
volterra,G_h,1,tier1_identifiable,100.0,1,ridge,0.6214423418045044,0.6214423418045044,0.0,0.5039750641584396,0.0476190476190476,0.1174672776460647,0.0023727796943645,90,30,0.7899889945983887,0.7899889945983887,STRUCTURAL
volterra,G_h,1,tier1_identifiable,100.0,1,mlp_1,0.3369137644767761,0.0124513385817408,0.3244624258950352,0.5039750641584396,0.0476190476190476,0.1174672776460647,0.0023727796943645,90,30,0.6805574297904968,0.6351314783096313,NONLINEAR_ENCODING
volterra,G_h,1,tier1_identifiable,100.0,1,mlp_2,-11.880352020263672,-14.631265640258787,2.750913619995117,0.5039750641584396,0.0476190476190476,0.1174672776460647,0.0023727796943645,90,30,0.1808962523937225,0.2046116292476654,GENUINE_ZOMBIE
volterra,G_h,1,tier1_identifiable,100.0,2,ridge,0.5873371005058289,0.5873371005058289,0.0,0.4769935095310211,0.0476190476190476,0.1103435909748077,0.0022490619806978,84,28,0.7672578692436218,0.7672578692436218,STRUCTURAL
volterra,G_h,1,tier1_identifiable,100.0,2,mlp_1,0.2545957863330841,-0.1481998264789581,0.4027956128120422,0.4769935095310211,0.0476190476190476,0.1103435909748077,0.0022490619806978,84,28,0.6440752148628235,0.5547580718994141,NONLINEAR_ENCODING
volterra,G_h,1,tier1_identifiable,100.0,2,mlp_2,-2.173214912414551,-7.173635959625244,5.000421047210693,0.4769935095310211,0.0476190476190476,0.1103435909748077,0.0022490619806978,84,28,0.452552855014801,0.4469249844551086,SCALE_AMBIGUITY
volterra,G_h,1,tier1_identifiable,100.0,3,ridge,0.6145440816879273,0.6145440816879273,0.0,0.4817927110195161,0.0476190476190476,0.1327513706684112,0.0032237669189525,87,29,0.7871095538139343,0.7871095538139343,STRUCTURAL
volterra,G_h,1,tier1_identifiable,100.0,3,mlp_1,0.0512769110500812,-0.0113840345293283,0.0626609455794096,0.4817927110195161,0.0476190476190476,0.1327513706684112,0.0032237669189525,87,29,0.6513950228691101,0.6198440790176392,NONLINEAR_ENCODING
volterra,G_h,1,tier1_identifiable,100.0,3,mlp_2,-8.812626838684082,-1.003657579421997,-7.808969259262085,0.4817927110195161,0.0476190476190476,0.1327513706684112,0.0032237669189525,87,29,0.2533096671104431,0.5482532978057861,GENUINE_ZOMBIE
volterra,G_h,1,tier1_identifiable,100.0,4,ridge,0.6079594254493713,0.6079594254493713,0.0,0.4596719050407409,0.0476190476190476,0.1482875204086303,0.0031349197051428,105,35,0.7806349396705627,0.7806349396705627,STRUCTURAL
volterra,G_h,1,tier1_identifiable,100.0,4,mlp_1,0.1436212658882141,0.3056432604789734,-0.1620219945907592,0.4596719050407409,0.0476190476190476,0.1482875204086303,0.0031349197051428,105,35,0.6405038237571716,0.6639112234115601,STRUCTURAL
volterra,G_h,1,tier1_identifiable,100.0,4,mlp_2,-7.613223075866699,-3.1026952266693115,-4.510527849197388,0.4596719050407409,0.0476190476190476,0.1482875204086303,0.0031349197051428,105,35,0.2568730115890503,0.4141870439052582,GENUINE_ZOMBIE
volterra,I_T,1,tier1_identifiable,5.0,0,ridge,0.6252289056777954,0.6252289056777954,0.0,0.6224666732549667,0.0476190476190476,0.0027622324228286,0.0006585515758973,50,9,0.7921788692474365,0.7921788692474365,STRUCTURAL
volterra,I_T,1,tier1_identifiable,5.0,0,mlp_1,0.7037132382392883,0.7035130262374878,0.0002002120018005,0.6224666732549667,0.0476190476190476,0.0027622324228286,0.0006585515758973,50,9,0.8399218320846558,0.8398319482803345,STRUCTURAL
volterra,I_T,1,tier1_identifiable,5.0,0,mlp_2,0.7480236291885376,0.7499065399169922,-0.0018829107284545,0.6224666732549667,0.0476190476190476,0.0027622324228286,0.0006585515758973,50,9,0.8663058280944824,0.8676055669784546,STRUCTURAL
volterra,I_T,1,tier1_identifiable,5.0,1,ridge,0.5024216651916504,0.5024216651916504,0.0,0.5006416952610017,0.0476190476190476,0.0017799699306488,0.0007021428054894,50,9,0.7124533653259277,0.7124533653259277,STRUCTURAL
volterra,I_T,1,tier1_identifiable,5.0,1,mlp_1,0.5771514773368835,0.5761764645576477,0.0009750127792358,0.5006416952610017,0.0476190476190476,0.0017799699306488,0.0007021428054894,50,9,0.7631020545959473,0.7624494433403015,STRUCTURAL
volterra,I_T,1,tier1_identifiable,5.0,1,mlp_2,0.6296601295471191,0.6149996519088745,0.0146604776382446,0.5006416952610017,0.0476190476190476,0.0017799699306488,0.0007021428054894,50,9,0.7969176769256592,0.7874138951301575,STRUCTURAL
volterra,I_T,1,tier1_identifiable,5.0,2,ridge,0.4541400551795959,0.4541400551795959,0.0,0.4475904715061187,0.0476190476190476,0.0065495836734771,0.0013074350775321,50,9,0.6792565584182739,0.6792565584182739,STRUCTURAL
volterra,I_T,1,tier1_identifiable,5.0,2,mlp_1,0.5391530394554138,0.5374278426170349,0.0017251968383789,0.4475904715061187,0.0476190476190476,0.0065495836734771,0.0013074350775321,50,9,0.7387912273406982,0.7375504970550537,STRUCTURAL
volterra,I_T,1,tier1_identifiable,5.0,2,mlp_2,0.5630136132240295,0.5573711395263672,0.0056424736976623,0.4475904715061187,0.0476190476190476,0.0065495836734771,0.0013074350775321,50,9,0.7546268701553345,0.7502731084823608,STRUCTURAL
volterra,I_T,1,tier1_identifiable,5.0,3,ridge,0.5070060014724731,0.5070060014724731,0.0,0.5033196586370468,0.0476190476190476,0.0036863428354263,0.0010130447492962,50,9,0.7129668593406677,0.7129668593406677,STRUCTURAL
volterra,I_T,1,tier1_identifiable,5.0,3,mlp_1,0.5992156267166138,0.5995393991470337,-0.0003237724304199,0.5033196586370468,0.0476190476190476,0.0036863428354263,0.0010130447492962,50,9,0.775481104850769,0.7756974101066589,STRUCTURAL
volterra,I_T,1,tier1_identifiable,5.0,3,mlp_2,0.6675115823745728,0.6395991444587708,0.027912437915802,0.5033196586370468,0.0476190476190476,0.0036863428354263,0.0010130447492962,50,9,0.8197941780090332,0.8017862439155579,STRUCTURAL
volterra,I_T,1,tier1_identifiable,5.0,4,ridge,0.4488150715827942,0.4488150715827942,0.0,0.4482864248752594,0.0476190476190476,0.0005286467075347,0.0004362240680014,50,9,0.6737791299819946,0.6737791299819946,STRUCTURAL
volterra,I_T,1,tier1_identifiable,5.0,4,mlp_1,0.5286032557487488,0.5319239497184753,-0.0033206939697265,0.4482864248752594,0.0476190476190476,0.0005286467075347,0.0004362240680014,50,9,0.7311399579048157,0.7332921028137207,STRUCTURAL
volterra,I_T,1,tier1_identifiable,5.0,4,mlp_2,0.5759440660476685,0.5748003125190735,0.0011437535285949,0.4482864248752594,0.0476190476190476,0.0005286467075347,0.0004362240680014,50,9,0.764410138130188,0.7632281184196472,STRUCTURAL
volterra,I_h,1,tier1_identifiable,100.0,0,ridge,0.6484933137893677,0.6484933137893677,0.0,0.5153401798009872,0.0476190476190476,0.1331531339883804,0.0024718654026676,90,30,0.8061483502388,0.8061483502388,STRUCTURAL
volterra,I_h,1,tier1_identifiable,100.0,0,mlp_1,0.7718947529792786,0.7675336003303528,0.0043611526489257,0.5153401798009872,0.0476190476190476,0.1331531339883804,0.0024718654026676,90,30,0.8793147802352905,0.8770173192024231,STRUCTURAL
volterra,I_h,1,tier1_identifiable,100.0,0,mlp_2,0.7811826467514038,0.7804457545280457,0.0007368922233581,0.5153401798009872,0.0476190476190476,0.1331531339883804,0.0024718654026676,90,30,0.8896313905715942,0.8895499110221863,STRUCTURAL
volterra,I_h,1,tier1_identifiable,100.0,1,ridge,0.6704097509384155,0.6704097509384155,0.0,0.5461633551120758,0.0476190476190476,0.1242463958263397,0.0039952450840198,96,32,0.8203821182250977,0.8203821182250977,STRUCTURAL
volterra,I_h,1,tier1_identifiable,100.0,1,mlp_1,0.7985019087791443,0.7991631031036377,-0.0006611943244934,0.5461633551120758,0.0476190476190476,0.1242463958263397,0.0039952450840198,96,32,0.8949777483940125,0.8950501680374146,STRUCTURAL
volterra,I_h,1,tier1_identifiable,100.0,1,mlp_2,0.8103262186050415,0.8045551180839539,0.0057711005210876,0.5461633551120758,0.0476190476190476,0.1242463958263397,0.0039952450840198,96,32,0.9051843881607056,0.9039546847343444,STRUCTURAL
volterra,I_h,1,tier1_identifiable,100.0,2,ridge,0.6598641395568847,0.6598641395568847,0.0,0.5476848095655441,0.0476190476190476,0.1121793299913406,0.0030920160417592,90,30,0.8131762742996216,0.8131762742996216,STRUCTURAL
volterra,I_h,1,tier1_identifiable,100.0,2,mlp_1,0.7738854885101318,0.7718459963798523,0.0020394921302795,0.5476848095655441,0.0476190476190476,0.1121793299913406,0.0030920160417592,90,30,0.881122887134552,0.8797747492790222,STRUCTURAL
volterra,I_h,1,tier1_identifiable,100.0,2,mlp_2,0.7724075317382812,0.7780024409294128,-0.0055949091911315,0.5476848095655441,0.0476190476190476,0.1121793299913406,0.0030920160417592,90,30,0.888586699962616,0.8894609212875366,STRUCTURAL
volterra,I_h,1,tier1_identifiable,100.0,3,ridge,0.6311124324798584,0.6311124324798584,0.0,0.4950611752271652,0.0476190476190476,0.1360512572526931,0.0035649161369249,90,30,0.7969280481338501,0.7969280481338501,STRUCTURAL
volterra,I_h,1,tier1_identifiable,100.0,3,mlp_1,0.7570462226867676,0.7567363977432251,0.0003098249435424,0.4950611752271652,0.0476190476190476,0.1360512572526931,0.0035649161369249,90,30,0.870769202709198,0.8706742525100708,STRUCTURAL
volterra,I_h,1,tier1_identifiable,100.0,3,mlp_2,0.7668377757072449,0.7692279815673828,-0.0023902058601379,0.4950611752271652,0.0476190476190476,0.1360512572526931,0.0035649161369249,90,30,0.8823645710945129,0.8831400871276855,STRUCTURAL
volterra,I_h,1,tier1_identifiable,100.0,4,ridge,0.6695316910743714,0.6695316910743714,0.0,0.5178677690029145,0.0476190476190476,0.1516639220714569,0.0033520732572601,111,37,0.819192111492157,0.819192111492157,STRUCTURAL
volterra,I_h,1,tier1_identifiable,100.0,4,mlp_1,0.7999582886695862,0.7965768575668335,0.0033814311027526,0.5178677690029145,0.0476190476190476,0.1516639220714569,0.0033520732572601,111,37,0.8953951597213745,0.8937058448791504,STRUCTURAL
volterra,I_h,1,tier1_identifiable,100.0,4,mlp_2,0.8015421032905579,0.8024181127548218,-0.0008760094642639,0.5178677690029145,0.0476190476190476,0.1516639220714569,0.0033520732572601,111,37,0.9028216600418092,0.9026259183883668,STRUCTURAL
volterra,I_GABA_A,1,tier1_identifiable,5.0,0,ridge,0.2952807903289794,0.2952807903289794,0.0,0.194115508198738,0.0476190476190476,0.1011652821302413,0.0020318152355226,50,8,0.5494582056999207,0.5494582056999207,STRUCTURAL
volterra,I_GABA_A,1,tier1_identifiable,5.0,0,mlp_1,-0.2033064663410186,-0.1792408972978592,-0.0240655690431594,0.194115508198738,0.0476190476190476,0.1011652821302413,0.0020318152355226,50,8,0.4321438670158386,0.4443236291408539,SCALE_AMBIGUITY
volterra,I_GABA_A,1,tier1_identifiable,5.0,0,mlp_2,0.3035282492637634,0.3043294548988342,-0.0008012056350708,0.194115508198738,0.0476190476190476,0.1011652821302413,0.0020318152355226,50,8,0.5557149052619934,0.5560407042503357,STRUCTURAL
volterra,I_GABA_A,1,tier1_identifiable,5.0,1,ridge,0.3070706605911255,0.3070706605911255,0.0,0.2155468660593033,0.0476190476190476,0.0915237945318222,0.0018266904283152,50,7,0.5568161606788635,0.5568161606788635,STRUCTURAL
volterra,I_GABA_A,1,tier1_identifiable,5.0,1,mlp_1,-0.1855980902910232,-0.1756662875413894,-0.0099318027496337,0.2155468660593033,0.0476190476190476,0.0915237945318222,0.0018266904283152,50,7,0.4174830913543701,0.4177230894565582,SCALE_AMBIGUITY
volterra,I_GABA_A,1,tier1_identifiable,5.0,1,mlp_2,0.314016729593277,0.3143886029720306,-0.0003718733787536,0.2155468660593033,0.0476190476190476,0.0915237945318222,0.0018266904283152,50,7,0.5624789595603943,0.5622612833976746,STRUCTURAL
volterra,I_GABA_A,1,tier1_identifiable,5.0,2,ridge,0.2385452628135681,0.2385452628135681,0.0,0.1512619394063949,0.0476190476190476,0.0872833234071731,0.0023499116024977,50,6,0.4952124953269958,0.4952124953269958,STRUCTURAL
volterra,I_GABA_A,1,tier1_identifiable,5.0,2,mlp_1,-0.1704819649457931,-0.1608556807041168,-0.0096262842416763,0.1512619394063949,0.0476190476190476,0.0872833234071731,0.0023499116024977,50,6,0.3521984219551086,0.3422115445137024,SCALE_AMBIGUITY
volterra,I_GABA_A,1,tier1_identifiable,5.0,2,mlp_2,0.2447517812252044,0.2457586973905563,-0.0010069161653518,0.1512619394063949,0.0476190476190476,0.0872833234071731,0.0023499116024977,50,6,0.4999715387821197,0.5010460019111633,STRUCTURAL
volterra,I_GABA_A,1,tier1_identifiable,5.0,3,ridge,0.2737978219985962,0.2737978219985962,0.0,0.188540997505188,0.0476190476190476,0.0852568244934082,0.0016514301582969,50,7,0.5275834798812866,0.5275834798812866,STRUCTURAL
volterra,I_GABA_A,1,tier1_identifiable,5.0,3,mlp_1,-0.1899565756320953,-0.1947143524885177,0.0047577768564224,0.188540997505188,0.0476190476190476,0.0852568244934082,0.0016514301582969,50,7,0.3983263373374939,0.398762047290802,SCALE_AMBIGUITY
volterra,I_GABA_A,1,tier1_identifiable,5.0,3,mlp_2,0.2781763970851898,0.2759756445884704,0.0022007524967193,0.188540997505188,0.0476190476190476,0.0852568244934082,0.0016514301582969,50,7,0.5297204256057739,0.5276600122451782,STRUCTURAL
volterra,I_GABA_A,1,tier1_identifiable,5.0,4,ridge,0.2188208222389221,0.2188208222389221,0.0,0.1372638028860092,0.0476190476190476,0.0815570193529129,0.0018300590725822,50,4,0.4753974080085754,0.4753974080085754,STRUCTURAL
volterra,I_GABA_A,1,tier1_identifiable,5.0,4,mlp_1,-0.1863211095333099,-0.1720020025968551,-0.0143191069364547,0.1372638028860092,0.0476190476190476,0.0815570193529129,0.0018300590725822,50,4,0.3582115173339844,0.3664527237415313,SCALE_AMBIGUITY
volterra,I_GABA_A,1,tier1_identifiable,5.0,4,mlp_2,0.2284202575683593,0.2275457382202148,0.0008745193481445,0.1372638028860092,0.0476190476190476,0.0815570193529129,0.0018300590725822,50,4,0.4797576069831848,0.479084312915802,STRUCTURAL
volterra,I_GABA_B,1,tier1_identifiable,150.0,0,ridge,0.5966732263565063,0.5966732263565063,0.0,0.0701716101169586,0.0476190476190476,0.5265016162395477,0.0012106769970197,1500,500,0.7733057737350464,0.7733057737350464,STRUCTURAL
volterra,I_GABA_B,1,tier1_identifiable,150.0,0,mlp_1,0.41290482878685,0.4033301770687103,0.0095746517181396,0.0701716101169586,0.0476190476190476,0.5265016162395477,0.0012106769970197,1500,500,0.7111253142356873,0.7060532569885254,STRUCTURAL
volterra,I_GABA_B,1,tier1_identifiable,150.0,0,mlp_2,0.6108417510986328,0.6126604080200195,-0.0018186569213867,0.0701716101169586,0.0476190476190476,0.5265016162395477,0.0012106769970197,1500,500,0.7832515835762024,0.7842444181442261,STRUCTURAL
volterra,I_GABA_B,1,tier1_identifiable,150.0,1,ridge,0.618696129322052,0.618696129322052,0.0,0.0922065377235412,0.0476190476190476,0.5264895915985107,0.0018857235386969,1500,500,0.7864168882369995,0.7864168882369995,STRUCTURAL
volterra,I_GABA_B,1,tier1_identifiable,150.0,1,mlp_1,0.4118898510932922,0.3938648700714111,0.0180249810218811,0.0922065377235412,0.0476190476190476,0.5264895915985107,0.0018857235386969,1500,500,0.7186744809150696,0.7147235870361328,STRUCTURAL
volterra,I_GABA_B,1,tier1_identifiable,150.0,1,mlp_2,0.6361140608787537,0.6368683576583862,-0.0007542967796325,0.0922065377235412,0.0476190476190476,0.5264895915985107,0.0018857235386969,1500,500,0.7988532781600952,0.799262285232544,STRUCTURAL
volterra,I_GABA_B,1,tier1_identifiable,150.0,2,ridge,0.564196515083313,0.564196515083313,0.0,0.071268418431282,0.0476190476190476,0.4929280966520309,0.0016438249336473,1500,500,0.7518614530563354,0.7518614530563354,STRUCTURAL
volterra,I_GABA_B,1,tier1_identifiable,150.0,2,mlp_1,0.3831524848937988,0.4052901268005371,-0.0221376419067382,0.071268418431282,0.0476190476190476,0.4929280966520309,0.0016438249336473,1500,500,0.6876243352890015,0.6878812909126282,STRUCTURAL
volterra,I_GABA_B,1,tier1_identifiable,150.0,2,mlp_2,0.5851426124572754,0.582665205001831,0.0024774074554443,0.071268418431282,0.0476190476190476,0.4929280966520309,0.0016438249336473,1500,500,0.7675274014472961,0.7660797238349915,STRUCTURAL
volterra,I_GABA_B,1,tier1_identifiable,150.0,3,ridge,0.6206101179122925,0.6206101179122925,0.0,0.0864778167009353,0.0476190476190476,0.5341323012113571,0.0013710344479054,1500,500,0.7881668210029602,0.7881668210029602,STRUCTURAL
volterra,I_GABA_B,1,tier1_identifiable,150.0,3,mlp_1,0.4316502511501312,0.4293778836727142,0.0022723674774169,0.0864778167009353,0.0476190476190476,0.5341323012113571,0.0013710344479054,1500,500,0.7223831415176392,0.7257880568504333,STRUCTURAL
volterra,I_GABA_B,1,tier1_identifiable,150.0,3,mlp_2,0.6397377252578735,0.6398462057113647,-0.0001084804534912,0.0864778167009353,0.0476190476190476,0.5341323012113571,0.0013710344479054,1500,500,0.8010139465332031,0.8010526895523071,STRUCTURAL
volterra,I_GABA_B,1,tier1_identifiable,150.0,4,ridge,0.634747838973999,0.634747838973999,0.0,0.0832874596118926,0.0476190476190476,0.5514603793621063,0.0019272997795477,1500,500,0.7968981266021729,0.7968981266021729,STRUCTURAL
volterra,I_GABA_B,1,tier1_identifiable,150.0,4,mlp_1,0.4503583312034607,0.4646949172019958,-0.0143365859985351,0.0832874596118926,0.0476190476190476,0.5514603793621063,0.0019272997795477,1500,500,0.7254994511604309,0.7343778610229492,STRUCTURAL
volterra,I_GABA_B,1,tier1_identifiable,150.0,4,mlp_2,0.6491499543190002,0.6474682688713074,0.0016816854476928,0.0832874596118926,0.0476190476190476,0.5514603793621063,0.0019272997795477,1500,500,0.8066788911819458,0.805581271648407,STRUCTURAL
volterra,tc_m_T,2,tier2_individual_gates,1.0,0,ridge,0.6042661070823669,0.6042661070823669,0.0,0.582911542057991,0.0476190476190476,0.0213545650243759,0.0014531307865627,50,13,0.777763843536377,0.777763843536377,STRUCTURAL
volterra,tc_m_T,2,tier2_individual_gates,1.0,0,mlp_1,0.7111067771911621,0.7087116837501526,0.0023950934410095,0.582911542057991,0.0476190476190476,0.0213545650243759,0.0014531307865627,50,13,0.8440756797790527,0.842902660369873,STRUCTURAL
volterra,tc_m_T,2,tier2_individual_gates,1.0,0,mlp_2,0.710739016532898,0.7181153893470764,-0.0073763728141784,0.582911542057991,0.0476190476190476,0.0213545650243759,0.0014531307865627,50,13,0.8513951301574707,0.8530539274215698,STRUCTURAL
volterra,tc_m_T,2,tier2_individual_gates,1.0,1,ridge,0.5642686605453491,0.5642686605453491,0.0,0.5421412289142609,0.0476190476190476,0.0221274316310882,0.0013552007564751,50,13,0.7516525387763977,0.7516525387763977,STRUCTURAL
volterra,tc_m_T,2,tier2_individual_gates,1.0,1,mlp_1,0.6726073026657104,0.670192539691925,0.0024147629737854,0.5421412289142609,0.0476190476190476,0.0221274316310882,0.0013552007564751,50,13,0.8212050199508667,0.8199666738510132,STRUCTURAL
volterra,tc_m_T,2,tier2_individual_gates,1.0,1,mlp_2,0.6752243041992188,0.675518274307251,-0.0002939701080322,0.5421412289142609,0.0476190476190476,0.0221274316310882,0.0013552007564751,50,13,0.8292695879936218,0.830980122089386,STRUCTURAL
volterra,tc_m_T,2,tier2_individual_gates,1.0,2,ridge,0.5644800782203674,0.5644800782203674,0.0,0.5420359635353088,0.0476190476190476,0.0224441146850585,0.0017110237436189,50,13,0.7519494295120239,0.7519494295120239,STRUCTURAL
volterra,tc_m_T,2,tier2_individual_gates,1.0,2,mlp_1,0.6587492227554321,0.6564818620681763,0.0022673606872558,0.5420359635353088,0.0476190476190476,0.0224441146850585,0.0017110237436189,50,13,0.8126121759414673,0.8112930059432983,STRUCTURAL
volterra,tc_m_T,2,tier2_individual_gates,1.0,2,mlp_2,0.6582609415054321,0.6557904481887817,0.0024704933166503,0.5420359635353088,0.0476190476190476,0.0224441146850585,0.0017110237436189,50,13,0.820074737071991,0.8177657127380371,STRUCTURAL
volterra,tc_m_T,2,tier2_individual_gates,1.0,3,ridge,0.5423201560974121,0.5423201560974121,0.0,0.5172499346733094,0.0476190476190476,0.0250702214241027,0.0014108400546962,50,14,0.7372125387191772,0.7372125387191772,STRUCTURAL
volterra,tc_m_T,2,tier2_individual_gates,1.0,3,mlp_1,0.6616331338882446,0.6640944480895996,-0.0024613142013549,0.5172499346733094,0.0476190476190476,0.0250702214241027,0.0014108400546962,50,14,0.8146931529045105,0.8159575462341309,STRUCTURAL
volterra,tc_m_T,2,tier2_individual_gates,1.0,3,mlp_2,0.6777702569961548,0.6811040639877319,-0.0033338069915771,0.5172499346733094,0.0476190476190476,0.0250702214241027,0.0014108400546962,50,14,0.8308690190315247,0.8322685956954956,STRUCTURAL
volterra,tc_m_T,2,tier2_individual_gates,1.0,4,ridge,0.5285652875900269,0.5285652875900269,0.0,0.501929070353508,0.0476190476190476,0.0266362172365188,0.0016302765992476,50,14,0.7280011177062988,0.7280011177062988,STRUCTURAL
volterra,tc_m_T,2,tier2_individual_gates,1.0,4,mlp_1,0.6505062580108643,0.6509479284286499,-0.0004416704177856,0.501929070353508,0.0476190476190476,0.0266362172365188,0.0016302765992476,50,14,0.8078941106796265,0.8081636428833008,STRUCTURAL
volterra,tc_m_T,2,tier2_individual_gates,1.0,4,mlp_2,0.6623867750167847,0.6638525128364563,-0.0014657378196716,0.501929070353508,0.0476190476190476,0.0266362172365188,0.0016302765992476,50,14,0.8204869031906128,0.8223799467086792,STRUCTURAL
volterra,tc_h_T,2,tier2_individual_gates,20.0,0,ridge,0.7861810207366944,0.7861810207366944,0.0,0.6140503448247909,0.0476190476190476,0.1721306759119034,0.0031704877361523,96,32,0.8878536224365234,0.8878536224365234,STRUCTURAL
volterra,tc_h_T,2,tier2_individual_gates,20.0,0,mlp_1,0.8839548826217651,0.9006568789482117,-0.0167019963264465,0.6140503448247909,0.0476190476190476,0.1721306759119034,0.0031704877361523,96,32,0.9421765208244324,0.9504444003105164,STRUCTURAL
volterra,tc_h_T,2,tier2_individual_gates,20.0,0,mlp_2,0.8993215560913086,0.8552193641662598,0.0441021919250488,0.6140503448247909,0.0476190476190476,0.1721306759119034,0.0031704877361523,96,32,0.958788514137268,0.9446552991867064,STRUCTURAL
volterra,tc_h_T,2,tier2_individual_gates,20.0,1,ridge,0.805438506603241,0.805438506603241,0.0,0.6516259008646011,0.0476190476190476,0.1538126057386398,0.0020030639089436,102,34,0.8988612294197083,0.8988612294197083,STRUCTURAL
volterra,tc_h_T,2,tier2_individual_gates,20.0,1,mlp_1,0.8955013155937195,0.8976012468338013,-0.0020999312400817,0.6516259008646011,0.0476190476190476,0.1538126057386398,0.0020030639089436,102,34,0.9477112889289856,0.9486286044120787,STRUCTURAL
volterra,tc_h_T,2,tier2_individual_gates,20.0,1,mlp_2,0.8732026219367981,0.8581274151802063,0.0150752067565917,0.6516259008646011,0.0476190476190476,0.1538126057386398,0.0020030639089436,102,34,0.9483345150947572,0.9392321705818176,STRUCTURAL
volterra,tc_h_T,2,tier2_individual_gates,20.0,2,ridge,0.7516715288162231,0.7516715288162231,0.0,0.600579200387001,0.0476190476190476,0.1510923284292221,0.0023844158402924,99,33,0.8679726719856262,0.8679726719856262,STRUCTURAL
volterra,tc_h_T,2,tier2_individual_gates,20.0,2,mlp_1,0.863746166229248,0.8572092056274414,0.0065369606018066,0.600579200387001,0.0476190476190476,0.1510923284292221,0.0023844158402924,99,33,0.9307432174682616,0.9274589419364928,STRUCTURAL
volterra,tc_h_T,2,tier2_individual_gates,20.0,2,mlp_2,0.820429801940918,0.8109517097473145,0.0094780921936035,0.600579200387001,0.0476190476190476,0.1510923284292221,0.0023844158402924,99,33,0.9198230504989624,0.9219903945922852,STRUCTURAL
volterra,tc_h_T,2,tier2_individual_gates,20.0,3,ridge,0.788650369644165,0.788650369644165,0.0,0.6090991699695587,0.0476190476190476,0.1795511996746063,0.0037331475422184,96,32,0.8896908760070801,0.8896908760070801,STRUCTURAL
volterra,tc_h_T,2,tier2_individual_gates,20.0,3,mlp_1,0.882580578327179,0.8805047869682312,0.0020757913589477,0.6090991699695587,0.0476190476190476,0.1795511996746063,0.0037331475422184,96,32,0.94062602519989,0.9395190477371216,STRUCTURAL
volterra,tc_h_T,2,tier2_individual_gates,20.0,3,mlp_2,0.8585615158081055,0.8638097643852234,-0.0052482485771179,0.6090991699695587,0.0476190476190476,0.1795511996746063,0.0037331475422184,96,32,0.9423632621765136,0.9441328048706056,STRUCTURAL
volterra,tc_h_T,2,tier2_individual_gates,20.0,4,ridge,0.7803223609924317,0.7803223609924317,0.0,0.5993028104305268,0.0476190476190476,0.1810195505619049,0.0040743603836362,120,40,0.8841703534126282,0.8841703534126282,STRUCTURAL
volterra,tc_h_T,2,tier2_individual_gates,20.0,4,mlp_1,0.8891130685806274,0.8891396522521973,-2.658367156982422e-05,0.5993028104305268,0.0476190476190476,0.1810195505619049,0.0040743603836362,120,40,0.9443936347961426,0.9445478320121764,STRUCTURAL
volterra,tc_h_T,2,tier2_individual_gates,20.0,4,mlp_2,0.8746155500411987,0.8777027130126953,-0.0030871629714965,0.5993028104305268,0.0476190476190476,0.1810195505619049,0.0040743603836362,120,40,0.9484224319458008,0.9413602948188782,STRUCTURAL
volterra,tc_m_h,2,tier2_individual_gates,100.0,0,ridge,0.6375166177749634,0.6375166177749634,0.0,0.503595353960991,0.0476190476190476,0.1339212638139724,0.0032651407157366,87,29,0.7996596097946167,0.7996596097946167,STRUCTURAL
volterra,tc_m_h,2,tier2_individual_gates,100.0,0,mlp_1,0.7492069005966187,0.7428730726242065,0.0063338279724121,0.503595353960991,0.0476190476190476,0.1339212638139724,0.0032651407157366,87,29,0.8665741086006165,0.8631930351257324,STRUCTURAL
volterra,tc_m_h,2,tier2_individual_gates,100.0,0,mlp_2,0.7523579597473145,0.7282386422157288,0.0241193175315856,0.503595353960991,0.0476190476190476,0.1339212638139724,0.0032651407157366,87,29,0.8787224888801575,0.8637596368789673,STRUCTURAL
volterra,tc_m_h,2,tier2_individual_gates,100.0,1,ridge,0.6214423656463623,0.6214423656463623,0.0,0.5039750707149506,0.0476190476190476,0.1174672949314117,0.0023727797831963,90,30,0.7899889945983887,0.7899889945983887,STRUCTURAL
volterra,tc_m_h,2,tier2_individual_gates,100.0,1,mlp_1,0.7365973591804504,0.7384666800498962,-0.0018693208694458,0.5039750707149506,0.0476190476190476,0.1174672949314117,0.0023727797831963,90,30,0.8598686456680298,0.8612349629402161,STRUCTURAL
volterra,tc_m_h,2,tier2_individual_gates,100.0,1,mlp_2,0.7043607234954834,0.7228315472602844,-0.018470823764801,0.5039750707149506,0.0476190476190476,0.1174672949314117,0.0023727797831963,90,30,0.8564664125442505,0.8691104054450989,STRUCTURAL
volterra,tc_m_h,2,tier2_individual_gates,100.0,2,ridge,0.5873371243476868,0.5873371243476868,0.0,0.4769935369491578,0.0476190476190476,0.110343587398529,0.0022490590797392,84,28,0.7672578692436218,0.7672578692436218,STRUCTURAL
volterra,tc_m_h,2,tier2_individual_gates,100.0,2,mlp_1,0.6867073774337769,0.6861940622329712,0.0005133152008056,0.4769935369491578,0.0476190476190476,0.110343587398529,0.0022490590797392,84,28,0.8304816484451294,0.8297761082649231,STRUCTURAL
volterra,tc_m_h,2,tier2_individual_gates,100.0,2,mlp_2,0.6505762338638306,0.6327930688858032,0.0177831649780273,0.4769935369491578,0.0476190476190476,0.110343587398529,0.0022490590797392,84,28,0.8193775415420532,0.8087126016616821,STRUCTURAL
volterra,tc_m_h,2,tier2_individual_gates,100.0,3,ridge,0.6145440936088562,0.6145440936088562,0.0,0.4817927283048629,0.0476190476190476,0.1327513653039932,0.0032237707844507,87,29,0.7871095538139343,0.7871095538139343,STRUCTURAL
volterra,tc_m_h,2,tier2_individual_gates,100.0,3,mlp_1,0.7323195338249207,0.7363298535346985,-0.0040103197097778,0.4817927283048629,0.0476190476190476,0.1327513653039932,0.0032237707844507,87,29,0.8574212789535522,0.8594474792480469,STRUCTURAL
volterra,tc_m_h,2,tier2_individual_gates,100.0,3,mlp_2,0.6988332867622375,0.7455515265464783,-0.0467182397842407,0.4817927283048629,0.0476190476190476,0.1327513653039932,0.0032237707844507,87,29,0.8443959355354309,0.8739383816719055,STRUCTURAL
volterra,tc_m_h,2,tier2_individual_gates,100.0,4,ridge,0.6079594135284424,0.6079594135284424,0.0,0.4596719074249267,0.0476190476190476,0.1482875061035156,0.0031349235534496,105,35,0.7806349396705627,0.7806349396705627,STRUCTURAL
volterra,tc_m_h,2,tier2_individual_gates,100.0,4,mlp_1,0.7313697934150696,0.7298192977905273,0.0015504956245422,0.4596719074249267,0.0476190476190476,0.1482875061035156,0.0031349235534496,105,35,0.8569895625114441,0.8558565378189087,STRUCTURAL
volterra,tc_m_h,2,tier2_individual_gates,100.0,4,mlp_2,0.7426090240478516,0.6830776333808899,0.0595313906669616,0.4596719074249267,0.0476190476190476,0.1482875061035156,0.0031349235534496,105,35,0.8725556135177612,0.8379567861557007,NONLINEAR_ENCODING
volterra,tc_m_T_zscore,3,tier3_shape_normalized,1.0,0,ridge,0.5990831971168518,0.5990831971168518,0.0,0.5984737819433212,0.0476190476190476,0.0006094151735305,0.0005717874266771,50,13,0.7743281126022339,0.7743281126022339,STRUCTURAL
volterra,tc_m_T_zscore,3,tier3_shape_normalized,1.0,0,mlp_1,0.7153258323669434,0.7138313055038452,0.0014945268630981,0.5984737819433212,0.0476190476190476,0.0006094151735305,0.0005717874266771,50,13,0.8464534878730774,0.8455566167831421,STRUCTURAL
volterra,tc_m_T_zscore,3,tier3_shape_normalized,1.0,0,mlp_2,0.7271572351455688,0.7278599143028259,-0.000702679157257,0.5984737819433212,0.0476190476190476,0.0006094151735305,0.0005717874266771,50,13,0.8545161485671997,0.8548248410224915,STRUCTURAL
volterra,tc_m_T_zscore,3,tier3_shape_normalized,1.0,1,ridge,0.551414430141449,0.551414430141449,0.0,0.5513586038351059,0.0476190476190476,5.582630634307861e-05,0.0003253328001795,50,13,0.7430368661880493,0.7430368661880493,STRUCTURAL
volterra,tc_m_T_zscore,3,tier3_shape_normalized,1.0,1,mlp_1,0.6717000007629395,0.6720558404922485,-0.000355839729309,0.5513586038351059,0.0476190476190476,5.582630634307861e-05,0.0003253328001795,50,13,0.8205382227897644,0.8207463026046753,STRUCTURAL
volterra,tc_m_T_zscore,3,tier3_shape_normalized,1.0,1,mlp_2,0.695368766784668,0.6956459879875183,-0.0002772212028503,0.5513586038351059,0.0476190476190476,5.582630634307861e-05,0.0003253328001795,50,13,0.8356248140335083,0.835875391960144,STRUCTURAL
volterra,tc_m_T_zscore,3,tier3_shape_normalized,1.0,2,ridge,0.556305181980133,0.556305181980133,0.0,0.555371703505516,0.0476190476190476,0.000933478474617,0.0005901756926012,50,13,0.7467782497406006,0.7467782497406006,STRUCTURAL
volterra,tc_m_T_zscore,3,tier3_shape_normalized,1.0,2,mlp_1,0.6606640815734863,0.660983681678772,-0.0003196001052856,0.555371703505516,0.0476190476190476,0.000933478474617,0.0005901756926012,50,13,0.8136271238327026,0.8138281106948853,STRUCTURAL
volterra,tc_m_T_zscore,3,tier3_shape_normalized,1.0,2,mlp_2,0.6817446947097778,0.68084317445755,0.0009015202522277,0.555371703505516,0.0476190476190476,0.000933478474617,0.0005901756926012,50,13,0.8274824023246765,0.8272994160652161,STRUCTURAL
volterra,tc_m_T_zscore,3,tier3_shape_normalized,1.0,3,ridge,0.5274489998817444,0.5274489998817444,0.0,0.5274674218893052,0.0476190476190476,-1.842200756072998e-05,0.0002721040806067,50,13,0.7271283268928528,0.7271283268928528,STRUCTURAL
volterra,tc_m_T_zscore,3,tier3_shape_normalized,1.0,3,mlp_1,0.6663318872451782,0.6661484837532043,0.0001834034919738,0.5274674218893052,0.0476190476190476,-1.842200756072998e-05,0.0002721040806067,50,13,0.8172752261161804,0.8171067237854004,STRUCTURAL
volterra,tc_m_T_zscore,3,tier3_shape_normalized,1.0,3,mlp_2,0.695817768573761,0.696165144443512,-0.0003473758697509,0.5274674218893052,0.0476190476190476,-1.842200756072998e-05,0.0002721040806067,50,13,0.8357352018356323,0.8362993001937866,STRUCTURAL
volterra,tc_m_T_zscore,3,tier3_shape_normalized,1.0,4,ridge,0.5170236468315125,0.5170236468315125,0.0,0.5156269752979279,0.0476190476190476,0.0013966715335845,0.0008924729244218,50,14,0.7200043201446533,0.7200043201446533,STRUCTURAL
volterra,tc_m_T_zscore,3,tier3_shape_normalized,1.0,4,mlp_1,0.657146155834198,0.6561300158500671,0.0010161399841308,0.5156269752979279,0.0476190476190476,0.0013966715335845,0.0008924729244218,50,14,0.8114946484565735,0.8109145164489746,STRUCTURAL
volterra,tc_m_T_zscore,3,tier3_shape_normalized,1.0,4,mlp_2,0.6788208484649658,0.677833080291748,0.0009877681732177,0.5156269752979279,0.0476190476190476,0.0013966715335845,0.0008924729244218,50,14,0.8255125284194946,0.8247466087341309,STRUCTURAL
volterra,tc_h_T_zscore,3,tier3_shape_normalized,20.0,0,ridge,0.8191664934158325,0.8191664934158325,0.0,0.8143026840686798,0.0476190476190476,0.0048638093471527,0.0012362804580052,81,27,0.9052166938781738,0.9052166938781738,STRUCTURAL
volterra,tc_h_T_zscore,3,tier3_shape_normalized,20.0,0,mlp_1,0.9064964056015016,0.9053729772567748,0.0011234283447265,0.8143026840686798,0.0476190476190476,0.0048638093471527,0.0012362804580052,81,27,0.9529238939285278,0.952258288860321,STRUCTURAL
volterra,tc_h_T_zscore,3,tier3_shape_normalized,20.0,0,mlp_2,0.9146766662597656,0.9158731698989868,-0.0011965036392211,0.8143026840686798,0.0476190476190476,0.0048638093471527,0.0012362804580052,81,27,0.9586539268493652,0.9591997861862184,STRUCTURAL
volterra,tc_h_T_zscore,3,tier3_shape_normalized,20.0,1,ridge,0.82978675365448,0.82978675365448,0.0,0.8167415243387222,0.0476190476190476,0.0130452293157577,0.0019659062784641,87,29,0.9110358953475952,0.9110358953475952,STRUCTURAL
volterra,tc_h_T_zscore,3,tier3_shape_normalized,20.0,1,mlp_1,0.9026139974594116,0.902842342853546,-0.0002283453941345,0.8167415243387222,0.0476190476190476,0.0130452293157577,0.0019659062784641,87,29,0.9508582949638368,0.951017200946808,STRUCTURAL
volterra,tc_h_T_zscore,3,tier3_shape_normalized,20.0,1,mlp_2,0.9117242097854614,0.9114391207695008,0.0002850890159606,0.8167415243387222,0.0476190476190476,0.0130452293157577,0.0019659062784641,87,29,0.9569683074951172,0.9566707611083984,STRUCTURAL
volterra,tc_h_T_zscore,3,tier3_shape_normalized,20.0,2,ridge,0.7823811888694763,0.7823811888694763,0.0,0.7775528472661971,0.0476190476190476,0.0048283416032791,0.001201496217776,84,28,0.8846844434738159,0.8846844434738159,STRUCTURAL
volterra,tc_h_T_zscore,3,tier3_shape_normalized,20.0,2,mlp_1,0.8826056718826294,0.8816336393356323,0.000972032546997,0.7775528472661971,0.0476190476190476,0.0048283416032791,0.001201496217776,84,28,0.9403240084648132,0.93999844789505,STRUCTURAL
volterra,tc_h_T_zscore,3,tier3_shape_normalized,20.0,2,mlp_2,0.8909670114517212,0.8920866847038269,-0.0011196732521057,0.7775528472661971,0.0476190476190476,0.0048283416032791,0.001201496217776,84,28,0.9460872411727904,0.9463052749633788,STRUCTURAL
volterra,tc_h_T_zscore,3,tier3_shape_normalized,20.0,3,ridge,0.8031907200813293,0.8031907200813293,0.0,0.7984972673654556,0.0476190476190476,0.0046934527158737,0.0011151985663768,78,26,0.8964496850967407,0.8964496850967407,STRUCTURAL
volterra,tc_h_T_zscore,3,tier3_shape_normalized,20.0,3,mlp_1,0.8916330337524414,0.8915403485298157,9.268522262573242e-05,0.7984972673654556,0.0476190476190476,0.0046934527158737,0.0011151985663768,78,26,0.9450413584709167,0.944973647594452,STRUCTURAL
volterra,tc_h_T_zscore,3,tier3_shape_normalized,20.0,3,mlp_2,0.902746081352234,0.9037827253341676,-0.0010366439819335,0.7984972673654556,0.0476190476190476,0.0046934527158737,0.0011151985663768,78,26,0.951992690563202,0.9525851011276244,STRUCTURAL
volterra,tc_h_T_zscore,3,tier3_shape_normalized,20.0,4,ridge,0.7820831060409545,0.7820831060409545,0.0,0.7642197108268738,0.0476190476190476,0.0178633952140808,0.0019857312239995,99,33,0.884814441204071,0.884814441204071,STRUCTURAL
volterra,tc_h_T_zscore,3,tier3_shape_normalized,20.0,4,mlp_1,0.8890312314033508,0.8881837129592896,0.0008475184440612,0.7642197108268738,0.0476190476190476,0.0178633952140808,0.0019857312239995,99,33,0.9439634084701538,0.9436197280883788,STRUCTURAL
volterra,tc_h_T_zscore,3,tier3_shape_normalized,20.0,4,mlp_2,0.9012357592582704,0.9007778167724608,0.0004579424858093,0.7642197108268738,0.0476190476190476,0.0178633952140808,0.0019857312239995,99,33,0.9517744183540344,0.9516420364379884,STRUCTURAL
volterra,tc_m_h_zscore,3,tier3_shape_normalized,100.0,0,ridge,0.6624909400939941,0.6624909400939941,0.0,0.6610842221975326,0.0476190476190476,0.0014067178964614,0.0010602159611157,66,22,0.8145408630371094,0.8145408630371094,STRUCTURAL
volterra,tc_m_h_zscore,3,tier3_shape_normalized,100.0,0,mlp_1,0.7816293835639954,0.7791358828544617,0.0024935007095336,0.6610842221975326,0.0476190476190476,0.0014067178964614,0.0010602159611157,66,22,0.8850496411323547,0.8837186098098755,STRUCTURAL
volterra,tc_m_h_zscore,3,tier3_shape_normalized,100.0,0,mlp_2,0.8041273355484009,0.8050369024276733,-0.0009095668792724,0.6610842221975326,0.0476190476190476,0.0014067178964614,0.0010602159611157,66,22,0.898656964302063,0.8996680378913879,STRUCTURAL
volterra,tc_m_h_zscore,3,tier3_shape_normalized,100.0,1,ridge,0.6187493801116943,0.6187493801116943,0.0,0.6163109302520752,0.0476190476190476,0.0024384498596191,0.0006419458697318,72,24,0.7869187593460083,0.7869187593460083,STRUCTURAL
volterra,tc_m_h_zscore,3,tier3_shape_normalized,100.0,1,mlp_1,0.7696560621261597,0.7706548571586609,-0.0009987950325012,0.6163109302520752,0.0476190476190476,0.0024384498596191,0.0006419458697318,72,24,0.8785465955734253,0.8791195750236511,STRUCTURAL
volterra,tc_m_h_zscore,3,tier3_shape_normalized,100.0,1,mlp_2,0.7956351041793823,0.7950869798660278,0.0005481243133544,0.6163109302520752,0.0476190476190476,0.0024384498596191,0.0006419458697318,72,24,0.8945015668869019,0.8943434953689575,STRUCTURAL
volterra,tc_m_h_zscore,3,tier3_shape_normalized,100.0,2,ridge,0.61522935628891,0.61522935628891,0.0,0.6114964079856873,0.0476190476190476,0.0037329483032226,0.00097698829154,69,23,0.7846614718437195,0.7846614718437195,STRUCTURAL
volterra,tc_m_h_zscore,3,tier3_shape_normalized,100.0,2,mlp_1,0.740134596824646,0.738455057144165,0.0016795396804809,0.6114964079856873,0.0476190476190476,0.0037329483032226,0.00097698829154,69,23,0.8611606359481812,0.8601795434951782,STRUCTURAL
volterra,tc_m_h_zscore,3,tier3_shape_normalized,100.0,2,mlp_2,0.7627137303352356,0.7622795104980469,0.0004342198371887,0.6114964079856873,0.0476190476190476,0.0037329483032226,0.00097698829154,69,23,0.8749335408210754,0.8756272196769714,STRUCTURAL
volterra,tc_m_h_zscore,3,tier3_shape_normalized,100.0,3,ridge,0.6085300207138061,0.6085300207138061,0.0,0.6076687783002853,0.0476190476190476,0.0008612424135208,0.00056613317572,66,22,0.7809404134750366,0.7809404134750366,STRUCTURAL
volterra,tc_m_h_zscore,3,tier3_shape_normalized,100.0,3,mlp_1,0.7602251768112183,0.7586120367050171,0.0016131401062011,0.6076687783002853,0.0476190476190476,0.0008612424135208,0.00056613317572,66,22,0.8728537559509277,0.871925950050354,STRUCTURAL
volterra,tc_m_h_zscore,3,tier3_shape_normalized,100.0,3,mlp_2,0.7852050065994263,0.7866923809051514,-0.001487374305725,0.6076687783002853,0.0476190476190476,0.0008612424135208,0.00056613317572,66,22,0.8878604769706726,0.8887801170349121,STRUCTURAL
volterra,tc_m_h_zscore,3,tier3_shape_normalized,100.0,4,ridge,0.5845031142234802,0.5845031142234802,0.0,0.5804476296901703,0.0476190476190476,0.0040554845333099,0.0014136194487854,81,27,0.7652633786201477,0.7652633786201477,STRUCTURAL
volterra,tc_m_h_zscore,3,tier3_shape_normalized,100.0,4,mlp_1,0.736988365650177,0.7364305257797241,0.0005578398704528,0.5804476296901703,0.0476190476190476,0.0040554845333099,0.0014136194487854,81,27,0.8596916198730469,0.8592954874038696,STRUCTURAL
volterra,tc_m_h_zscore,3,tier3_shape_normalized,100.0,4,mlp_2,0.7708717584609985,0.7704215049743652,0.0004502534866333,0.5804476296901703,0.0476190476190476,0.0040554845333099,0.0014136194487854,81,27,0.8798651695251465,0.8802388906478882,STRUCTURAL
volterra,tc_m_T_rank,3,tier3_shape_normalized,1.0,0,ridge,0.7619851946830749,0.7619851946830749,0.0,0.7617133331298828,0.0476190476190476,0.0002718615531921,0.0005162302946612,51,17,0.8730093240737915,0.8730093240737915,STRUCTURAL
volterra,tc_m_T_rank,3,tier3_shape_normalized,1.0,0,mlp_1,0.8451375961303711,0.8438246846199036,0.0013129115104675,0.7617133331298828,0.0476190476190476,0.0002718615531921,0.0005162302946612,51,17,0.9205085635185242,0.9202114343643188,STRUCTURAL
volterra,tc_m_T_rank,3,tier3_shape_normalized,1.0,0,mlp_2,0.8207206726074219,0.8270280957221985,-0.0063074231147766,0.7617133331298828,0.0476190476190476,0.0002718615531921,0.0005162302946612,51,17,0.917614758014679,0.9191152453422546,STRUCTURAL
volterra,tc_m_T_rank,3,tier3_shape_normalized,1.0,1,ridge,0.7406203627586365,0.7406203627586365,0.0,0.7397605305910111,0.0476190476190476,0.0008598321676254,0.0006550153169814,51,17,0.8607832193374634,0.8607832193374634,STRUCTURAL
volterra,tc_m_T_rank,3,tier3_shape_normalized,1.0,1,mlp_1,0.8206573724746704,0.8144893646240234,0.0061680078506469,0.7397605305910111,0.0476190476190476,0.0008598321676254,0.0006550153169814,51,17,0.9074472188949584,0.9047776460647584,STRUCTURAL
volterra,tc_m_T_rank,3,tier3_shape_normalized,1.0,1,mlp_2,0.8027111887931824,0.8089898228645325,-0.00627863407135,0.7397605305910111,0.0476190476190476,0.0008598321676254,0.0006550153169814,51,17,0.9053171277046204,0.9070554971694946,STRUCTURAL
volterra,tc_m_T_rank,3,tier3_shape_normalized,1.0,2,ridge,0.7464517235755921,0.7464517235755921,0.0,0.746191949248314,0.0476190476190476,0.0002597743272781,0.0005529939891515,51,17,0.864139199256897,0.864139199256897,STRUCTURAL
volterra,tc_m_T_rank,3,tier3_shape_normalized,1.0,2,mlp_1,0.814452052116394,0.8138925433158875,0.0005595088005065,0.746191949248314,0.0476190476190476,0.0002597743272781,0.0005529939891515,51,17,0.9038059115409852,0.90348881483078,STRUCTURAL
volterra,tc_m_T_rank,3,tier3_shape_normalized,1.0,2,mlp_2,0.7979009747505188,0.8037980198860168,-0.005897045135498,0.746191949248314,0.0476190476190476,0.0002597743272781,0.0005529939891515,51,17,0.9020134210586548,0.903469443321228,STRUCTURAL
volterra,tc_m_T_rank,3,tier3_shape_normalized,1.0,3,ridge,0.6992156028747558,0.6992156028747558,0.0,0.6989231812953949,0.0476190476190476,0.0002924215793609,0.0003138418398559,51,17,0.8365691900253296,0.8365691900253296,STRUCTURAL
volterra,tc_m_T_rank,3,tier3_shape_normalized,1.0,3,mlp_1,0.7860787510871887,0.7867568731307983,-0.0006781220436096,0.6989231812953949,0.0476190476190476,0.0002924215793609,0.0003138418398559,51,17,0.8884263038635254,0.8886439204216003,STRUCTURAL
volterra,tc_m_T_rank,3,tier3_shape_normalized,1.0,3,mlp_2,0.7736803293228149,0.773486852645874,0.0001934766769409,0.6989231812953949,0.0476190476190476,0.0002924215793609,0.0003138418398559,51,17,0.885911762714386,0.8882180452346802,STRUCTURAL
volterra,tc_m_T_rank,3,tier3_shape_normalized,1.0,4,ridge,0.7417364597320557,0.7417364597320557,0.0,0.7396031653881073,0.0476190476190476,0.0021332943439483,0.0010078061483183,54,18,0.8614857792854309,0.8614857792854309,STRUCTURAL
volterra,tc_m_T_rank,3,tier3_shape_normalized,1.0,4,mlp_1,0.8217703700065613,0.824188232421875,-0.0024178624153137,0.7396031653881073,0.0476190476190476,0.0021332943439483,0.0010078061483183,54,18,0.9082175493240356,0.909385859966278,STRUCTURAL
volterra,tc_m_T_rank,3,tier3_shape_normalized,1.0,4,mlp_2,0.8189821243286133,0.8118880987167358,0.0070940256118774,0.7396031653881073,0.0476190476190476,0.0021332943439483,0.0010078061483183,54,18,0.9116190075874328,0.9102343320846558,STRUCTURAL
volterra,tc_h_T_rank,3,tier3_shape_normalized,20.0,0,ridge,0.767792534828186,0.767792534828186,0.0,0.7659214264154434,0.0476190476190476,0.0018711084127426,0.0005041727996123,75,25,0.8764235377311707,0.8764235377311707,STRUCTURAL
volterra,tc_h_T_rank,3,tier3_shape_normalized,20.0,0,mlp_1,0.8486760258674622,0.8486193418502808,5.668401718139648e-05,0.7659214264154434,0.0476190476190476,0.0018711084127426,0.0005041727996123,75,25,0.9229581952095032,0.9226139187812804,STRUCTURAL
volterra,tc_h_T_rank,3,tier3_shape_normalized,20.0,0,mlp_2,0.8343958854675293,0.8329757452011108,0.0014201402664184,0.7659214264154434,0.0476190476190476,0.0018711084127426,0.0005041727996123,75,25,0.9233964085578918,0.9215079545974731,STRUCTURAL
volterra,tc_h_T_rank,3,tier3_shape_normalized,20.0,1,ridge,0.7501745820045471,0.7501745820045471,0.0,0.7481964212656022,0.0476190476190476,0.001978160738945,0.0007453827029598,75,25,0.866250216960907,0.866250216960907,STRUCTURAL
volterra,tc_h_T_rank,3,tier3_shape_normalized,20.0,1,mlp_1,0.8307176828384399,0.8302367925643921,0.0004808902740478,0.7481964212656022,0.0476190476190476,0.001978160738945,0.0007453827029598,75,25,0.9126170873641968,0.9122440218925476,STRUCTURAL
volterra,tc_h_T_rank,3,tier3_shape_normalized,20.0,1,mlp_2,0.820298969745636,0.8143531084060669,0.005945861339569,0.7481964212656022,0.0476190476190476,0.001978160738945,0.0007453827029598,75,25,0.9112695455551147,0.9113476872444152,STRUCTURAL
volterra,tc_h_T_rank,3,tier3_shape_normalized,20.0,2,ridge,0.7067676305770874,0.7067676305770874,0.0,0.7040569984912872,0.0476190476190476,0.0027106320858001,0.0008471094359935,75,25,0.8407230377197266,0.8407230377197266,STRUCTURAL
volterra,tc_h_T_rank,3,tier3_shape_normalized,20.0,2,mlp_1,0.7908795475959778,0.7912509441375732,-0.0003713965415954,0.7040569984912872,0.0476190476190476,0.0027106320858001,0.0008471094359935,75,25,0.8905344009399414,0.8908270001411438,STRUCTURAL
volterra,tc_h_T_rank,3,tier3_shape_normalized,20.0,2,mlp_2,0.7774812579154968,0.783414363861084,-0.0059331059455871,0.7040569984912872,0.0476190476190476,0.0027106320858001,0.0008471094359935,75,25,0.8887903094291687,0.8910738825798035,STRUCTURAL
volterra,tc_h_T_rank,3,tier3_shape_normalized,20.0,3,ridge,0.7341471552848816,0.7341471552848816,0.0,0.732305817604065,0.0476190476190476,0.0018413376808166,0.0007795145888051,72,24,0.8571817278862,0.8571817278862,STRUCTURAL
volterra,tc_h_T_rank,3,tier3_shape_normalized,20.0,3,mlp_1,0.8091490864753723,0.8078914880752563,0.0012575984001159,0.732305817604065,0.0476190476190476,0.0018413376808166,0.0007795145888051,72,24,0.9006808400154114,0.8999533653259277,STRUCTURAL
volterra,tc_h_T_rank,3,tier3_shape_normalized,20.0,3,mlp_2,0.7943441867828369,0.7955189943313599,-0.0011748075485229,0.732305817604065,0.0476190476190476,0.0018413376808166,0.0007795145888051,72,24,0.8976489305496216,0.8992721438407898,STRUCTURAL
volterra,tc_h_T_rank,3,tier3_shape_normalized,20.0,4,ridge,0.7298753976821899,0.7298753976821899,0.0,0.7243068271875381,0.0476190476190476,0.0055685704946517,0.0015096961651353,81,27,0.8544136881828308,0.8544136881828308,STRUCTURAL
volterra,tc_h_T_rank,3,tier3_shape_normalized,20.0,4,mlp_1,0.8282214403152466,0.8267019987106323,0.0015194416046142,0.7243068271875381,0.0476190476190476,0.0055685704946517,0.0015096961651353,81,27,0.9116992950439452,0.9108913540840148,STRUCTURAL
volterra,tc_h_T_rank,3,tier3_shape_normalized,20.0,4,mlp_2,0.8137954473495483,0.8109827041625977,0.0028127431869506,0.7243068271875381,0.0476190476190476,0.0055685704946517,0.0015096961651353,81,27,0.910311222076416,0.9119008183479308,STRUCTURAL
volterra,tc_m_h_rank,3,tier3_shape_normalized,100.0,0,ridge,0.6168488979339599,0.6168488979339599,0.0,0.6161750119924545,0.0476190476190476,0.0006738859415054,0.0005437961148447,54,18,0.7860696911811829,0.7860696911811829,STRUCTURAL
volterra,tc_m_h_rank,3,tier3_shape_normalized,100.0,0,mlp_1,0.7375789880752563,0.735176682472229,0.0024023056030273,0.6161750119924545,0.0476190476190476,0.0006738859415054,0.0005437961148447,54,18,0.8605487942695618,0.8593094944953918,STRUCTURAL
volterra,tc_m_h_rank,3,tier3_shape_normalized,100.0,0,mlp_2,0.7246276140213013,0.7282310128211975,-0.0036033987998962,0.6161750119924545,0.0476190476190476,0.0006738859415054,0.0005437961148447,54,18,0.8612160682678223,0.8651084899902344,STRUCTURAL
volterra,tc_m_h_rank,3,tier3_shape_normalized,100.0,1,ridge,0.5530696153640747,0.5530696153640747,0.0,0.5525161117315293,0.0476190476190476,0.0005535036325454,0.0005277923843494,54,18,0.744051456451416,0.744051456451416,STRUCTURAL
volterra,tc_m_h_rank,3,tier3_shape_normalized,100.0,1,mlp_1,0.6975822448730469,0.6971453428268433,0.0004369020462036,0.5525161117315293,0.0476190476190476,0.0005535036325454,0.0005277923843494,54,18,0.8368399739265442,0.8368827700614929,STRUCTURAL
volterra,tc_m_h_rank,3,tier3_shape_normalized,100.0,1,mlp_2,0.6890004277229309,0.6894732713699341,-0.0004728436470031,0.5525161117315293,0.0476190476190476,0.0005535036325454,0.0005277923843494,54,18,0.8394852876663208,0.8390611410140991,STRUCTURAL
volterra,tc_m_h_rank,3,tier3_shape_normalized,100.0,2,ridge,0.5558766722679138,0.5558766722679138,0.0,0.5558963698148728,0.0476190476190476,-1.969754695892335e-05,0.0003845070884321,51,17,0.7463027238845825,0.7463027238845825,STRUCTURAL
volterra,tc_m_h_rank,3,tier3_shape_normalized,100.0,2,mlp_1,0.6640076637268066,0.6656479835510254,-0.0016403198242187,0.5558963698148728,0.0476190476190476,-1.969754695892335e-05,0.0003845070884321,51,17,0.8169514536857605,0.8183293342590332,STRUCTURAL
volterra,tc_m_h_rank,3,tier3_shape_normalized,100.0,2,mlp_2,0.660460352897644,0.6645140647888184,-0.0040537118911743,0.5558963698148728,0.0476190476190476,-1.969754695892335e-05,0.0003845070884321,51,17,0.8221079111099243,0.8225412368774414,STRUCTURAL
volterra,tc_m_h_rank,3,tier3_shape_normalized,100.0,3,ridge,0.5352367162704468,0.5352367162704468,0.0,0.5353427135944366,0.0476190476190476,-0.0001059973239898,0.0003885012379644,51,17,0.7325743436813354,0.7325743436813354,STRUCTURAL
volterra,tc_m_h_rank,3,tier3_shape_normalized,100.0,3,mlp_1,0.6737365126609802,0.6719874143600464,0.0017490983009338,0.5353427135944366,0.0476190476190476,-0.0001059973239898,0.0003885012379644,51,17,0.8228148221969604,0.8221064805984497,STRUCTURAL
volterra,tc_m_h_rank,3,tier3_shape_normalized,100.0,3,mlp_2,0.664130687713623,0.6604416370391846,0.0036890506744384,0.5353427135944366,0.0476190476190476,-0.0001059973239898,0.0003885012379644,51,17,0.8272749781608582,0.8249191045761108,STRUCTURAL
volterra,tc_m_h_rank,3,tier3_shape_normalized,100.0,4,ridge,0.5267607212066651,0.5267607212066651,0.0,0.5255898493528366,0.0476190476190476,0.0011708718538284,0.0006136461682023,60,20,0.7265413999557495,0.7265413999557495,STRUCTURAL
volterra,tc_m_h_rank,3,tier3_shape_normalized,100.0,4,mlp_1,0.6872965097427368,0.6947416067123413,-0.0074450969696044,0.5255898493528366,0.0476190476190476,0.0011708718538284,0.0006136461682023,60,20,0.8311048746109009,0.8353897929191589,STRUCTURAL
volterra,tc_m_h_rank,3,tier3_shape_normalized,100.0,4,mlp_2,0.6822769641876221,0.6892927885055542,-0.0070158243179321,0.5255898493528366,0.0476190476190476,0.0011708718538284,0.0006136461682023,60,20,0.8381951451301575,0.8442683219909668,STRUCTURAL
volterra,gabaa_per_tc,1,existing_synaptic,5.0,0,ridge,0.5627074599266052,0.5627074599266052,0.0,0.0540392661094665,0.0476190476190476,0.5086681938171387,0.0011845674588323,1500,500,0.7502519488334656,0.7502519488334656,STRUCTURAL
volterra,gabaa_per_tc,1,existing_synaptic,5.0,0,mlp_1,0.5755535364151001,0.5745399594306946,0.0010135769844055,0.0540392661094665,0.0476190476190476,0.5086681938171387,0.0011845674588323,1500,500,0.7593399286270142,0.7587676644325256,STRUCTURAL
volterra,gabaa_per_tc,1,existing_synaptic,5.0,0,mlp_2,0.5894981622695923,0.5892894864082336,0.0002086758613586,0.0540392661094665,0.0476190476190476,0.5086681938171387,0.0011845674588323,1500,500,0.768359363079071,0.7682399153709412,STRUCTURAL
volterra,gabaa_per_tc,1,existing_synaptic,5.0,1,ridge,0.5029292225837707,0.5029292225837707,0.0,0.111284298300743,0.0476190476190476,0.3916449242830276,0.0040721663761201,57,19,0.7092093229293823,0.7092093229293823,STRUCTURAL
volterra,gabaa_per_tc,1,existing_synaptic,5.0,1,mlp_1,0.5201007723808289,0.5224464535713196,-0.0023456811904907,0.111284298300743,0.0476190476190476,0.3916449242830276,0.0040721663761201,57,19,0.7216567397117615,0.7233237624168396,STRUCTURAL
volterra,gabaa_per_tc,1,existing_synaptic,5.0,1,mlp_2,0.5375645756721497,0.5354636311531067,0.0021009445190429,0.111284298300743,0.0476190476190476,0.3916449242830276,0.0040721663761201,57,19,0.7340283393859863,0.7324628233909607,STRUCTURAL
volterra,gabaa_per_tc,1,existing_synaptic,5.0,2,ridge,0.4554272890090942,0.4554272890090942,0.0,0.092595756649971,0.0476190476190476,0.3628315323591232,0.0034643809849831,51,17,0.6785459518432617,0.6785459518432617,STRUCTURAL
volterra,gabaa_per_tc,1,existing_synaptic,5.0,2,mlp_1,0.4894482493400574,0.4887747764587402,0.0006734728813171,0.092595756649971,0.0476190476190476,0.3628315323591232,0.0034643809849831,51,17,0.7007752656936646,0.6997463703155518,STRUCTURAL
volterra,gabaa_per_tc,1,existing_synaptic,5.0,2,mlp_2,0.5029627084732056,0.5036138296127319,-0.0006511211395263,0.092595756649971,0.0476190476190476,0.3628315323591232,0.0034643809849831,51,17,0.7098738551139832,0.7103933095932007,STRUCTURAL
volterra,gabaa_per_tc,1,existing_synaptic,5.0,3,ridge,0.4733175873756409,0.4733175873756409,0.0,0.0883432972431182,0.0476190476190476,0.3849742901325226,0.0036673002149575,51,17,0.6868556141853333,0.6868556141853333,STRUCTURAL
volterra,gabaa_per_tc,1,existing_synaptic,5.0,3,mlp_1,0.4828046262264251,0.4804155230522156,0.0023891031742095,0.0883432972431182,0.0476190476190476,0.3849742901325226,0.0036673002149575,51,17,0.6942127346992493,0.6924681663513184,STRUCTURAL
volterra,gabaa_per_tc,1,existing_synaptic,5.0,3,mlp_2,0.4940333366394043,0.494391918182373,-0.0003585815429687,0.0883432972431182,0.0476190476190476,0.3849742901325226,0.0036673002149575,51,17,0.7026191353797913,0.702966034412384,STRUCTURAL
volterra,gabaa_per_tc,1,existing_synaptic,5.0,4,ridge,0.357792842388153,0.357792842388153,0.0,0.0535946786403656,0.0476190476190476,0.3041981637477874,0.0026990966036066,50,5,0.5934612154960632,0.5934612154960632,STRUCTURAL
volterra,gabaa_per_tc,1,existing_synaptic,5.0,4,mlp_1,0.3676511645317077,0.3695036768913269,-0.0018525123596191,0.0535946786403656,0.0476190476190476,0.3041981637477874,0.0026990966036066,50,5,0.6000015735626221,0.60193932056427,STRUCTURAL
volterra,gabaa_per_tc,1,existing_synaptic,5.0,4,mlp_2,0.3775383830070495,0.3763871788978576,0.0011512041091918,0.0535946786403656,0.0476190476190476,0.3041981637477874,0.0026990966036066,50,5,0.6090694665908813,0.6080420613288879,STRUCTURAL
volterra,gabab_per_tc,1,existing_synaptic,150.0,0,ridge,0.9895567417144776,0.9895567417144776,0.0,0.0084066629409789,0.0476190476190476,0.9811500787734986,0.0004902003927745,1500,500,0.9947689175605774,0.9947689175605774,STRUCTURAL
volterra,gabab_per_tc,1,existing_synaptic,150.0,0,mlp_1,0.990497887134552,0.9907732009887696,-0.0002753138542175,0.0084066629409789,0.0476190476190476,0.9811500787734986,0.0004902003927745,1500,500,0.996183216571808,0.9963151812553406,STRUCTURAL
volterra,gabab_per_tc,1,existing_synaptic,150.0,0,mlp_2,0.9886681437492372,0.9877233505249025,0.0009447932243347,0.0084066629409789,0.0476190476190476,0.9811500787734986,0.0004902003927745,1500,500,0.9967721104621888,0.9963253140449524,STRUCTURAL
volterra,gabab_per_tc,1,existing_synaptic,150.0,1,ridge,0.9886185646057128,0.9886185646057128,0.0,0.0089750450849531,0.0476190476190476,0.9796435195207596,0.0005119473062919,1500,500,0.9943183660507202,0.9943183660507202,STRUCTURAL
volterra,gabab_per_tc,1,existing_synaptic,150.0,1,mlp_1,0.9892240762710572,0.989704132080078,-0.0004800558090209,0.0089750450849531,0.0476190476190476,0.9796435195207596,0.0005119473062919,1500,500,0.9956604242324828,0.9958789944648744,STRUCTURAL
volterra,gabab_per_tc,1,existing_synaptic,150.0,1,mlp_2,0.9872957468032836,0.9876703023910522,-0.0003745555877685,0.0089750450849531,0.0476190476190476,0.9796435195207596,0.0005119473062919,1500,500,0.9960373044013976,0.9964683651924132,STRUCTURAL
volterra,gabab_per_tc,1,existing_synaptic,150.0,2,ridge,0.9859833717346193,0.9859833717346193,0.0,0.0092482215166093,0.0476190476190476,0.9767351502180098,0.00053394505247,1500,500,0.9932451248168944,0.9932451248168944,STRUCTURAL
volterra,gabab_per_tc,1,existing_synaptic,150.0,2,mlp_1,0.9887725114822388,0.9892927408218384,-0.0005202293395996,0.0092482215166093,0.0476190476190476,0.9767351502180098,0.00053394505247,1500,500,0.9954492449760436,0.9955995678901672,STRUCTURAL
volterra,gabab_per_tc,1,existing_synaptic,150.0,2,mlp_2,0.9847272038459778,0.986260712146759,-0.0015335083007812,0.0092482215166093,0.0476190476190476,0.9767351502180098,0.00053394505247,1500,500,0.9957762956619264,0.995819926261902,STRUCTURAL
volterra,gabab_per_tc,1,existing_synaptic,150.0,3,ridge,0.9890945076942445,0.9890945076942445,0.0,0.0086538219451903,0.0476190476190476,0.980440685749054,0.0005037775386432,1500,500,0.994543194770813,0.994543194770813,STRUCTURAL
volterra,gabab_per_tc,1,existing_synaptic,150.0,3,mlp_1,0.9901719093322754,0.990224063396454,-5.21540641784668e-05,0.0086538219451903,0.0476190476190476,0.980440685749054,0.0005037775386432,1500,500,0.9961360096931458,0.9961204528808594,STRUCTURAL
volterra,gabab_per_tc,1,existing_synaptic,150.0,3,mlp_2,0.9870754480361938,0.9874916076660156,-0.0004161596298217,0.0086538219451903,0.0476190476190476,0.980440685749054,0.0005037775386432,1500,500,0.9960764646530152,0.9964572787284852,STRUCTURAL
volterra,gabab_per_tc,1,existing_synaptic,150.0,4,ridge,0.989540958404541,0.989540958404541,0.0,0.0083811610937116,0.0476190476190476,0.9811597973108294,0.0004816160225355,1500,500,0.9947761297225952,0.9947761297225952,STRUCTURAL
volterra,gabab_per_tc,1,existing_synaptic,150.0,4,mlp_1,0.9911704063415528,0.9904474020004272,0.0007230043411254,0.0083811610937116,0.0476190476190476,0.9811597973108294,0.0004816160225355,1500,500,0.996536135673523,0.9962080121040344,STRUCTURAL
volterra,gabab_per_tc,1,existing_synaptic,150.0,4,mlp_2,0.9873663187026978,0.9891878962516784,-0.0018215775489807,0.0083811610937116,0.0476190476190476,0.9811597973108294,0.0004816160225355,1500,500,0.996359646320343,0.9969412684440612,STRUCTURAL
