architecture,target,tier,group,timescale_ms,neuron_idx,probe_type,r2_trained,r2_untrained,delta_r2,selectivity,p_value,r2_null_mean,r2_null_std,block_size,tau_e,pearson_trained,pearson_untrained
lstm,G_T,1,tier1_identifiable,5.0,0,ridge,0.6392475843429566,0.5567342162132263,0.08251336812973031,0.6371735501289368,0.047619047619047616,0.0020740342140197756,0.00069292555752297,50,8,0.7999394536018372,0.7468116283416748
lstm,G_T,1,tier1_identifiable,5.0,0,mlp_1,0.7196202278137207,0.557979941368103,0.16164028644561768,0.6371735501289368,0.047619047619047616,0.0020740342140197756,0.00069292555752297,50,8,0.8491188883781433,0.7717065811157227
lstm,G_T,1,tier1_identifiable,5.0,0,mlp_2,0.7197960615158081,0.6236133575439453,0.09618270397186279,0.6371735501289368,0.047619047619047616,0.0020740342140197756,0.00069292555752297,50,8,0.8621741533279419,0.8280493021011353
lstm,G_T,1,tier1_identifiable,5.0,1,ridge,0.42018731832504275,0.4800171732902527,-0.05982985496520993,0.418229199051857,0.047619047619047616,0.00195811927318573,0.0005988838984942393,50,8,0.6500290036201477,0.6966700553894043
lstm,G_T,1,tier1_identifiable,5.0,1,mlp_1,0.5597211718559265,0.4640589654445648,0.0956622064113617,0.418229199051857,0.047619047619047616,0.00195811927318573,0.0005988838984942393,50,8,0.7527644038200378,0.6998352408409119
lstm,G_T,1,tier1_identifiable,5.0,1,mlp_2,0.5759299993515015,0.5239145159721375,0.052015483379364014,0.418229199051857,0.047619047619047616,0.00195811927318573,0.0005988838984942393,50,8,0.7755188345909119,0.7486276626586914
lstm,G_T,1,tier1_identifiable,5.0,2,ridge,0.3905166149139404,0.4132329702377319,-0.022716355323791515,0.38520075857639313,0.047619047619047616,0.005315856337547302,0.0013958838842267221,50,8,0.6300636529922485,0.6476137042045593
lstm,G_T,1,tier1_identifiable,5.0,2,mlp_1,0.47390860319137573,0.40563297271728516,0.06827563047409058,0.38520075857639313,0.047619047619047616,0.005315856337547302,0.0013958838842267221,50,8,0.6927577257156372,0.6525031328201294
lstm,G_T,1,tier1_identifiable,5.0,2,mlp_2,0.4708697199821472,0.45388707518577576,0.01698264479637146,0.38520075857639313,0.047619047619047616,0.005315856337547302,0.0013958838842267221,50,8,0.7109960913658142,0.7109437584877014
lstm,G_T,1,tier1_identifiable,5.0,3,ridge,0.4795531153678894,0.4687647223472595,0.010788393020629894,0.4767918109893799,0.047619047619047616,0.0027613043785095215,0.0008484402061081282,50,8,0.6933101415634155,0.6854721903800964
lstm,G_T,1,tier1_identifiable,5.0,3,mlp_1,0.6202029585838318,0.4782894253730774,0.1419135332107544,0.4767918109893799,0.047619047619047616,0.0027613043785095215,0.0008484402061081282,50,8,0.7936789393424988,0.7138779163360596
lstm,G_T,1,tier1_identifiable,5.0,3,mlp_2,0.6410380601882935,0.5088679194450378,0.13217014074325562,0.4767918109893799,0.047619047619047616,0.0027613043785095215,0.0008484402061081282,50,8,0.8207055330276489,0.761240541934967
lstm,G_T,1,tier1_identifiable,5.0,4,ridge,0.40489360094070437,0.46736204624176025,-0.062468445301055886,0.40468206822872166,0.047619047619047616,0.00021153271198272701,0.00040702063588980063,50,9,0.6412792205810547,0.6890473961830139
lstm,G_T,1,tier1_identifiable,5.0,4,mlp_1,0.49187907576560974,0.42721718549728394,0.0646618902683258,0.40468206822872166,0.047619047619047616,0.00021153271198272701,0.00040702063588980063,50,9,0.7049059867858887,0.6670478582382202
lstm,G_T,1,tier1_identifiable,5.0,4,mlp_2,0.5069068074226379,0.446798712015152,0.06010809540748596,0.40468206822872166,0.047619047619047616,0.00021153271198272701,0.00040702063588980063,50,9,0.7276372909545898,0.7028471231460571
lstm,G_h,1,tier1_identifiable,100.0,0,ridge,0.6333564996719361,0.5859938621520996,0.04736263751983649,0.5036296248435974,0.047619047619047616,0.12972687482833864,0.00336083354680538,87,29,0.7964474558830261,0.766189694404602
lstm,G_h,1,tier1_identifiable,100.0,0,mlp_1,-3.073322296142578,-1.833977460861206,-1.239344835281372,0.5036296248435974,0.047619047619047616,0.12972687482833864,0.00336083354680538,87,29,0.3403903841972351,0.32098549604415894
lstm,G_h,1,tier1_identifiable,100.0,0,mlp_2,-5.404392719268799,-1.0495269298553467,-4.354865789413452,0.5036296248435974,0.047619047619047616,0.12972687482833864,0.00336083354680538,87,29,0.37847891449928284,0.3998187184333801
lstm,G_h,1,tier1_identifiable,100.0,1,ridge,0.6014306783676148,0.5875370264053345,0.013893651962280318,0.4878635329008103,0.047619047619047616,0.11356714546680449,0.002690966534023454,90,30,0.7763367891311646,0.7687495350837708
lstm,G_h,1,tier1_identifiable,100.0,1,mlp_1,-3.5848705768585205,-1.9592220783233643,-1.6256484985351562,0.4878635329008103,0.047619047619047616,0.11356714546680449,0.002690966534023454,90,30,0.31595340371131897,0.30873745679855347
lstm,G_h,1,tier1_identifiable,100.0,1,mlp_2,-1.4938957691192627,-1.2535526752471924,-0.2403430938720703,0.4878635329008103,0.047619047619047616,0.11356714546680449,0.002690966534023454,90,30,0.39742863178253174,0.39598914980888367
lstm,G_h,1,tier1_identifiable,100.0,2,ridge,0.5580373764038086,0.5460857152938843,0.011951661109924294,0.44928378045558925,0.047619047619047616,0.10875359594821929,0.0025672024612867304,84,28,0.7475472092628479,0.7396214008331299
lstm,G_h,1,tier1_identifiable,100.0,2,mlp_1,-5.775426864624023,-2.703383445739746,-3.0720434188842773,0.44928378045558925,0.047619047619047616,0.10875359594821929,0.0025672024612867304,84,28,0.23104898631572723,0.26492661237716675
lstm,G_h,1,tier1_identifiable,100.0,2,mlp_2,-6.361590385437012,-0.49473053216934204,-5.86685985326767,0.44928378045558925,0.047619047619047616,0.10875359594821929,0.0025672024612867304,84,28,0.3132805824279785,0.3230407238006592
lstm,G_h,1,tier1_identifiable,100.0,3,ridge,0.5756143808364869,0.5553525447845459,0.020261836051940985,0.4483059316873551,0.047619047619047616,0.12730844914913175,0.0032725644760896455,87,29,0.7599996328353882,0.7483838796615601
lstm,G_h,1,tier1_identifiable,100.0,3,mlp_1,-2.917935371398926,-1.9550285339355469,-0.9629068374633789,0.4483059316873551,0.047619047619047616,0.12730844914913175,0.0032725644760896455,87,29,0.3376932740211487,0.3015930950641632
lstm,G_h,1,tier1_identifiable,100.0,3,mlp_2,-3.975735902786255,-2.526650905609131,-1.449084997177124,0.4483059316873551,0.047619047619047616,0.12730844914913175,0.0032725644760896455,87,29,0.44310951232910156,0.36332011222839355
lstm,G_h,1,tier1_identifiable,100.0,4,ridge,0.6188605308532715,0.5956266760826111,0.023233854770660423,0.4760782092809678,0.047619047619047616,0.14278232157230378,0.002598164273332628,105,35,0.7870492339134216,0.7724730372428894
lstm,G_h,1,tier1_identifiable,100.0,4,mlp_1,-2.2196154594421387,-1.269822120666504,-0.9497933387756348,0.4760782092809678,0.047619047619047616,0.14278232157230378,0.002598164273332628,105,35,0.35173940658569336,0.3516595661640167
lstm,G_h,1,tier1_identifiable,100.0,4,mlp_2,-0.12011923640966415,-1.0427874326705933,0.9226681962609291,0.4760782092809678,0.047619047619047616,0.14278232157230378,0.002598164273332628,105,35,0.6211678981781006,0.43966999650001526
lstm,I_T,1,tier1_identifiable,5.0,0,ridge,0.6394713640213012,0.5567295551300049,0.08274180889129634,0.6378891748189925,0.047619047619047616,0.0015821892023086548,0.0007399513290218064,50,9,0.8001314401626587,0.7473741173744202
lstm,I_T,1,tier1_identifiable,5.0,0,mlp_1,0.688485860824585,0.44987574219703674,0.23861011862754822,0.6378891748189925,0.047619047619047616,0.0015821892023086548,0.0007399513290218064,50,9,0.8318327069282532,0.6948443055152893
lstm,I_T,1,tier1_identifiable,5.0,0,mlp_2,0.7363643646240234,0.6444462537765503,0.09191811084747314,0.6378891748189925,0.047619047619047616,0.0015821892023086548,0.0007399513290218064,50,9,0.8593646287918091,0.8175302743911743
lstm,I_T,1,tier1_identifiable,5.0,1,ridge,0.4238054156303406,0.478031325340271,-0.05422590970993041,0.4227479600906372,0.047619047619047616,0.0010574555397033691,0.0006985471986723048,50,9,0.6527754068374634,0.6952542066574097
lstm,I_T,1,tier1_identifiable,5.0,1,mlp_1,0.4970569610595703,0.3790358603000641,0.11802110075950623,0.4227479600906372,0.047619047619047616,0.0010574555397033691,0.0006985471986723048,50,9,0.7100663781166077,0.6321486234664917
lstm,I_T,1,tier1_identifiable,5.0,1,mlp_2,0.5838267803192139,0.5342512130737305,0.0495755672454834,0.4227479600906372,0.047619047619047616,0.0010574555397033691,0.0006985471986723048,50,9,0.7660228610038757,0.7410275340080261
lstm,I_T,1,tier1_identifiable,5.0,2,ridge,0.3898837447166443,0.41315696239471433,-0.023273217678070057,0.38523496270179747,0.047619047619047616,0.0046487820148468015,0.0012856104401763975,50,9,0.6290695667266846,0.6473342180252075
lstm,I_T,1,tier1_identifiable,5.0,2,mlp_1,0.45110923051834106,0.34251293540000916,0.10859629511833191,0.38523496270179747,0.047619047619047616,0.0046487820148468015,0.0012856104401763975,50,9,0.6791673898696899,0.6002823710441589
lstm,I_T,1,tier1_identifiable,5.0,2,mlp_2,0.499783992767334,0.4679417014122009,0.03184229135513306,0.38523496270179747,0.047619047619047616,0.0046487820148468015,0.0012856104401763975,50,9,0.7110192179679871,0.6974502801895142
lstm,I_T,1,tier1_identifiable,5.0,3,ridge,0.4767815828323364,0.47101898193359376,0.0057626008987426425,0.4743768924474716,0.047619047619047616,0.002404690384864807,0.0008182771620971986,50,9,0.6917355060577393,0.6876817941665649
lstm,I_T,1,tier1_identifiable,5.0,3,mlp_1,0.5776720643043518,0.3677895963191986,0.2098824679851532,0.4743768924474716,0.047619047619047616,0.002404690384864807,0.0008182771620971986,50,9,0.7675368785858154,0.626701831817627
lstm,I_T,1,tier1_identifiable,5.0,3,mlp_2,0.6813098192214966,0.5827460885047913,0.09856373071670532,0.4743768924474716,0.047619047619047616,0.002404690384864807,0.0008182771620971986,50,9,0.827431857585907,0.7760106325149536
lstm,I_T,1,tier1_identifiable,5.0,4,ridge,0.4048025131225586,0.45855408906936646,-0.05375157594680785,0.4046934127807617,0.047619047619047616,0.00010910034179687498,0.00041380143168122835,50,9,0.6412978768348694,0.6824916005134583
lstm,I_T,1,tier1_identifiable,5.0,4,mlp_1,0.4627533555030823,0.36371204257011414,0.09904131293296814,0.4046934127807617,0.047619047619047616,0.00010910034179687498,0.00041380143168122835,50,9,0.6862866878509521,0.6207455396652222
lstm,I_T,1,tier1_identifiable,5.0,4,mlp_2,0.5204559564590454,0.4950025975704193,0.0254533588886261,0.4046934127807617,0.047619047619047616,0.00010910034179687498,0.00041380143168122835,50,9,0.7253636717796326,0.7143238186836243
lstm,I_h,1,tier1_identifiable,100.0,0,ridge,0.6509406447410584,0.5927538394927978,0.05818680524826059,0.5207166677713395,0.047619047619047616,0.13022397696971894,0.0026823249221910503,90,30,0.8072435259819031,0.7703668475151062
lstm,I_h,1,tier1_identifiable,100.0,0,mlp_1,0.7503656148910522,0.6232961416244507,0.12706947326660156,0.5207166677713395,0.047619047619047616,0.13022397696971894,0.0026823249221910503,90,30,0.8675063252449036,0.803353488445282
lstm,I_h,1,tier1_identifiable,100.0,0,mlp_2,0.7497208714485168,0.6999710202217102,0.04974985122680664,0.5207166677713395,0.047619047619047616,0.13022397696971894,0.0026823249221910503,90,30,0.8757821321487427,0.8532004356384277
lstm,I_h,1,tier1_identifiable,100.0,1,ridge,0.6422507524490356,0.6426349997520446,-0.000384247303009011,0.5234905087947845,0.047619047619047616,0.11876024365425109,0.0039029781145440133,96,32,0.8019149899482727,0.8032217025756836
lstm,I_h,1,tier1_identifiable,100.0,1,mlp_1,0.7549578547477722,0.6355010271072388,0.11945682764053345,0.5234905087947845,0.047619047619047616,0.11876024365425109,0.0039029781145440133,96,32,0.8708539009094238,0.8121250867843628
lstm,I_h,1,tier1_identifiable,100.0,1,mlp_2,0.7589230537414551,0.7346749901771545,0.024248063564300537,0.5234905087947845,0.047619047619047616,0.11876024365425109,0.0039029781145440133,96,32,0.8770627975463867,0.8740647435188293
lstm,I_h,1,tier1_identifiable,100.0,2,ridge,0.6185748100280761,0.6097358584403991,0.008838951587677002,0.5075982230901718,0.047619047619047616,0.11097658693790433,0.0030476917636562003,90,30,0.786902129650116,0.7812487483024597
lstm,I_h,1,tier1_identifiable,100.0,2,mlp_1,0.738561749458313,0.5867876410484314,0.1517741084098816,0.5075982230901718,0.047619047619047616,0.11097658693790433,0.0030476917636562003,90,30,0.8618015050888062,0.7864007353782654
lstm,I_h,1,tier1_identifiable,100.0,2,mlp_2,0.7399027347564697,0.7026482224464417,0.037254512310028076,0.5075982230901718,0.047619047619047616,0.11097658693790433,0.0030476917636562003,90,30,0.865798830986023,0.8565673828125
lstm,I_h,1,tier1_identifiable,100.0,3,ridge,0.5897573947906494,0.5833576917648315,0.006399703025817827,0.45873402357101434,0.047619047619047616,0.131023371219635,0.0033622475271267477,90,30,0.7686658501625061,0.7659538388252258
lstm,I_h,1,tier1_identifiable,100.0,3,mlp_1,0.7251073122024536,0.5979551672935486,0.12715214490890503,0.45873402357101434,0.047619047619047616,0.131023371219635,0.0033622475271267477,90,30,0.853506863117218,0.7889819145202637
lstm,I_h,1,tier1_identifiable,100.0,3,mlp_2,0.7354488968849182,0.6787375211715698,0.05671137571334839,0.45873402357101434,0.047619047619047616,0.131023371219635,0.0033622475271267477,90,30,0.8632314801216125,0.8393505811691284
lstm,I_h,1,tier1_identifiable,100.0,4,ridge,0.6711584806442261,0.6628024816513062,0.008355998992919944,0.5238089257478715,0.047619047619047616,0.14734955489635465,0.0033764754801686968,111,37,0.8195168375968933,0.8147098422050476
lstm,I_h,1,tier1_identifiable,100.0,4,mlp_1,0.7758151292800903,0.6757791042327881,0.10003602504730225,0.5238089257478715,0.047619047619047616,0.14734955489635465,0.0033764754801686968,111,37,0.882647693157196,0.8322080373764038
lstm,I_h,1,tier1_identifiable,100.0,4,mlp_2,0.7732641696929932,0.7318158149719238,0.041448354721069336,0.5238089257478715,0.047619047619047616,0.14734955489635465,0.0033764754801686968,111,37,0.886877179145813,0.8696026802062988
lstm,I_GABA_A,1,tier1_identifiable,5.0,0,ridge,0.32430527210235593,0.2675167679786682,0.056788504123687744,0.2226665663719177,0.047619047619047616,0.10163870573043823,0.002224763716218169,50,8,0.5759569406509399,0.527398407459259
lstm,I_GABA_A,1,tier1_identifiable,5.0,0,mlp_1,-0.0114081259816885,-0.02545994520187378,0.01405181922018528,0.2226665663719177,0.047619047619047616,0.10163870573043823,0.002224763716218169,50,8,0.4321116805076599,0.22934213280677795
lstm,I_GABA_A,1,tier1_identifiable,5.0,0,mlp_2,0.27248597145080566,0.11690547317266464,0.15558049827814102,0.2226665663719177,0.047619047619047616,0.10163870573043823,0.002224763716218169,50,8,0.525192141532898,0.3535006642341614
lstm,I_GABA_A,1,tier1_identifiable,5.0,1,ridge,0.32917418479919436,0.3008527040481567,0.02832148075103763,0.2350773918628693,0.047619047619047616,0.09409679293632507,0.0018521788158751093,50,7,0.5766922235488892,0.5511450171470642
lstm,I_GABA_A,1,tier1_identifiable,5.0,1,mlp_1,-0.051284052431583405,-0.0542956106364727,0.0030115582048892975,0.2350773918628693,0.047619047619047616,0.09409679293632507,0.0018521788158751093,50,7,0.36057934165000916,0.19043616950511932
lstm,I_GABA_A,1,tier1_identifiable,5.0,1,mlp_2,0.2583540976047516,0.11192909628152847,0.14642500132322311,0.2350773918628693,0.047619047619047616,0.09409679293632507,0.0018521788158751093,50,7,0.5138852000236511,0.3415535092353821
lstm,I_GABA_A,1,tier1_identifiable,5.0,2,ridge,0.25424904823303224,0.24712440967559815,0.007124638557434088,0.16497589647769928,0.047619047619047616,0.08927315175533294,0.0025058887522787536,50,6,0.51368647813797,0.5086086988449097
lstm,I_GABA_A,1,tier1_identifiable,5.0,2,mlp_1,-0.06051267310976982,-0.04109705612063408,-0.019415616989135742,0.16497589647769928,0.047619047619047616,0.08927315175533294,0.0025058887522787536,50,6,0.3398793935775757,0.19491569697856903
lstm,I_GABA_A,1,tier1_identifiable,5.0,2,mlp_2,0.21419604122638702,0.11538734287023544,0.09880869835615158,0.16497589647769928,0.047619047619047616,0.08927315175533294,0.0025058887522787536,50,6,0.4688527584075928,0.35650843381881714
lstm,I_GABA_A,1,tier1_identifiable,5.0,3,ridge,0.2812230348587036,0.293358314037323,-0.012135279178619396,0.19321630001068113,0.047619047619047616,0.08800673484802246,0.001611833228401856,50,7,0.5350095629692078,0.5462445020675659
lstm,I_GABA_A,1,tier1_identifiable,5.0,3,mlp_1,-0.09725997596979141,-0.05389993265271187,-0.043360043317079544,0.19321630001068113,0.047619047619047616,0.08800673484802246,0.001611833228401856,50,7,0.29817062616348267,0.18354560434818268
lstm,I_GABA_A,1,tier1_identifiable,5.0,3,mlp_2,0.20809313654899597,0.08971530199050903,0.11837783455848694,0.19321630001068113,0.047619047619047616,0.08800673484802246,0.001611833228401856,50,7,0.4643629491329193,0.308430016040802
lstm,I_GABA_A,1,tier1_identifiable,5.0,4,ridge,0.23160494565963746,0.2371472477912903,-0.0055423021316528265,0.14762819766998292,0.047619047619047616,0.08397674798965454,0.0019488710272555654,50,4,0.4880545139312744,0.49265021085739136
lstm,I_GABA_A,1,tier1_identifiable,5.0,4,mlp_1,-0.06012220308184624,-0.05204040929675102,-0.008081793785095215,0.14762819766998292,0.047619047619047616,0.08397674798965454,0.0019488710272555654,50,4,0.33408889174461365,0.16782763600349426
lstm,I_GABA_A,1,tier1_identifiable,5.0,4,mlp_2,0.19324681162834167,0.08299122005701065,0.11025559157133102,0.14762819766998292,0.047619047619047616,0.08397674798965454,0.0019488710272555654,50,4,0.4412148594856262,0.3079105019569397
lstm,I_GABA_B,1,tier1_identifiable,150.0,0,ridge,0.6192501306533813,0.6010017156600952,0.01824841499328611,0.09179591119289399,0.047619047619047616,0.5274542194604873,0.0016377370207256707,1500,500,0.7875704169273376,0.7764775156974792
lstm,I_GABA_B,1,tier1_identifiable,150.0,0,mlp_1,0.4905630052089691,0.27312636375427246,0.21743664145469666,0.09179591119289399,0.047619047619047616,0.5274542194604873,0.0016377370207256707,1500,500,0.713291347026825,0.6081104874610901
lstm,I_GABA_B,1,tier1_identifiable,150.0,0,mlp_2,0.598764955997467,0.5021543502807617,0.09661060571670532,0.09179591119289399,0.047619047619047616,0.5274542194604873,0.0016377370207256707,1500,500,0.7750378847122192,0.7109655737876892
lstm,I_GABA_B,1,tier1_identifiable,150.0,1,ridge,0.6277886629104614,0.6327118277549744,-0.0049231648445129395,0.10551486670970922,0.047619047619047616,0.5222737962007522,0.002957034372138895,1500,500,0.7921839356422424,0.7952762842178345
lstm,I_GABA_B,1,tier1_identifiable,150.0,1,mlp_1,0.48935723304748535,0.20043513178825378,0.28892210125923157,0.10551486670970922,0.047619047619047616,0.5222737962007522,0.002957034372138895,1500,500,0.7061691880226135,0.5789958238601685
lstm,I_GABA_B,1,tier1_identifiable,150.0,1,mlp_2,0.6027205586433411,0.5178101062774658,0.08491045236587524,0.10551486670970922,0.047619047619047616,0.5222737962007522,0.002957034372138895,1500,500,0.7775271534919739,0.7203725576400757
lstm,I_GABA_B,1,tier1_identifiable,150.0,2,ridge,0.5793959021568298,0.5734578132629394,0.005938088893890359,0.08283871829509731,0.047619047619047616,0.4965571838617325,0.002784247473688007,1500,500,0.7625077962875366,0.7586030960083008
lstm,I_GABA_B,1,tier1_identifiable,150.0,2,mlp_1,0.41828712821006775,0.2440371960401535,0.17424993216991425,0.08283871829509731,0.047619047619047616,0.4965571838617325,0.002784247473688007,1500,500,0.6607761979103088,0.5877900123596191
lstm,I_GABA_B,1,tier1_identifiable,150.0,2,mlp_2,0.5502800941467285,0.4777936041355133,0.07248649001121521,0.08283871829509731,0.047619047619047616,0.4965571838617325,0.002784247473688007,1500,500,0.744064450263977,0.692943274974823
lstm,I_GABA_B,1,tier1_identifiable,150.0,3,ridge,0.6328967332839965,0.6411986112594604,-0.00830187797546389,0.10349787294864665,0.047619047619047616,0.5293988603353499,0.002540950787544665,1500,500,0.7957244515419006,0.8011746406555176
lstm,I_GABA_B,1,tier1_identifiable,150.0,3,mlp_1,0.4713718295097351,0.2127426415681839,0.2586291879415512,0.10349787294864665,0.047619047619047616,0.5293988603353499,0.002540950787544665,1500,500,0.694146990776062,0.582003653049469
lstm,I_GABA_B,1,tier1_identifiable,150.0,3,mlp_2,0.594601035118103,0.5141424536705017,0.08045858144760132,0.10349787294864665,0.047619047619047616,0.5293988603353499,0.002540950787544665,1500,500,0.7734125256538391,0.7173962593078613
lstm,I_GABA_B,1,tier1_identifiable,150.0,4,ridge,0.6473888278007507,0.6620191335678101,-0.01463030576705937,0.09616022586822492,0.047619047619047616,0.5512286019325258,0.0029801957242955686,1500,500,0.8048807382583618,0.8137351870536804
lstm,I_GABA_B,1,tier1_identifiable,150.0,4,mlp_1,0.4778253138065338,0.21634840965270996,0.26147690415382385,0.09616022586822492,0.047619047619047616,0.5512286019325258,0.0029801957242955686,1500,500,0.7078222632408142,0.5976589918136597
lstm,I_GABA_B,1,tier1_identifiable,150.0,4,mlp_2,0.6167858839035034,0.556294858455658,0.06049102544784546,0.09616022586822492,0.047619047619047616,0.5512286019325258,0.0029801957242955686,1500,500,0.7869051694869995,0.7465437650680542
lstm,tc_m_T,2,tier2_individual_gates,1.0,0,ridge,0.6213829040527343,0.5649149537086486,0.05646795034408569,0.6004408276081085,0.047619047619047616,0.02094207644462585,0.001436675184748735,50,13,0.7886632084846497,0.7520241141319275
lstm,tc_m_T,2,tier2_individual_gates,1.0,0,mlp_1,0.6907667517662048,0.5731712579727173,0.11759549379348755,0.6004408276081085,0.047619047619047616,0.02094207644462585,0.001436675184748735,50,13,0.8321899175643921,0.7719125747680664
lstm,tc_m_T,2,tier2_individual_gates,1.0,0,mlp_2,0.699000358581543,0.6247910261154175,0.07420933246612549,0.6004408276081085,0.047619047619047616,0.02094207644462585,0.001436675184748735,50,13,0.8396827578544617,0.8057234883308411
lstm,tc_m_T,2,tier2_individual_gates,1.0,1,ridge,0.5233057498931885,0.5366990327835083,-0.013393282890319824,0.5016115969419479,0.047619047619047616,0.021694152951240542,0.0012224438550314817,50,13,0.7243900895118713,0.7331686615943909
lstm,tc_m_T,2,tier2_individual_gates,1.0,1,mlp_1,0.6360307931900024,0.5139930248260498,0.12203776836395264,0.5016115969419479,0.047619047619047616,0.021694152951240542,0.0012224438550314817,50,13,0.799707293510437,0.7308306694030762
lstm,tc_m_T,2,tier2_individual_gates,1.0,1,mlp_2,0.6468440890312195,0.5740371942520142,0.07280689477920532,0.5016115969419479,0.047619047619047616,0.021694152951240542,0.0012224438550314817,50,13,0.811701774597168,0.7735316157341003
lstm,tc_m_T,2,tier2_individual_gates,1.0,2,ridge,0.5032077074050904,0.5451602578163147,-0.041952550411224365,0.48284706234931946,0.047619047619047616,0.020360645055770874,0.0013243102955538873,50,13,0.7102928161621094,0.7387597560882568
lstm,tc_m_T,2,tier2_individual_gates,1.0,2,mlp_1,0.6257511973381042,0.5223357677459717,0.10341542959213257,0.48284706234931946,0.047619047619047616,0.020360645055770874,0.0013243102955538873,50,13,0.7935034036636353,0.7336767315864563
lstm,tc_m_T,2,tier2_individual_gates,1.0,2,mlp_2,0.6306571960449219,0.5634317398071289,0.06722545623779297,0.48284706234931946,0.047619047619047616,0.020360645055770874,0.0013243102955538873,50,13,0.7993862628936768,0.7594012022018433
lstm,tc_m_T,2,tier2_individual_gates,1.0,3,ridge,0.4958686828613281,0.525747561454773,-0.029878878593444846,0.4711579692363739,0.047619047619047616,0.024710713624954223,0.001374898973684048,50,14,0.704681396484375,0.7257058024406433
lstm,tc_m_T,2,tier2_individual_gates,1.0,3,mlp_1,0.6385229825973511,0.5221604108810425,0.1163625717163086,0.4711579692363739,0.047619047619047616,0.024710713624954223,0.001374898973684048,50,14,0.8017461895942688,0.7360073328018188
lstm,tc_m_T,2,tier2_individual_gates,1.0,3,mlp_2,0.6557766795158386,0.5831869840621948,0.0725896954536438,0.4711579692363739,0.047619047619047616,0.024710713624954223,0.001374898973684048,50,14,0.8156538009643555,0.7772831916809082
lstm,tc_m_T,2,tier2_individual_gates,1.0,4,ridge,0.5146990537643432,0.532256543636322,-0.017557489871978804,0.4887059891223907,0.047619047619047616,0.02599306464195251,0.0014402057184954911,50,14,0.7183467745780945,0.7306045889854431
lstm,tc_m_T,2,tier2_individual_gates,1.0,4,mlp_1,0.6279663443565369,0.5167762637138367,0.1111900806427002,0.4887059891223907,0.047619047619047616,0.02599306464195251,0.0014402057184954911,50,14,0.7945221066474915,0.7304694056510925
lstm,tc_m_T,2,tier2_individual_gates,1.0,4,mlp_2,0.6387137174606323,0.5806867480278015,0.05802696943283081,0.4887059891223907,0.047619047619047616,0.02599306464195251,0.0014402057184954911,50,14,0.8034248352050781,0.777044415473938
lstm,tc_h_T,2,tier2_individual_gates,20.0,0,ridge,0.7911530494689941,0.6890786290168762,0.1020744204521179,0.6244769769906997,0.047619047619047616,0.16667607247829436,0.003563994095411184,96,32,0.889794647693634,0.8309524655342102
lstm,tc_h_T,2,tier2_individual_gates,20.0,0,mlp_1,0.8687005043029785,0.7193170785903931,0.14938342571258545,0.6244769769906997,0.047619047619047616,0.16667607247829436,0.003563994095411184,96,32,0.9330121278762817,0.8669098019599915
lstm,tc_h_T,2,tier2_individual_gates,20.0,0,mlp_2,0.8466548919677734,0.785275936126709,0.06137895584106445,0.6244769769906997,0.047619047619047616,0.16667607247829436,0.003563994095411184,96,32,0.9361709356307983,0.9095295667648315
lstm,tc_h_T,2,tier2_individual_gates,20.0,1,ridge,0.746345865726471,0.7519817352294922,-0.005635869503021196,0.5980358189344406,0.047619047619047616,0.14831004679203036,0.0022076273838292464,102,34,0.8643814325332642,0.8685920834541321
lstm,tc_h_T,2,tier2_individual_gates,20.0,1,mlp_1,0.851354718208313,0.7472074031829834,0.10414731502532959,0.5980358189344406,0.047619047619047616,0.14831004679203036,0.0022076273838292464,102,34,0.9253436326980591,0.8794299960136414
lstm,tc_h_T,2,tier2_individual_gates,20.0,1,mlp_2,0.8522230386734009,0.7782869338989258,0.0739361047744751,0.5980358189344406,0.047619047619047616,0.14831004679203036,0.0022076273838292464,102,34,0.9311731457710266,0.9023842811584473
lstm,tc_h_T,2,tier2_individual_gates,20.0,2,ridge,0.7185706377029419,0.6947900056838989,0.023780632019043013,0.5679861724376678,0.047619047619047616,0.15058446526527408,0.002789542169421416,99,33,0.8478067517280579,0.8340474367141724
lstm,tc_h_T,2,tier2_individual_gates,20.0,2,mlp_1,0.815997302532196,0.6569994688034058,0.15899783372879028,0.5679861724376678,0.047619047619047616,0.15058446526527408,0.002789542169421416,99,33,0.9054072499275208,0.8335477709770203
lstm,tc_h_T,2,tier2_individual_gates,20.0,2,mlp_2,0.8147689700126648,0.744382917881012,0.07038605213165283,0.5679861724376678,0.047619047619047616,0.15058446526527408,0.002789542169421416,99,33,0.9113272428512573,0.8970409631729126
lstm,tc_h_T,2,tier2_individual_gates,20.0,3,ridge,0.7177718162536622,0.7003966450691224,0.017375171184539795,0.5459870767593384,0.047619047619047616,0.1717847394943237,0.0036687798426764894,96,32,0.8476912379264832,0.8385047912597656
lstm,tc_h_T,2,tier2_individual_gates,20.0,3,mlp_1,0.8511124849319458,0.727359414100647,0.12375307083129883,0.5459870767593384,0.047619047619047616,0.1717847394943237,0.0036687798426764894,96,32,0.924884021282196,0.8703699111938477
lstm,tc_h_T,2,tier2_individual_gates,20.0,3,mlp_2,0.8403620719909668,0.8049423098564148,0.035419762134552,0.5459870767593384,0.047619047619047616,0.1717847394943237,0.0036687798426764894,96,32,0.9297378659248352,0.9112923741340637
lstm,tc_h_T,2,tier2_individual_gates,20.0,4,ridge,0.7706158757209778,0.7434314370155335,0.02718443870544429,0.5968210923671722,0.047619047619047616,0.17379478335380555,0.003919280067637641,120,40,0.8779244422912598,0.8629466891288757
lstm,tc_h_T,2,tier2_individual_gates,20.0,4,mlp_1,0.8607088327407837,0.7259711027145386,0.13473773002624512,0.5968210923671722,0.047619047619047616,0.17379478335380555,0.003919280067637641,120,40,0.9301217198371887,0.8649598956108093
lstm,tc_h_T,2,tier2_individual_gates,20.0,4,mlp_2,0.8595839738845825,0.7852441072463989,0.0743398666381836,0.5968210923671722,0.047619047619047616,0.17379478335380555,0.003919280067637641,120,40,0.9379609227180481,0.9065120816230774
lstm,tc_m_h,2,tier2_individual_gates,100.0,0,ridge,0.6333564996719361,0.5859934210777282,0.04736307859420785,0.5036296200752259,0.047619047619047616,0.1297268795967102,0.0033608383231592434,87,29,0.7964473366737366,0.7661895155906677
lstm,tc_m_h,2,tier2_individual_gates,100.0,0,mlp_1,0.739022970199585,0.6045588254928589,0.13446414470672607,0.5036296200752259,0.047619047619047616,0.1297268795967102,0.0033608383231592434,87,29,0.8610936403274536,0.7933964133262634
lstm,tc_m_h,2,tier2_individual_gates,100.0,0,mlp_2,0.73448246717453,0.6650135517120361,0.0694689154624939,0.5036296200752259,0.047619047619047616,0.1297268795967102,0.0033608383231592434,87,29,0.8701046109199524,0.8385303616523743
lstm,tc_m_h,2,tier2_individual_gates,100.0,1,ridge,0.6014307379722595,0.5875361800193787,0.01389455795288086,0.48786358654499057,0.047619047619047616,0.11356715142726896,0.002690961938176713,90,30,0.7763367891311646,0.7687490582466125
lstm,tc_m_h,2,tier2_individual_gates,100.0,1,mlp_1,0.712470531463623,0.5861343145370483,0.1263362169265747,0.48786358654499057,0.047619047619047616,0.11356715142726896,0.002690961938176713,90,30,0.8467025756835938,0.7816087007522583
lstm,tc_m_h,2,tier2_individual_gates,100.0,1,mlp_2,0.7078396081924438,0.639636218547821,0.0682033896446228,0.48786358654499057,0.047619047619047616,0.11356715142726896,0.002690961938176713,90,30,0.8563544154167175,0.8213399052619934
lstm,tc_m_h,2,tier2_individual_gates,100.0,2,ridge,0.558037281036377,0.5460851669311524,0.011952114105224565,0.4492836773395538,0.047619047619047616,0.10875360369682312,0.00256720426482413,84,28,0.7475471496582031,0.7396211624145508
lstm,tc_m_h,2,tier2_individual_gates,100.0,2,mlp_1,0.655951738357544,0.5091904401779175,0.14676129817962646,0.4492836773395538,0.047619047619047616,0.10875360369682312,0.00256720426482413,84,28,0.8128867149353027,0.7330247759819031
lstm,tc_m_h,2,tier2_individual_gates,100.0,2,mlp_2,0.656927764415741,0.6057857275009155,0.05114203691482544,0.4492836773395538,0.047619047619047616,0.10875360369682312,0.00256720426482413,84,28,0.8228669166564941,0.7997654676437378
lstm,tc_m_h,2,tier2_individual_gates,100.0,3,ridge,0.5756144523620605,0.5553529500961304,0.020261502265930154,0.4483060079813004,0.047619047619047616,0.12730844438076017,0.003272561648666928,87,29,0.7599996328353882,0.7483839988708496
lstm,tc_m_h,2,tier2_individual_gates,100.0,3,mlp_1,0.7078822255134583,0.5727430582046509,0.13513916730880737,0.4483060079813004,0.047619047619047616,0.12730844438076017,0.003272561648666928,87,29,0.8439135551452637,0.7730981111526489
lstm,tc_m_h,2,tier2_individual_gates,100.0,3,mlp_2,0.7141948938369751,0.6140848994255066,0.1001099944114685,0.4483060079813004,0.047619047619047616,0.12730844438076017,0.003272561648666928,87,29,0.8535369038581848,0.8111942410469055
lstm,tc_m_h,2,tier2_individual_gates,100.0,4,ridge,0.6188605189323425,0.5956259489059448,0.023234570026397727,0.4760781985521316,0.047619047619047616,0.14278232038021088,0.0025981613329923883,105,35,0.7870492339134216,0.7724725008010864
lstm,tc_m_h,2,tier2_individual_gates,100.0,4,mlp_1,0.7157586216926575,0.5966091752052307,0.11914944648742676,0.4760781985521316,0.047619047619047616,0.14278232038021088,0.0025981613329923883,105,35,0.8485579490661621,0.7845392823219299
lstm,tc_m_h,2,tier2_individual_gates,100.0,4,mlp_2,0.7212563753128052,0.6716326475143433,0.049623727798461914,0.4760781985521316,0.047619047619047616,0.14278232038021088,0.0025981613329923883,105,35,0.8562765121459961,0.832663357257843
lstm,tc_m_T_zscore,3,tier3_shape_normalized,1.0,0,ridge,0.6154937028884888,0.5583187699317932,0.05717493295669562,0.6156304496526719,0.047619047619047616,-0.0001367467641830444,0.0004982846382554812,50,13,0.7848583459854126,0.747587263584137
lstm,tc_m_T_zscore,3,tier3_shape_normalized,1.0,0,mlp_1,0.6890383958816528,0.5961723327636719,0.09286606311798096,0.6156304496526719,0.047619047619047616,-0.0001367467641830444,0.0004982846382554812,50,13,0.8306843638420105,0.7825570702552795
lstm,tc_m_T_zscore,3,tier3_shape_normalized,1.0,0,mlp_2,0.7026512622833252,0.6631006598472595,0.039550602436065674,0.6156304496526719,0.047619047619047616,-0.0001367467641830444,0.0004982846382554812,50,13,0.8391293287277222,0.8214573860168457
lstm,tc_m_T_zscore,3,tier3_shape_normalized,1.0,1,ridge,0.5089214682579041,0.523270559310913,-0.014349091053008967,0.5093369925022125,0.047619047619047616,-0.00041552424430847174,0.0004088095298193895,50,13,0.7144160270690918,0.7240431904792786
lstm,tc_m_T_zscore,3,tier3_shape_normalized,1.0,1,mlp_1,0.6372658014297485,0.5512086749076843,0.08605712652206421,0.5093369925022125,0.047619047619047616,-0.00041552424430847174,0.0004088095298193895,50,13,0.7998086810112,0.7517598271369934
lstm,tc_m_T_zscore,3,tier3_shape_normalized,1.0,1,mlp_2,0.6577343344688416,0.6168564558029175,0.04087787866592407,0.5093369925022125,0.047619047619047616,-0.00041552424430847174,0.0004088095298193895,50,13,0.8125380277633667,0.7926399111747742
lstm,tc_m_T_zscore,3,tier3_shape_normalized,1.0,2,ridge,0.49452255964279174,0.5376707792282105,-0.04314821958541876,0.49455315470695493,0.047619047619047616,-3.0595064163208005e-05,0.000404402410245162,50,13,0.7042824029922485,0.7337778806686401
lstm,tc_m_T_zscore,3,tier3_shape_normalized,1.0,2,mlp_1,0.6279290914535522,0.5504173040390015,0.07751178741455078,0.49455315470695493,0.047619047619047616,-3.0595064163208005e-05,0.000404402410245162,50,13,0.7938232421875,0.7494232058525085
lstm,tc_m_T_zscore,3,tier3_shape_normalized,1.0,2,mlp_2,0.6456355452537537,0.606407105922699,0.03922843933105469,0.49455315470695493,0.047619047619047616,-3.0595064163208005e-05,0.000404402410245162,50,13,0.8045809864997864,0.7872406244277954
lstm,tc_m_T_zscore,3,tier3_shape_normalized,1.0,3,ridge,0.47625749111175536,0.5120359182357788,-0.035778427124023404,0.4767197173833847,0.047619047619047616,-0.00046222627162933354,0.0002442884370926038,50,13,0.6908217668533325,0.7162524461746216
lstm,tc_m_T_zscore,3,tier3_shape_normalized,1.0,3,mlp_1,0.6400633454322815,0.5527711510658264,0.08729219436645508,0.4767197173833847,0.047619047619047616,-0.00046222627162933354,0.0002442884370926038,50,13,0.8017381429672241,0.7534171342849731
lstm,tc_m_T_zscore,3,tier3_shape_normalized,1.0,3,mlp_2,0.6605387926101685,0.6164473295211792,0.04409146308898926,0.4767197173833847,0.047619047619047616,-0.00046222627162933354,0.0002442884370926038,50,13,0.813967227935791,0.7939857244491577
lstm,tc_m_T_zscore,3,tier3_shape_normalized,1.0,4,ridge,0.5025148987770081,0.5206454396247864,-0.01813054084777832,0.5022989785671235,0.047619047619047616,0.00021592020988464355,0.0008757111410053301,50,14,0.7098121047019958,0.7225865125656128
lstm,tc_m_T_zscore,3,tier3_shape_normalized,1.0,4,mlp_1,0.6328116655349731,0.5460537672042847,0.08675789833068848,0.5022989785671235,0.047619047619047616,0.00021592020988464355,0.0008757111410053301,50,14,0.7968547940254211,0.7470088005065918
lstm,tc_m_T_zscore,3,tier3_shape_normalized,1.0,4,mlp_2,0.6515297889709473,0.6016722321510315,0.04985755681991577,0.5022989785671235,0.047619047619047616,0.00021592020988464355,0.0008757111410053301,50,14,0.8082979321479797,0.7843142747879028
lstm,tc_h_T_zscore,3,tier3_shape_normalized,20.0,0,ridge,0.7751989245414734,0.7011861801147461,0.07401274442672734,0.7735105985403061,0.047619047619047616,0.0016883260011672976,0.0008721977398729474,81,27,0.8806627988815308,0.8375822901725769
lstm,tc_h_T_zscore,3,tier3_shape_normalized,20.0,0,mlp_1,0.8696357607841492,0.7859442234039307,0.0836915373802185,0.7735105985403061,0.047619047619047616,0.0016883260011672976,0.0008721977398729474,81,27,0.9334219694137573,0.9007840156555176
lstm,tc_h_T_zscore,3,tier3_shape_normalized,20.0,0,mlp_2,0.8771871328353882,0.8574796915054321,0.019707441329956055,0.7735105985403061,0.047619047619047616,0.0016883260011672976,0.0008721977398729474,81,27,0.9383678436279297,0.9333202242851257
lstm,tc_h_T_zscore,3,tier3_shape_normalized,20.0,1,ridge,0.6951011419296265,0.7360529065132141,-0.040951764583587624,0.6866882377862931,0.047619047619047616,0.008412904143333436,0.0013508664171187662,87,29,0.8340795636177063,0.8581608533859253
lstm,tc_h_T_zscore,3,tier3_shape_normalized,20.0,1,mlp_1,0.8495977520942688,0.8003719449043274,0.049225807189941406,0.6866882377862931,0.047619047619047616,0.008412904143333436,0.0013508664171187662,87,29,0.923703670501709,0.9048589468002319
lstm,tc_h_T_zscore,3,tier3_shape_normalized,20.0,1,mlp_2,0.8688632249832153,0.8604773283004761,0.008385896682739258,0.6866882377862931,0.047619047619047616,0.008412904143333436,0.0013508664171187662,87,29,0.9344491958618164,0.9336600303649902
lstm,tc_h_T_zscore,3,tier3_shape_normalized,20.0,2,ridge,0.6627938985824585,0.702321183681488,-0.039527285099029474,0.6597498351335526,0.047619047619047616,0.003044063448905945,0.0009625868415509786,84,28,0.8147215843200684,0.8381853103637695
lstm,tc_h_T_zscore,3,tier3_shape_normalized,20.0,2,mlp_1,0.8170567750930786,0.7406371831893921,0.07641959190368652,0.6597498351335526,0.047619047619047616,0.003044063448905945,0.0009625868415509786,84,28,0.9057937860488892,0.8792434930801392
lstm,tc_h_T_zscore,3,tier3_shape_normalized,20.0,2,mlp_2,0.831222653388977,0.8276728391647339,0.003549814224243164,0.6597498351335526,0.047619047619047616,0.003044063448905945,0.0009625868415509786,84,28,0.9138761758804321,0.9185152053833008
lstm,tc_h_T_zscore,3,tier3_shape_normalized,20.0,3,ridge,0.6481181144714355,0.6890306949615479,-0.04091258049011237,0.6461978298425675,0.047619047619047616,0.001920284628868103,0.0007862381659405835,78,26,0.8054431080818176,0.8303348422050476
lstm,tc_h_T_zscore,3,tier3_shape_normalized,20.0,3,mlp_1,0.8451159596443176,0.7708184123039246,0.07429754734039307,0.6461978298425675,0.047619047619047616,0.001920284628868103,0.0007862381659405835,78,26,0.921356201171875,0.8918140530586243
lstm,tc_h_T_zscore,3,tier3_shape_normalized,20.0,3,mlp_2,0.8630114793777466,0.8396221399307251,0.023389339447021484,0.6461978298425675,0.047619047619047616,0.001920284628868103,0.0007862381659405835,78,26,0.9313974380493164,0.924658477306366
lstm,tc_h_T_zscore,3,tier3_shape_normalized,20.0,4,ridge,0.715914273262024,0.7196785688400269,-0.003764295578002952,0.7037176096439361,0.047619047619047616,0.012196663618087768,0.0016193286800308226,99,33,0.846274733543396,0.8484495282173157
lstm,tc_h_T_zscore,3,tier3_shape_normalized,20.0,4,mlp_1,0.8538398742675781,0.7596497535705566,0.09419012069702148,0.7037176096439361,0.047619047619047616,0.012196663618087768,0.0016193286800308226,99,33,0.9262240529060364,0.8828926086425781
lstm,tc_h_T_zscore,3,tier3_shape_normalized,20.0,4,mlp_2,0.872001051902771,0.8370848894119263,0.03491616249084473,0.7037176096439361,0.047619047619047616,0.012196663618087768,0.0016193286800308226,99,33,0.9361146092414856,0.9244983792304993
lstm,tc_m_h_zscore,3,tier3_shape_normalized,100.0,0,ridge,0.6477721214294434,0.6078299045562744,0.03994221687316901,0.6479901474714279,0.047619047619047616,-0.0002180260419845581,0.0007589759096413555,66,22,0.8051575422286987,0.7804009318351746
lstm,tc_m_h_zscore,3,tier3_shape_normalized,100.0,0,mlp_1,0.7608305811882019,0.6511204838752747,0.10971009731292725,0.6479901474714279,0.047619047619047616,-0.0002180260419845581,0.0007589759096413555,66,22,0.8731614351272583,0.8205836415290833
lstm,tc_m_h_zscore,3,tier3_shape_normalized,100.0,0,mlp_2,0.7829833626747131,0.7238737344741821,0.059109628200531006,0.6479901474714279,0.047619047619047616,-0.0002180260419845581,0.0007589759096413555,66,22,0.8865372538566589,0.8605296015739441
lstm,tc_m_h_zscore,3,tier3_shape_normalized,100.0,1,ridge,0.5634254813194275,0.5567354202270508,0.006690061092376687,0.5621494752168655,0.047619047619047616,0.0012760061025619506,0.0009054528252582183,72,24,0.7513343691825867,0.7467219233512878
lstm,tc_m_h_zscore,3,tier3_shape_normalized,100.0,1,mlp_1,0.723486065864563,0.6146961450576782,0.10878992080688477,0.5621494752168655,0.047619047619047616,0.0012760061025619506,0.0009054528252582183,72,24,0.8526399731636047,0.7967013120651245
lstm,tc_m_h_zscore,3,tier3_shape_normalized,100.0,1,mlp_2,0.7493072748184204,0.7118144035339355,0.03749287128448486,0.5621494752168655,0.047619047619047616,0.0012760061025619506,0.0009054528252582183,72,24,0.8670855760574341,0.8537086248397827
lstm,tc_m_h_zscore,3,tier3_shape_normalized,100.0,2,ridge,0.5269927024841309,0.5624887228012085,-0.03549602031707766,0.5246410709619522,0.047619047619047616,0.00235163152217865,0.0010194432379711123,69,23,0.7268624305725098,0.7502493858337402
lstm,tc_m_h_zscore,3,tier3_shape_normalized,100.0,2,mlp_1,0.6958646774291992,0.5928250551223755,0.10303962230682373,0.5246410709619522,0.047619047619047616,0.00235163152217865,0.0010194432379711123,69,23,0.8358818292617798,0.7871000170707703
lstm,tc_m_h_zscore,3,tier3_shape_normalized,100.0,2,mlp_2,0.7143712639808655,0.6825430989265442,0.03182816505432129,0.5246410709619522,0.047619047619047616,0.00235163152217865,0.0010194432379711123,69,23,0.8474555015563965,0.83551424741745
lstm,tc_m_h_zscore,3,tier3_shape_normalized,100.0,3,ridge,0.5201293110847474,0.5391524076461792,-0.019023096561431863,0.5201301354169846,0.047619047619047616,-8.243322372436562e-07,0.000517578002086753,66,22,0.7219904661178589,0.7350603938102722
lstm,tc_m_h_zscore,3,tier3_shape_normalized,100.0,3,mlp_1,0.7080227136611938,0.6158722639083862,0.09215044975280762,0.5201301354169846,0.047619047619047616,-8.243322372436562e-07,0.000517578002086753,66,22,0.8439593315124512,0.7974494695663452
lstm,tc_m_h_zscore,3,tier3_shape_normalized,100.0,3,mlp_2,0.7481546998023987,0.691177248954773,0.05697745084762573,0.5201301354169846,0.047619047619047616,-8.243322372436562e-07,0.000517578002086753,66,22,0.866554856300354,0.8412498235702515
lstm,tc_m_h_zscore,3,tier3_shape_normalized,100.0,4,ridge,0.5748651146888732,0.561091947555542,0.01377316713333121,0.5727401280403137,0.047619047619047616,0.0021249866485595703,0.0011916472537851963,81,27,0.7586762309074402,0.7496656179428101
lstm,tc_m_h_zscore,3,tier3_shape_normalized,100.0,4,mlp_1,0.7157942056655884,0.6039323806762695,0.11186182498931885,0.5727401280403137,0.047619047619047616,0.0021249866485595703,0.0011916472537851963,81,27,0.8478206396102905,0.789233922958374
lstm,tc_m_h_zscore,3,tier3_shape_normalized,100.0,4,mlp_2,0.7387285232543945,0.686992347240448,0.05173617601394653,0.5727401280403137,0.047619047619047616,0.0021249866485595703,0.0011916472537851963,81,27,0.8609228134155273,0.8388703465461731
lstm,tc_m_T_rank,3,tier3_shape_normalized,1.0,0,ridge,0.7596847534179687,0.6868523478507995,0.07283240556716919,0.7598172730207443,0.047619047619047616,-0.00013251960277557375,0.00043902071079328543,51,17,0.8718208074569702,0.8289348483085632
lstm,tc_m_T_rank,3,tier3_shape_normalized,1.0,0,mlp_1,0.8096915483474731,0.665115475654602,0.1445760726928711,0.7598172730207443,0.047619047619047616,-0.00013251960277557375,0.00043902071079328543,51,17,0.9012039303779602,0.8319920301437378
lstm,tc_m_T_rank,3,tier3_shape_normalized,1.0,0,mlp_2,0.7980760335922241,0.7124481797218323,0.08562785387039185,0.7598172730207443,0.047619047619047616,-0.00013251960277557375,0.00043902071079328543,51,17,0.9011308550834656,0.8638676404953003
lstm,tc_m_T_rank,3,tier3_shape_normalized,1.0,1,ridge,0.6731204986572266,0.6898023366928101,-0.01668183803558354,0.6732639193534851,0.047619047619047616,-0.0001434206962585449,0.0006209998908508031,51,17,0.8208267092704773,0.8307386636734009
lstm,tc_m_T_rank,3,tier3_shape_normalized,1.0,1,mlp_1,0.7683678865432739,0.6734548211097717,0.0949130654335022,0.6732639193534851,0.047619047619047616,-0.0001434206962585449,0.0006209998908508031,51,17,0.8795572519302368,0.8342479467391968
lstm,tc_m_T_rank,3,tier3_shape_normalized,1.0,1,mlp_2,0.7640211582183838,0.6760169267654419,0.0880042314529419,0.6732639193534851,0.047619047619047616,-0.0001434206962585449,0.0006209998908508031,51,17,0.8837111592292786,0.8405359983444214
lstm,tc_m_T_rank,3,tier3_shape_normalized,1.0,2,ridge,0.6591289401054382,0.6985206246376038,-0.03939168453216557,0.6596024107933044,0.047619047619047616,-0.0004734706878662109,0.0003108550811065426,51,17,0.8121294975280762,0.8358626365661621
lstm,tc_m_T_rank,3,tier3_shape_normalized,1.0,2,mlp_1,0.7715135216712952,0.6610983610153198,0.11041516065597534,0.6596024107933044,0.047619047619047616,-0.0004734706878662109,0.0003108550811065426,51,17,0.8815576434135437,0.8281896710395813
lstm,tc_m_T_rank,3,tier3_shape_normalized,1.0,2,mlp_2,0.7643362283706665,0.6914759278297424,0.07286030054092407,0.6596024107933044,0.047619047619047616,-0.0004734706878662109,0.0003108550811065426,51,17,0.8832474946975708,0.847521185874939
lstm,tc_m_T_rank,3,tier3_shape_normalized,1.0,3,ridge,0.6072246789932251,0.6566265940666198,-0.04940191507339475,0.6076054710149765,0.047619047619047616,-0.00038079202175140376,0.0002742137757166635,51,17,0.7796090841293335,0.8106595277786255
lstm,tc_m_T_rank,3,tier3_shape_normalized,1.0,3,mlp_1,0.7444823384284973,0.6133624315261841,0.13111990690231323,0.6076054710149765,0.047619047619047616,-0.00038079202175140376,0.0002742137757166635,51,17,0.8669067621231079,0.8027409315109253
lstm,tc_m_T_rank,3,tier3_shape_normalized,1.0,3,mlp_2,0.7489212155342102,0.6457666158676147,0.10315459966659546,0.6076054710149765,0.047619047619047616,-0.00038079202175140376,0.0002742137757166635,51,17,0.873884379863739,0.8262227177619934
lstm,tc_m_T_rank,3,tier3_shape_normalized,1.0,4,ridge,0.6699047565460206,0.7046883225440979,-0.034783565998077304,0.6688446766138078,0.047619047619047616,0.0010600799322128297,0.0008300008055537419,54,18,0.8189353942871094,0.8398492932319641
lstm,tc_m_T_rank,3,tier3_shape_normalized,1.0,4,mlp_1,0.7873381972312927,0.6709809303283691,0.11635726690292358,0.6688446766138078,0.047619047619047616,0.0010600799322128297,0.0008300008055537419,54,18,0.8903555870056152,0.8345037698745728
lstm,tc_m_T_rank,3,tier3_shape_normalized,1.0,4,mlp_2,0.7861796617507935,0.6768165230751038,0.1093631386756897,0.6688446766138078,0.047619047619047616,0.0010600799322128297,0.0008300008055537419,54,18,0.8951255679130554,0.8384652137756348
lstm,tc_h_T_rank,3,tier3_shape_normalized,20.0,0,ridge,0.7307411074638367,0.6459104537963867,0.08483065366745002,0.7303349924087524,0.047619047619047616,0.00040611505508422854,0.0005151823333156773,75,25,0.8551006317138672,0.803911566734314
lstm,tc_h_T_rank,3,tier3_shape_normalized,20.0,0,mlp_1,0.8045440912246704,0.6895006895065308,0.11504340171813965,0.7303349924087524,0.047619047619047616,0.00040611505508422854,0.0005151823333156773,75,25,0.8989845514297485,0.850771427154541
lstm,tc_h_T_rank,3,tier3_shape_normalized,20.0,0,mlp_2,0.7971958518028259,0.6813545227050781,0.1158413290977478,0.7303349924087524,0.047619047619047616,0.00040611505508422854,0.0005151823333156773,75,25,0.9010502099990845,0.8501397967338562
lstm,tc_h_T_rank,3,tier3_shape_normalized,20.0,1,ridge,0.6519814848899841,0.6929145932197571,-0.04093310832977304,0.6514306986331939,0.047619047619047616,0.0005507862567901611,0.0007993716902375925,75,25,0.8078188896179199,0.8327897787094116
lstm,tc_h_T_rank,3,tier3_shape_normalized,20.0,1,mlp_1,0.7727315425872803,0.6727465391159058,0.09998500347137451,0.6514306986331939,0.047619047619047616,0.0005507862567901611,0.0007993716902375925,75,25,0.8815800547599792,0.8371956944465637
lstm,tc_h_T_rank,3,tier3_shape_normalized,20.0,1,mlp_2,0.7696654200553894,0.6797437071800232,0.08992171287536621,0.6514306986331939,0.047619047619047616,0.0005507862567901611,0.0007993716902375925,75,25,0.8849321603775024,0.8429886698722839
lstm,tc_h_T_rank,3,tier3_shape_normalized,20.0,2,ridge,0.6368991136550903,0.6585636734962463,-0.021664559841156006,0.6356458324193954,0.047619047619047616,0.0012532812356948852,0.0008577072534764176,75,25,0.798498272895813,0.8115557432174683
lstm,tc_h_T_rank,3,tier3_shape_normalized,20.0,2,mlp_1,0.7307220697402954,0.6034512519836426,0.12727081775665283,0.6356458324193954,0.047619047619047616,0.0012532812356948852,0.0008577072534764176,75,25,0.8583971261978149,0.8012768030166626
lstm,tc_h_T_rank,3,tier3_shape_normalized,20.0,2,mlp_2,0.7348046898841858,0.6172510981559753,0.11755359172821045,0.6356458324193954,0.047619047619047616,0.0012532812356948852,0.0008577072534764176,75,25,0.8644229769706726,0.8140720129013062
lstm,tc_h_T_rank,3,tier3_shape_normalized,20.0,3,ridge,0.6252589464187622,0.6409224152565003,-0.01566346883773806,0.6249642938375474,0.047619047619047616,0.0002946525812149048,0.0006573585525150601,72,24,0.7910209894180298,0.800986111164093
lstm,tc_h_T_rank,3,tier3_shape_normalized,20.0,3,mlp_1,0.7487358450889587,0.6305103302001953,0.11822551488876343,0.6249642938375474,0.047619047619047616,0.0002946525812149048,0.0006573585525150601,72,24,0.8694359064102173,0.8174507021903992
lstm,tc_h_T_rank,3,tier3_shape_normalized,20.0,3,mlp_2,0.7507857084274292,0.681290864944458,0.06949484348297119,0.6249642938375474,0.047619047619047616,0.0002946525812149048,0.0006573585525150601,72,24,0.8753987550735474,0.8505939245223999
lstm,tc_h_T_rank,3,tier3_shape_normalized,20.0,4,ridge,0.6571180105209351,0.6660739064216614,-0.008955895900726318,0.6542083770036697,0.047619047619047616,0.00290963351726532,0.0013535987204699891,81,27,0.8107183575630188,0.8163257837295532
lstm,tc_h_T_rank,3,tier3_shape_normalized,20.0,4,mlp_1,0.7772167921066284,0.6616338491439819,0.11558294296264648,0.6542083770036697,0.047619047619047616,0.00290963351726532,0.0013535987204699891,81,27,0.8852896690368652,0.8312681913375854
lstm,tc_h_T_rank,3,tier3_shape_normalized,20.0,4,mlp_2,0.7708603143692017,0.6675677299499512,0.10329258441925049,0.6542083770036697,0.047619047619047616,0.00290963351726532,0.0013535987204699891,81,27,0.8880417943000793,0.8421849012374878
lstm,tc_m_h_rank,3,tier3_shape_normalized,100.0,0,ridge,0.637675428390503,0.579963207244873,0.057712221145629905,0.637667384147644,0.047619047619047616,8.044242858886724e-06,0.00046254920043721205,54,18,0.798905611038208,0.7620563507080078
lstm,tc_m_h_rank,3,tier3_shape_normalized,100.0,0,mlp_1,0.7258148193359375,0.5619584321975708,0.1638563871383667,0.637667384147644,0.047619047619047616,8.044242858886724e-06,0.00046254920043721205,54,18,0.8541712760925293,0.7685510516166687
lstm,tc_m_h_rank,3,tier3_shape_normalized,100.0,0,mlp_2,0.7148259282112122,0.5739390850067139,0.1408868432044983,0.637667384147644,0.047619047619047616,8.044242858886724e-06,0.00046254920043721205,54,18,0.8530190587043762,0.7812796831130981
lstm,tc_m_h_rank,3,tier3_shape_normalized,100.0,1,ridge,0.5325025677680969,0.5213496088981628,0.01115295886993406,0.5326110935211181,0.047619047619047616,-0.00010852575302124022,0.0004899726606348902,54,18,0.7304558157920837,0.7228841781616211
lstm,tc_m_h_rank,3,tier3_shape_normalized,100.0,1,mlp_1,0.6493452191352844,0.4964619278907776,0.15288329124450684,0.5326110935211181,0.047619047619047616,-0.00010852575302124022,0.0004899726606348902,54,18,0.8092191815376282,0.7246540784835815
lstm,tc_m_h_rank,3,tier3_shape_normalized,100.0,1,mlp_2,0.6549396514892578,0.5400382876396179,0.11490136384963989,0.5326110935211181,0.047619047619047616,-0.00010852575302124022,0.0004899726606348902,54,18,0.8179155588150024,0.7599128484725952
lstm,tc_m_h_rank,3,tier3_shape_normalized,100.0,2,ridge,0.5083013296127319,0.5416156411170959,-0.033314311504364036,0.5088476145267486,0.047619047619047616,-0.0005462849140167236,0.000314439245310219,51,17,0.7140159606933594,0.7363005876541138
lstm,tc_m_h_rank,3,tier3_shape_normalized,100.0,2,mlp_1,0.6275112628936768,0.4665922522544861,0.16091901063919067,0.5088476145267486,0.047619047619047616,-0.0005462849140167236,0.000314439245310219,51,17,0.7961639761924744,0.7029574513435364
lstm,tc_m_h_rank,3,tier3_shape_normalized,100.0,2,mlp_2,0.6294467449188232,0.521205723285675,0.1082410216331482,0.5088476145267486,0.047619047619047616,-0.0005462849140167236,0.000314439245310219,51,17,0.8030800819396973,0.7487757205963135
lstm,tc_m_h_rank,3,tier3_shape_normalized,100.0,3,ridge,0.4975928544998169,0.49698964357376096,0.0006032109260559193,0.4981012398004532,0.047619047619047616,-0.0005083853006362914,0.0003729108700861655,51,17,0.7061402201652527,0.7059639692306519
lstm,tc_m_h_rank,3,tier3_shape_normalized,100.0,3,mlp_1,0.6388263702392578,0.5023478269577026,0.13647854328155518,0.4981012398004532,0.047619047619047616,-0.0005083853006362914,0.0003729108700861655,51,17,0.8032265901565552,0.7310068607330322
lstm,tc_m_h_rank,3,tier3_shape_normalized,100.0,3,mlp_2,0.6337655186653137,0.5031382441520691,0.13062727451324463,0.4981012398004532,0.047619047619047616,-0.0005083853006362914,0.0003729108700861655,51,17,0.8053579330444336,0.7383894920349121
lstm,tc_m_h_rank,3,tier3_shape_normalized,100.0,4,ridge,0.543297004699707,0.5243611335754395,0.018935871124267534,0.5432644522190093,0.047619047619047616,3.2552480697631835e-05,0.0005719991323182811,60,20,0.737621009349823,0.7250241041183472
lstm,tc_m_h_rank,3,tier3_shape_normalized,100.0,4,mlp_1,0.6641124486923218,0.5151289105415344,0.14898353815078735,0.5432644522190093,0.047619047619047616,3.2552480697631835e-05,0.0005719991323182811,60,20,0.8189428448677063,0.7370023727416992
lstm,tc_m_h_rank,3,tier3_shape_normalized,100.0,4,mlp_2,0.6468878984451294,0.5445955991744995,0.10229229927062988,0.5432644522190093,0.047619047619047616,3.2552480697631835e-05,0.0005719991323182811,60,20,0.8158056139945984,0.7632394433021545
lstm,gabaa_per_tc,1,existing_synaptic,5.0,0,ridge,0.5679896235466003,0.555529522895813,0.012460100650787287,0.06239669859409336,0.047619047619047616,0.505592924952507,0.0015142157419412727,1500,500,0.7537628412246704,0.745802640914917
lstm,gabaa_per_tc,1,existing_synaptic,5.0,0,mlp_1,0.5363323092460632,0.47436994314193726,0.06196236610412598,0.06239669859409336,0.047619047619047616,0.505592924952507,0.0015142157419412727,1500,500,0.7335029244422913,0.6889544129371643
lstm,gabaa_per_tc,1,existing_synaptic,5.0,0,mlp_2,0.5802930593490601,0.5166952013969421,0.06359785795211792,0.06239669859409336,0.047619047619047616,0.505592924952507,0.0015142157419412727,1500,500,0.7630065083503723,0.719376802444458
lstm,gabaa_per_tc,1,existing_synaptic,5.0,1,ridge,0.5117839336395263,0.49719648361206054,0.01458745002746581,0.1228039330244064,0.047619047619047616,0.38898000061511995,0.0040615594387781746,57,19,0.7154859900474548,0.7049548029899597
lstm,gabaa_per_tc,1,existing_synaptic,5.0,1,mlp_1,0.4858481287956238,0.40357452630996704,0.08227360248565674,0.1228039330244064,0.047619047619047616,0.38898000061511995,0.0040615594387781746,57,19,0.6975330710411072,0.6359813213348389
lstm,gabaa_per_tc,1,existing_synaptic,5.0,1,mlp_2,0.529305100440979,0.45099201798439026,0.07831308245658875,0.1228039330244064,0.047619047619047616,0.38898000061511995,0.0040615594387781746,57,19,0.727969765663147,0.6720631718635559
lstm,gabaa_per_tc,1,existing_synaptic,5.0,2,ridge,0.4673604965209961,0.42955617904663085,0.037804317474365245,0.10599483370780943,0.047619047619047616,0.36136566281318666,0.003467986180959688,51,17,0.6853563189506531,0.6599770784378052
lstm,gabaa_per_tc,1,existing_synaptic,5.0,2,mlp_1,0.4419950544834137,0.33758288621902466,0.10441216826438904,0.10599483370780943,0.047619047619047616,0.36136566281318666,0.003467986180959688,51,17,0.6684437990188599,0.594524085521698
lstm,gabaa_per_tc,1,existing_synaptic,5.0,2,mlp_2,0.4939083456993103,0.3964407444000244,0.09746760129928589,0.10599483370780943,0.047619047619047616,0.36136566281318666,0.003467986180959688,51,17,0.7040534019470215,0.6364320516586304
lstm,gabaa_per_tc,1,existing_synaptic,5.0,3,ridge,0.476908814907074,0.4640479326248169,0.012860882282257069,0.09488765776157376,0.047619047619047616,0.3820211571455002,0.00350875602239413,51,17,0.689685046672821,0.6803032159805298
lstm,gabaa_per_tc,1,existing_synaptic,5.0,3,mlp_1,0.46029597520828247,0.3902875483036041,0.07000842690467834,0.09488765776157376,0.047619047619047616,0.3820211571455002,0.00350875602239413,51,17,0.6769174337387085,0.6240129470825195
lstm,gabaa_per_tc,1,existing_synaptic,5.0,3,mlp_2,0.4899197518825531,0.440044641494751,0.049875110387802124,0.09488765776157376,0.047619047619047616,0.3820211571455002,0.00350875602239413,51,17,0.6991084814071655,0.6619536280632019
lstm,gabaa_per_tc,1,existing_synaptic,5.0,4,ridge,0.3551806092262268,0.3464011073112488,0.008779501914978005,0.05377547740936278,0.047619047619047616,0.301405131816864,0.002701489361475769,50,5,0.5916464328765869,0.5840618014335632
lstm,gabaa_per_tc,1,existing_synaptic,5.0,4,mlp_1,0.34456759691238403,0.3083457052707672,0.03622189164161682,0.05377547740936278,0.047619047619047616,0.301405131816864,0.002701489361475769,50,5,0.5811650156974792,0.5507711172103882
lstm,gabaa_per_tc,1,existing_synaptic,5.0,4,mlp_2,0.3723682165145874,0.33249178528785706,0.03987643122673035,0.05377547740936278,0.047619047619047616,0.301405131816864,0.002701489361475769,50,5,0.6038424968719482,0.5710769891738892
lstm,gabab_per_tc,1,existing_synaptic,150.0,0,ridge,0.9778447866439819,0.9858163475990296,-0.007971560955047696,0.004769812822341568,0.047619047619047616,0.9730749738216403,0.0003856078883000409,1500,500,0.9888669848442078,0.9928864240646362
lstm,gabab_per_tc,1,existing_synaptic,150.0,0,mlp_1,0.9777436256408691,0.972603440284729,0.005140185356140137,0.004769812822341568,0.047619047619047616,0.9730749738216403,0.0003856078883000409,1500,500,0.9898468255996704,0.9867064356803894
lstm,gabab_per_tc,1,existing_synaptic,150.0,0,mlp_2,0.9718528985977173,0.9689787030220032,0.0028741955757141113,0.004769812822341568,0.047619047619047616,0.9730749738216403,0.0003856078883000409,1500,500,0.9898107647895813,0.9870683550834656
lstm,gabab_per_tc,1,existing_synaptic,150.0,1,ridge,0.9768231749534607,0.9841740250587463,-0.007350850105285578,0.005099112987518306,0.047619047619047616,0.9717240619659424,0.0003974978823746248,1500,500,0.9883497357368469,0.9920821189880371
lstm,gabab_per_tc,1,existing_synaptic,150.0,1,mlp_1,0.9771765470504761,0.9701258540153503,0.007050693035125732,0.005099112987518306,0.047619047619047616,0.9717240619659424,0.0003974978823746248,1500,500,0.9893068075180054,0.9855481386184692
lstm,gabab_per_tc,1,existing_synaptic,150.0,1,mlp_2,0.9725167155265808,0.9668795466423035,0.005637168884277344,0.005099112987518306,0.047619047619047616,0.9717240619659424,0.0003974978823746248,1500,500,0.9897726774215698,0.9861202239990234
lstm,gabab_per_tc,1,existing_synaptic,150.0,2,ridge,0.9749320030212403,0.9817971825599671,-0.0068651795387267844,0.0051580619812011674,0.047619047619047616,0.9697739410400391,0.00040167260930146817,1500,500,0.9874928593635559,0.9910618662834167
lstm,gabab_per_tc,1,existing_synaptic,150.0,2,mlp_1,0.9738181233406067,0.9666347503662109,0.007183372974395752,0.0051580619812011674,0.047619047619047616,0.9697739410400391,0.00040167260930146817,1500,500,0.9880112409591675,0.9840654134750366
lstm,gabab_per_tc,1,existing_synaptic,150.0,2,mlp_2,0.971053421497345,0.9616575241088867,0.009395897388458252,0.0051580619812011674,0.047619047619047616,0.9697739410400391,0.00040167260930146817,1500,500,0.9889513254165649,0.9844075441360474
lstm,gabab_per_tc,1,existing_synaptic,150.0,3,ridge,0.9768734455108643,0.9851478338241577,-0.008274388313293413,0.004813966751098686,0.047619047619047616,0.9720594787597656,0.00040300140414724545,1500,500,0.9883837699890137,0.9925456047058105
lstm,gabab_per_tc,1,existing_synaptic,150.0,3,mlp_1,0.9771451950073242,0.9686242341995239,0.008520960807800293,0.004813966751098686,0.047619047619047616,0.9720594787597656,0.00040300140414724545,1500,500,0.9895542860031128,0.9852482676506042
lstm,gabab_per_tc,1,existing_synaptic,150.0,3,mlp_2,0.9735373258590698,0.9686726331710815,0.004864692687988281,0.004813966751098686,0.047619047619047616,0.9720594787597656,0.00040300140414724545,1500,500,0.9899334907531738,0.9868952035903931
lstm,gabab_per_tc,1,existing_synaptic,150.0,4,ridge,0.978377640247345,0.9856278300285339,-0.007250189781188965,0.004991315007209729,0.047619047619047616,0.9733863252401352,0.0003750682214776776,1500,500,0.9891330003738403,0.9928144216537476
lstm,gabab_per_tc,1,existing_synaptic,150.0,4,mlp_1,0.9790452122688293,0.9718276858329773,0.007217526435852051,0.004991315007209729,0.047619047619047616,0.9733863252401352,0.0003750682214776776,1500,500,0.9902387857437134,0.9863700866699219
lstm,gabab_per_tc,1,existing_synaptic,150.0,4,mlp_2,0.9727686643600464,0.968980610370636,0.0037880539894104004,0.004991315007209729,0.047619047619047616,0.9733863252401352,0.0003750682214776776,1500,500,0.9899954795837402,0.9870368242263794
neural_ode,G_T,1,tier1_identifiable,5.0,0,ridge,0.02355748414993286,0.014894258975982667,0.008663225173950195,0.019513504505157472,0.047619047619047616,0.004043979644775391,0.0007089091452009957,50,8,0.15686628222465515,0.12835653126239777
neural_ode,G_T,1,tier1_identifiable,5.0,0,mlp_1,-0.00046515464782714844,-0.01135022658854723,0.010885071940720081,0.019513504505157472,0.047619047619047616,0.004043979644775391,0.0007089091452009957,50,8,0.0695464164018631,0.08980756253004074
neural_ode,G_T,1,tier1_identifiable,5.0,0,mlp_2,-0.007568311877548695,-0.05360274389386177,0.046034432016313076,0.019513504505157472,0.047619047619047616,0.004043979644775391,0.0007089091452009957,50,8,0.05878591537475586,0.09649241715669632
neural_ode,G_T,1,tier1_identifiable,5.0,1,ridge,0.010327744483947753,0.009200179576873779,0.0011275649070739743,0.005614539980888366,0.047619047619047616,0.004713204503059387,0.00048687648332777143,50,8,0.10853073745965958,0.1010562926530838
neural_ode,G_T,1,tier1_identifiable,5.0,1,mlp_1,-0.019485056400299072,-0.03652308136224747,0.017038024961948395,0.005614539980888366,0.047619047619047616,0.004713204503059387,0.00048687648332777143,50,8,0.04940682277083397,0.04534207284450531
neural_ode,G_T,1,tier1_identifiable,5.0,1,mlp_2,-0.0028710365295410156,0.0005165338516235352,-0.0033875703811645508,0.005614539980888366,0.047619047619047616,0.004713204503059387,0.00048687648332777143,50,8,0.036753952503204346,0.08198379725217819
neural_ode,G_T,1,tier1_identifiable,5.0,2,ridge,0.012325751781463622,0.011774718761444092,0.0005510330200195306,0.003905646204948425,0.047619047619047616,0.008420105576515197,0.0006424375657852138,50,8,0.11728192865848541,0.11548956483602524
neural_ode,G_T,1,tier1_identifiable,5.0,2,mlp_1,0.004183816723525524,-0.03081541135907173,0.034999228082597256,0.003905646204948425,0.047619047619047616,0.008420105576515197,0.0006424375657852138,50,8,0.0762091651558876,0.05004385858774185
neural_ode,G_T,1,tier1_identifiable,5.0,2,mlp_2,-0.012997066602110863,-0.00874626636505127,-0.004250800237059593,0.003905646204948425,0.047619047619047616,0.008420105576515197,0.0006424375657852138,50,8,0.04246971756219864,0.06791698932647705
neural_ode,G_T,1,tier1_identifiable,5.0,3,ridge,0.01711728572845459,0.015505123138427734,0.0016121625900268576,0.012783231139183046,0.047619047619047616,0.004334054589271545,0.0005701325417843178,50,8,0.14348259568214417,0.12830160558223724
neural_ode,G_T,1,tier1_identifiable,5.0,3,mlp_1,-0.03750808164477348,-0.015525328926742077,-0.021982752718031406,0.012783231139183046,0.047619047619047616,0.004334054589271545,0.0005701325417843178,50,8,0.021676434203982353,0.08859345316886902
neural_ode,G_T,1,tier1_identifiable,5.0,3,mlp_2,-0.007836902514100075,0.0008293270948342979,-0.008666229608934373,0.012783231139183046,0.047619047619047616,0.004334054589271545,0.0005701325417843178,50,8,0.021716082468628883,0.1135806292295456
neural_ode,G_T,1,tier1_identifiable,5.0,4,ridge,0.010080313682556153,0.005497598648071289,0.004582715034484864,0.009078547358512878,0.047619047619047616,0.0010017663240432738,0.0006978323617541187,50,9,0.10545986890792847,0.08097905665636063
neural_ode,G_T,1,tier1_identifiable,5.0,4,mlp_1,-0.0016479253536090255,-0.024517297744750977,0.02286937239114195,0.009078547358512878,0.047619047619047616,0.0010017663240432738,0.0006978323617541187,50,9,0.03467576578259468,0.035037629306316376
neural_ode,G_T,1,tier1_identifiable,5.0,4,mlp_2,-0.004261374473571777,-0.053064096719026566,0.04880272224545479,0.009078547358512878,0.047619047619047616,0.0010017663240432738,0.0006978323617541187,50,9,0.020422788336873055,0.044007476419210434
neural_ode,G_h,1,tier1_identifiable,100.0,0,ridge,0.11277512311935425,0.09808117151260376,0.014693951606750494,-0.016425666213035567,1.0,0.12920078933238982,0.0030207284873387994,87,29,0.33544644713401794,0.31431499123573303
neural_ode,G_h,1,tier1_identifiable,100.0,0,mlp_1,-0.5025325417518616,-5.391694068908691,4.88916152715683,-0.016425666213035567,1.0,0.12920078933238982,0.0030207284873387994,87,29,0.1597372591495514,0.03949296101927757
neural_ode,G_h,1,tier1_identifiable,100.0,0,mlp_2,-0.5953839421272278,-6.053858280181885,5.458474338054657,-0.016425666213035567,1.0,0.12920078933238982,0.0030207284873387994,87,29,0.14185264706611633,0.073274627327919
neural_ode,G_h,1,tier1_identifiable,100.0,1,ridge,0.12353910207748413,0.09937677383422852,0.024162328243255607,0.0074082285165786715,0.047619047619047616,0.11613087356090546,0.0023918179909409665,90,30,0.35305705666542053,0.3184242248535156
neural_ode,G_h,1,tier1_identifiable,100.0,1,mlp_1,-0.1805560439825058,-6.998958587646484,6.818402543663979,0.0074082285165786715,0.047619047619047616,0.11613087356090546,0.0023918179909409665,90,30,0.16750377416610718,0.023034876212477684
neural_ode,G_h,1,tier1_identifiable,100.0,1,mlp_2,-1.0714954137802124,-0.9982891082763672,-0.07320630550384521,0.0074082285165786715,0.047619047619047616,0.11613087356090546,0.0023918179909409665,90,30,0.15675684809684753,0.08307161182165146
neural_ode,G_h,1,tier1_identifiable,100.0,2,ridge,0.1084205150604248,0.09231288433074951,0.01610763072967529,0.0040417891740798795,0.047619047619047616,0.10437872588634492,0.002274852769168618,84,28,0.33224549889564514,0.3058778643608093
neural_ode,G_h,1,tier1_identifiable,100.0,2,mlp_1,-0.2753719687461853,-9.445873260498047,9.170501291751862,0.0040417891740798795,0.047619047619047616,0.10437872588634492,0.002274852769168618,84,28,0.1831049621105194,0.031474485993385315
neural_ode,G_h,1,tier1_identifiable,100.0,2,mlp_2,-3.118542432785034,-3.160759687423706,0.042217254638671875,0.0040417891740798795,0.047619047619047616,0.10437872588634492,0.002274852769168618,84,28,0.14953379333019257,0.05333423614501953
neural_ode,G_h,1,tier1_identifiable,100.0,3,ridge,0.12918163537979127,0.10510978698730469,0.024071848392486578,0.003176946640014666,0.23809523809523808,0.1260046887397766,0.0029622849273193167,87,29,0.36560046672821045,0.3316262364387512
neural_ode,G_h,1,tier1_identifiable,100.0,3,mlp_1,-0.3346787393093109,-7.577980995178223,7.243302255868912,0.003176946640014666,0.23809523809523808,0.1260046887397766,0.0029622849273193167,87,29,0.19269771873950958,0.06254027783870697
neural_ode,G_h,1,tier1_identifiable,100.0,3,mlp_2,-0.669089138507843,-2.7817180156707764,2.1126288771629333,0.003176946640014666,0.23809523809523808,0.1260046887397766,0.0029622849273193167,87,29,0.12725719809532166,0.038798823952674866
neural_ode,G_h,1,tier1_identifiable,100.0,4,ridge,0.15729918479919433,0.1309924006462097,0.026306784152984625,0.01531497061252593,0.047619047619047616,0.1419842141866684,0.002790572246633759,105,35,0.3969610333442688,0.362528920173645
neural_ode,G_h,1,tier1_identifiable,100.0,4,mlp_1,-0.10921408236026764,-4.653237342834473,4.544023260474205,0.01531497061252593,0.047619047619047616,0.1419842141866684,0.002790572246633759,105,35,0.223527193069458,0.0735742449760437
neural_ode,G_h,1,tier1_identifiable,100.0,4,mlp_2,-3.4929051399230957,-0.9624127149581909,-2.530492424964905,0.01531497061252593,0.047619047619047616,0.1419842141866684,0.002790572246633759,105,35,0.20625460147857666,0.11770804226398468
neural_ode,I_T,1,tier1_identifiable,5.0,0,ridge,0.02273472547531128,0.014247369766235352,0.008487355709075928,0.019185661077499392,0.047619047619047616,0.0035490643978118895,0.0006960545135657268,50,9,0.15394151210784912,0.12615002691745758
neural_ode,I_T,1,tier1_identifiable,5.0,0,mlp_1,-0.02203071117401123,-0.00035541056422516704,-0.021675300609786063,0.019185661077499392,0.047619047619047616,0.0035490643978118895,0.0006960545135657268,50,9,0.043214939534664154,0.05814523622393608
neural_ode,I_T,1,tier1_identifiable,5.0,0,mlp_2,-0.0073022483848035336,0.009042131714522839,-0.016344380099326372,0.019185661077499392,0.047619047619047616,0.0035490643978118895,0.0006960545135657268,50,9,0.07028256356716156,0.10274021327495575
neural_ode,I_T,1,tier1_identifiable,5.0,1,ridge,0.009201574325561523,0.008617019653320313,0.0005845546722412099,0.005414826273918151,0.047619047619047616,0.003786748051643372,0.0005659832247876755,50,9,0.1040446013212204,0.09946446120738983
neural_ode,I_T,1,tier1_identifiable,5.0,1,mlp_1,-0.023196101188659668,-0.0005557775730267167,-0.02264032361563295,0.005414826273918151,0.047619047619047616,0.003786748051643372,0.0005659832247876755,50,9,0.010944986715912819,0.04973546415567398
neural_ode,I_T,1,tier1_identifiable,5.0,1,mlp_2,-0.0069029927253723145,0.004958605859428644,-0.011861598584800959,0.005414826273918151,0.047619047619047616,0.003786748051643372,0.0005659832247876755,50,9,0.045231252908706665,0.07744850218296051
neural_ode,I_T,1,tier1_identifiable,5.0,2,ridge,0.011624491214752198,0.012092077732086181,-0.0004675865173339837,0.003982200026512147,0.047619047619047616,0.007642291188240051,0.0006057697455392328,50,9,0.11348173767328262,0.11620545387268066
neural_ode,I_T,1,tier1_identifiable,5.0,2,mlp_1,-0.018287349492311478,0.000774896121583879,-0.019062245613895357,0.003982200026512147,0.047619047619047616,0.007642291188240051,0.0006057697455392328,50,9,0.02011258527636528,0.05733029171824455
neural_ode,I_T,1,tier1_identifiable,5.0,2,mlp_2,0.004299473948776722,0.008334469981491566,-0.004034996032714844,0.003982200026512147,0.047619047619047616,0.007642291188240051,0.0006057697455392328,50,9,0.0758771300315857,0.09669722616672516
neural_ode,I_T,1,tier1_identifiable,5.0,3,ridge,0.01717873811721802,0.015148699283599854,0.0020300388336181655,0.01306528449058533,0.047619047619047616,0.00411345362663269,0.0005532003303574585,50,9,0.14485132694244385,0.12771102786064148
neural_ode,I_T,1,tier1_identifiable,5.0,3,mlp_1,-0.019927358254790306,0.004837393760681152,-0.02476475201547146,0.01306528449058533,0.047619047619047616,0.00411345362663269,0.0005532003303574585,50,9,0.011331788264214993,0.0802750512957573
neural_ode,I_T,1,tier1_identifiable,5.0,3,mlp_2,-5.493163916980848e-05,0.013989615254104137,-0.014044546893273946,0.01306528449058533,0.047619047619047616,0.00411345362663269,0.0005532003303574585,50,9,0.03413280472159386,0.12279965728521347
neural_ode,I_T,1,tier1_identifiable,5.0,4,ridge,0.009635996818542481,0.006060421466827393,0.0035755753517150886,0.008599759340286256,0.047619047619047616,0.0010362374782562258,0.00066201219832327,50,9,0.10349062830209732,0.08418992906808853
neural_ode,I_T,1,tier1_identifiable,5.0,4,mlp_1,-0.01635122299194336,-0.001430594944395125,-0.014920628047548234,0.008599759340286256,0.047619047619047616,0.0010362374782562258,0.00066201219832327,50,9,0.022073574364185333,0.043281156569719315
neural_ode,I_T,1,tier1_identifiable,5.0,4,mlp_2,0.0011550545459613204,0.0028402924071997404,-0.00168523786123842,0.008599759340286256,0.047619047619047616,0.0010362374782562258,0.00066201219832327,50,9,0.04634145647287369,0.06508452445268631
neural_ode,I_h,1,tier1_identifiable,100.0,0,ridge,0.11016062498092652,0.09388959407806396,0.016271030902862554,-0.021369373202323905,1.0,0.13152999818325042,0.002517951784540688,90,30,0.33170607686042786,0.30791711807250977
neural_ode,I_h,1,tier1_identifiable,100.0,0,mlp_1,0.08870244026184082,0.07198028266429901,0.01672215759754181,-0.021369373202323905,1.0,0.13152999818325042,0.002517951784540688,90,30,0.30135205388069153,0.27550026774406433
neural_ode,I_h,1,tier1_identifiable,100.0,0,mlp_2,0.08808870613574982,0.07816914469003677,0.009919561445713043,-0.021369373202323905,1.0,0.13152999818325042,0.002517951784540688,90,30,0.30038172006607056,0.2887173593044281
neural_ode,I_h,1,tier1_identifiable,100.0,1,ridge,0.11702169179916382,0.09606513977050782,0.020956552028655998,-0.0007701277732849315,0.7142857142857143,0.11779181957244875,0.002997681030662835,96,32,0.3439026474952698,0.31296005845069885
neural_ode,I_h,1,tier1_identifiable,100.0,1,mlp_1,0.08981077373027802,0.08574507385492325,0.004065699875354767,-0.0007701277732849315,0.7142857142857143,0.11779181957244875,0.002997681030662835,96,32,0.30189692974090576,0.29795220494270325
neural_ode,I_h,1,tier1_identifiable,100.0,1,mlp_2,0.08962428569793701,0.08964606374502182,-2.177804708480835e-05,-0.0007701277732849315,0.7142857142857143,0.11779181957244875,0.002997681030662835,96,32,0.3047969937324524,0.3118281066417694
neural_ode,I_h,1,tier1_identifiable,100.0,2,ridge,0.10728670358657837,0.09070518016815185,0.016581523418426516,0.0008742260932922408,0.42857142857142855,0.10641247749328613,0.003142054451639323,90,30,0.3309631049633026,0.30377280712127686
neural_ode,I_h,1,tier1_identifiable,100.0,2,mlp_1,0.08545924723148346,0.06280487775802612,0.022654369473457336,0.0008742260932922408,0.42857142857142855,0.10641247749328613,0.003142054451639323,90,30,0.2980615794658661,0.2553651034832001
neural_ode,I_h,1,tier1_identifiable,100.0,2,mlp_2,0.08520674705505371,0.06905657052993774,0.016150176525115967,0.0008742260932922408,0.42857142857142855,0.10641247749328613,0.003142054451639323,90,30,0.2983934283256531,0.27917832136154175
neural_ode,I_h,1,tier1_identifiable,100.0,3,ridge,0.14153478145599366,0.11492776870727539,0.026607012748718267,0.011377412676811222,0.047619047619047616,0.13015736877918244,0.002867845465683625,90,30,0.38053426146507263,0.34375935792922974
neural_ode,I_h,1,tier1_identifiable,100.0,3,mlp_1,0.10756266117095947,0.08970226347446442,0.017860397696495056,0.011377412676811222,0.047619047619047616,0.13015736877918244,0.002867845465683625,90,30,0.33649739623069763,0.3109336197376251
neural_ode,I_h,1,tier1_identifiable,100.0,3,mlp_2,0.10986820608377457,0.10684195905923843,0.003026247024536133,0.011377412676811222,0.047619047619047616,0.13015736877918244,0.002867845465683625,90,30,0.3375623822212219,0.3345577120780945
neural_ode,I_h,1,tier1_identifiable,100.0,4,ridge,0.1623568058013916,0.13287434577941895,0.029482460021972662,0.015997872948646574,0.047619047619047616,0.14635893285274504,0.0033003854894489973,111,37,0.40379565954208374,0.36606043577194214
neural_ode,I_h,1,tier1_identifiable,100.0,4,mlp_1,0.12661515176296234,0.11020298302173615,0.016412168741226196,0.015997872948646574,0.047619047619047616,0.14635893285274504,0.0033003854894489973,111,37,0.3588486313819885,0.3361227810382843
neural_ode,I_h,1,tier1_identifiable,100.0,4,mlp_2,0.12825243175029755,0.11806029081344604,0.010192140936851501,0.015997872948646574,0.047619047619047616,0.14635893285274504,0.0033003854894489973,111,37,0.3614417612552643,0.35331326723098755
neural_ode,I_GABA_A,1,tier1_identifiable,5.0,0,ridge,0.11134418249130248,0.0759760856628418,0.03536809682846069,0.0061397737264632934,0.047619047619047616,0.10520440876483919,0.0017855696561221662,50,8,0.33624809980392456,0.2846532464027405
neural_ode,I_GABA_A,1,tier1_identifiable,5.0,0,mlp_1,-0.18932676315307617,-0.22200199961662292,0.03267523646354675,0.0061397737264632934,0.047619047619047616,0.10520440876483919,0.0017855696561221662,50,8,0.008103233762085438,0.012329493649303913
neural_ode,I_GABA_A,1,tier1_identifiable,5.0,0,mlp_2,-0.09968207031488419,-0.09014753997325897,-0.009534530341625214,0.0061397737264632934,0.047619047619047616,0.10520440876483919,0.0017855696561221662,50,8,0.018082285299897194,0.03275929018855095
neural_ode,I_GABA_A,1,tier1_identifiable,5.0,1,ridge,0.1023677110671997,0.07414356470108033,0.028224146366119376,0.008396017551422108,0.047619047619047616,0.0939716935157776,0.0016255310131455545,50,7,0.3216609060764313,0.27617424726486206
neural_ode,I_GABA_A,1,tier1_identifiable,5.0,1,mlp_1,-0.17571993172168732,-0.20462945103645325,0.02890951931476593,0.008396017551422108,0.047619047619047616,0.0939716935157776,0.0016255310131455545,50,7,0.00901801697909832,0.00995111744850874
neural_ode,I_GABA_A,1,tier1_identifiable,5.0,1,mlp_2,-0.1050129383802414,-0.08443517982959747,-0.02057775855064392,0.008396017551422108,0.047619047619047616,0.0939716935157776,0.0016255310131455545,50,7,0.01778213120996952,0.01560174860060215
neural_ode,I_GABA_A,1,tier1_identifiable,5.0,2,ridge,0.08324121236801148,0.057519268989562986,0.025721943378448492,-0.006735647916793819,1.0,0.0899768602848053,0.0021654468841197892,50,6,0.2987097501754761,0.2552914321422577
neural_ode,I_GABA_A,1,tier1_identifiable,5.0,2,mlp_1,-0.16184444725513458,-0.1826784610748291,0.02083401381969452,-0.006735647916793819,1.0,0.0899768602848053,0.0021654468841197892,50,6,0.005095331929624081,0.005543893203139305
neural_ode,I_GABA_A,1,tier1_identifiable,5.0,2,mlp_2,-0.0917273536324501,-0.08272039890289307,-0.009006954729557037,-0.006735647916793819,1.0,0.0899768602848053,0.0021654468841197892,50,6,0.012523209676146507,0.01028886716812849
neural_ode,I_GABA_A,1,tier1_identifiable,5.0,3,ridge,0.09318124055862427,0.07137622833251953,0.021805012226104745,0.0013166797161102417,0.23809523809523808,0.09186456084251403,0.0017056856601683423,50,7,0.304881751537323,0.2688838839530945
neural_ode,I_GABA_A,1,tier1_identifiable,5.0,3,mlp_1,-0.17088499665260315,-0.2014005184173584,0.03051552176475525,0.0013166797161102417,0.23809523809523808,0.09186456084251403,0.0017056856601683423,50,7,0.011553135700523853,0.0022549042478203773
neural_ode,I_GABA_A,1,tier1_identifiable,5.0,3,mlp_2,-0.09627890586853027,-0.08848007023334503,-0.007798835635185242,0.0013166797161102417,0.23809523809523808,0.09186456084251403,0.0017056856601683423,50,7,0.020616989582777023,0.023681381717324257
neural_ode,I_GABA_A,1,tier1_identifiable,5.0,4,ridge,0.09124289751052857,0.0652796745300293,0.025963222980499273,0.0050922572612762534,0.047619047619047616,0.08615064024925231,0.0018383889034848191,50,4,0.3007791042327881,0.25838708877563477
neural_ode,I_GABA_A,1,tier1_identifiable,5.0,4,mlp_1,-0.18388965725898743,-0.21193508803844452,0.028045430779457092,0.0050922572612762534,0.047619047619047616,0.08615064024925231,0.0018383889034848191,50,4,0.008323502726852894,0.015095755457878113
neural_ode,I_GABA_A,1,tier1_identifiable,5.0,4,mlp_2,-0.09904830157756805,-0.09303314983844757,-0.006015151739120483,0.0050922572612762534,0.047619047619047616,0.08615064024925231,0.0018383889034848191,50,4,0.01354264933615923,0.006724679376929998
neural_ode,I_GABA_B,1,tier1_identifiable,150.0,0,ridge,0.46659241914749144,0.356388783454895,0.11020363569259645,0.0016103804111480824,0.14285714285714285,0.46498203873634336,0.000793292779986409,1500,500,0.6834466457366943,0.6011096239089966
neural_ode,I_GABA_B,1,tier1_identifiable,150.0,0,mlp_1,-0.3510982394218445,-0.3434750735759735,-0.007623165845870972,0.0016103804111480824,0.14285714285714285,0.46498203873634336,0.000793292779986409,1500,500,0.013547496870160103,0.0493590347468853
neural_ode,I_GABA_B,1,tier1_identifiable,150.0,0,mlp_2,-0.1718389242887497,0.012712085619568825,-0.18455100990831852,0.0016103804111480824,0.14285714285714285,0.46498203873634336,0.000793292779986409,1500,500,0.11723636090755463,0.22510473430156708
neural_ode,I_GABA_B,1,tier1_identifiable,150.0,1,ridge,0.4686409592628479,0.36564451456069946,0.10299644470214842,0.002007268667221118,0.047619047619047616,0.46663369059562676,0.0004533462636911303,1500,500,0.6838836669921875,0.6061073541641235
neural_ode,I_GABA_B,1,tier1_identifiable,150.0,1,mlp_1,-0.36660775542259216,-0.36445683240890503,-0.002150923013687134,0.002007268667221118,0.047619047619047616,0.46663369059562676,0.0004533462636911303,1500,500,0.014150743372738361,0.032739900052547455
neural_ode,I_GABA_B,1,tier1_identifiable,150.0,1,mlp_2,-0.21350768208503723,-0.0050511956214904785,-0.20845648646354675,0.002007268667221118,0.047619047619047616,0.46663369059562676,0.0004533462636911303,1500,500,0.09833867847919464,0.20747330784797668
neural_ode,I_GABA_B,1,tier1_identifiable,150.0,2,ridge,0.4351214408874512,0.33622554540634153,0.09889589548110966,0.0009365922212601352,0.047619047619047616,0.43418484866619106,0.0003498127145664861,1500,500,0.6595250368118286,0.5821776390075684
neural_ode,I_GABA_B,1,tier1_identifiable,150.0,2,mlp_1,-0.34014788269996643,-0.34042125940322876,0.0002733767032623291,0.0009365922212601352,0.047619047619047616,0.43418484866619106,0.0003498127145664861,1500,500,0.009608374908566475,0.0275249145925045
neural_ode,I_GABA_B,1,tier1_identifiable,150.0,2,mlp_2,-0.1734188050031662,-0.014278638176620007,-0.1591401668265462,0.0009365922212601352,0.047619047619047616,0.43418484866619106,0.0003498127145664861,1500,500,0.10203962028026581,0.18590378761291504
neural_ode,I_GABA_B,1,tier1_identifiable,150.0,3,ridge,0.478932774066925,0.3744572639465332,0.1044755101203918,0.000863938927650465,0.047619047619047616,0.47806883513927456,0.00020205352083940941,1500,500,0.6907694935798645,0.6130719184875488
neural_ode,I_GABA_B,1,tier1_identifiable,150.0,3,mlp_1,-0.3784649968147278,-0.3741830289363861,-0.004281967878341675,0.000863938927650465,0.047619047619047616,0.47806883513927456,0.00020205352083940941,1500,500,0.015231010504066944,0.0396718867123127
neural_ode,I_GABA_B,1,tier1_identifiable,150.0,3,mlp_2,-0.1804850995540619,-0.03728912025690079,-0.1431959792971611,0.000863938927650465,0.047619047619047616,0.47806883513927456,0.00020205352083940941,1500,500,0.1207369789481163,0.17604205012321472
neural_ode,I_GABA_B,1,tier1_identifiable,150.0,4,ridge,0.4906466960906982,0.3721587896347046,0.11848790645599361,0.0007366567850113359,0.047619047619047616,0.4899100393056869,0.00033455035978941406,1500,500,0.6992120742797852,0.6126835942268372
neural_ode,I_GABA_B,1,tier1_identifiable,150.0,4,mlp_1,-0.3967609405517578,-0.3985449969768524,0.0017840564250946045,0.0007366567850113359,0.047619047619047616,0.4899100393056869,0.00033455035978941406,1500,500,0.01673237793147564,0.03902324289083481
neural_ode,I_GABA_B,1,tier1_identifiable,150.0,4,mlp_2,-0.2226286232471466,-0.024064624682068825,-0.19856399856507778,0.0007366567850113359,0.047619047619047616,0.4899100393056869,0.00033455035978941406,1500,500,0.1058245450258255,0.197631374001503
neural_ode,tc_m_T,2,tier2_individual_gates,1.0,0,ridge,0.035748064517974854,0.02266395092010498,0.013084113597869873,0.013053312897682186,0.047619047619047616,0.022694751620292667,0.0011022699932210483,50,13,0.19220629334449768,0.15668626129627228
neural_ode,tc_m_T,2,tier2_individual_gates,1.0,0,mlp_1,0.011813962832093239,0.020847415551543236,-0.009033452719449997,0.013053312897682186,0.047619047619047616,0.022694751620292667,0.0011022699932210483,50,13,0.11898323148488998,0.1524823009967804
neural_ode,tc_m_T,2,tier2_individual_gates,1.0,0,mlp_2,0.014358222484588623,0.025615226477384567,-0.011257003992795944,0.013053312897682186,0.047619047619047616,0.022694751620292667,0.0011022699932210483,50,13,0.1304502785205841,0.1740734875202179
neural_ode,tc_m_T,2,tier2_individual_gates,1.0,1,ridge,0.03227933645248413,0.02641732692718506,0.005862009525299073,0.008369615077972417,0.047619047619047616,0.023909721374511715,0.0012401558843208999,50,13,0.18129314482212067,0.16667978465557098
neural_ode,tc_m_T,2,tier2_individual_gates,1.0,1,mlp_1,0.018161499872803688,0.02518291398882866,-0.007021414116024971,0.008369615077972417,0.047619047619047616,0.023909721374511715,0.0012401558843208999,50,13,0.14141157269477844,0.16341206431388855
neural_ode,tc_m_T,2,tier2_individual_gates,1.0,1,mlp_2,0.02065436914563179,0.024313926696777344,-0.0036595575511455536,0.008369615077972417,0.047619047619047616,0.023909721374511715,0.0012401558843208999,50,13,0.14970853924751282,0.16880343854427338
neural_ode,tc_m_T,2,tier2_individual_gates,1.0,2,ridge,0.028971397876739503,0.02083514928817749,0.008136248588562014,0.006795542836189272,0.047619047619047616,0.02217585504055023,0.0014688833293869758,50,13,0.17222312092781067,0.14910154044628143
neural_ode,tc_m_T,2,tier2_individual_gates,1.0,2,mlp_1,0.010460590943694115,0.01771094836294651,-0.007250357419252396,0.006795542836189272,0.047619047619047616,0.02217585504055023,0.0014688833293869758,50,13,0.10636644065380096,0.13662242889404297
neural_ode,tc_m_T,2,tier2_individual_gates,1.0,2,mlp_2,0.012524986639618874,0.016742121428251266,-0.004217134788632393,0.006795542836189272,0.047619047619047616,0.02217585504055023,0.0014688833293869758,50,13,0.117151640355587,0.14050397276878357
neural_ode,tc_m_T,2,tier2_individual_gates,1.0,3,ridge,0.03404686450958252,0.02888544797897339,0.005161416530609128,0.006707985401153568,0.047619047619047616,0.02733887910842895,0.0015702866504713764,50,14,0.18565139174461365,0.1714354008436203
neural_ode,tc_m_T,2,tier2_individual_gates,1.0,3,mlp_1,0.019053805619478226,0.02084299363195896,-0.0017891880124807358,0.006707985401153568,0.047619047619047616,0.02733887910842895,0.0015702866504713764,50,14,0.14213827252388,0.15081864595413208
neural_ode,tc_m_T,2,tier2_individual_gates,1.0,3,mlp_2,0.02378603257238865,0.02547595463693142,-0.0016899220645427704,0.006707985401153568,0.047619047619047616,0.02733887910842895,0.0015702866504713764,50,14,0.15841443836688995,0.1698320209980011
neural_ode,tc_m_T,2,tier2_individual_gates,1.0,4,ridge,0.03204268217086792,0.02773352861404419,0.004309153556823729,0.0030521905422210734,0.047619047619047616,0.028990491628646847,0.0012529077142340625,50,14,0.18251504004001617,0.17048519849777222
neural_ode,tc_m_T,2,tier2_individual_gates,1.0,4,mlp_1,0.014729881659150124,0.018957387655973434,-0.004227505996823311,0.0030521905422210734,0.047619047619047616,0.028990491628646847,0.0012529077142340625,50,14,0.131346195936203,0.14791734516620636
neural_ode,tc_m_T,2,tier2_individual_gates,1.0,4,mlp_2,0.019892573356628418,0.0228203646838665,-0.002927791327238083,0.0030521905422210734,0.047619047619047616,0.028990491628646847,0.0012529077142340625,50,14,0.15096299350261688,0.16212882101535797
neural_ode,tc_h_T,2,tier2_individual_gates,20.0,0,ridge,0.15528934001922606,0.13556380271911622,0.01972553730010984,-0.011780252456665086,1.0,0.16706959247589115,0.0028903273533929306,96,32,0.3936081528663635,0.36908555030822754
neural_ode,tc_h_T,2,tier2_individual_gates,20.0,0,mlp_1,0.1291494071483612,0.09548559039831161,0.03366381675004959,-0.011780252456665086,1.0,0.16706959247589115,0.0028903273533929306,96,32,0.36135193705558777,0.3126930594444275
neural_ode,tc_h_T,2,tier2_individual_gates,20.0,0,mlp_2,0.1269998848438263,0.10048884153366089,0.026511043310165405,-0.011780252456665086,1.0,0.16706959247589115,0.0028903273533929306,96,32,0.3590986132621765,0.3309313654899597
neural_ode,tc_h_T,2,tier2_individual_gates,20.0,1,ridge,0.149495267868042,0.12078273296356201,0.028712534904479975,-0.0023607444763183716,0.9047619047619048,0.15185601234436036,0.00200220623553426,102,34,0.3891063332557678,0.35093268752098083
neural_ode,tc_h_T,2,tier2_individual_gates,20.0,1,mlp_1,0.1133405789732933,0.09003180265426636,0.023308776319026947,-0.0023607444763183716,0.9047619047619048,0.15185601234436036,0.00200220623553426,102,34,0.34019935131073,0.3069179952144623
neural_ode,tc_h_T,2,tier2_individual_gates,20.0,1,mlp_2,0.10663390159606934,0.10972774028778076,-0.0030938386917114258,-0.0023607444763183716,0.9047619047619048,0.15185601234436036,0.00200220623553426,102,34,0.3363247513771057,0.3468853831291199
neural_ode,tc_h_T,2,tier2_individual_gates,20.0,2,ridge,0.14885003566741944,0.12419854402542115,0.0246514916419983,0.0016583007574081376,0.2857142857142857,0.1471917349100113,0.0022291140885622143,99,33,0.3873289227485657,0.3529861271381378
neural_ode,tc_h_T,2,tier2_individual_gates,20.0,2,mlp_1,0.11819883435964584,0.08077118545770645,0.03742764890193939,0.0016583007574081376,0.2857142857142857,0.1471917349100113,0.0022291140885622143,99,33,0.34764403104782104,0.2881532311439514
neural_ode,tc_h_T,2,tier2_individual_gates,20.0,2,mlp_2,0.11296787112951279,0.09311220794916153,0.019855663180351257,0.0016583007574081376,0.2857142857142857,0.1471917349100113,0.0022291140885622143,99,33,0.3435957431793213,0.32113125920295715
neural_ode,tc_h_T,2,tier2_individual_gates,20.0,3,ridge,0.17499791383743285,0.13819202184677123,0.036805891990661616,0.006311658620834298,0.09523809523809523,0.16868625521659855,0.0034901577639562076,96,32,0.42208901047706604,0.375966876745224
neural_ode,tc_h_T,2,tier2_individual_gates,20.0,3,mlp_1,0.12360537052154541,0.0768408328294754,0.04676453769207001,0.006311658620834298,0.09523809523809523,0.16868625521659855,0.0034901577639562076,96,32,0.36064380407333374,0.29069772362709045
neural_ode,tc_h_T,2,tier2_individual_gates,20.0,3,mlp_2,0.11976180225610733,0.10223658382892609,0.017525218427181244,0.006311658620834298,0.09523809523809523,0.16868625521659855,0.0034901577639562076,96,32,0.356901079416275,0.34130141139030457
neural_ode,tc_h_T,2,tier2_individual_gates,20.0,4,ridge,0.20850013494491576,0.1646728754043579,0.043827259540557856,0.03183230400085446,0.047619047619047616,0.1766678309440613,0.0033058497705801184,120,40,0.45876607298851013,0.4093504548072815
neural_ode,tc_h_T,2,tier2_individual_gates,20.0,4,mlp_1,0.16100658476352692,0.13151073455810547,0.029495850205421448,0.03183230400085446,0.047619047619047616,0.1766678309440613,0.0033058497705801184,120,40,0.4063066840171814,0.3679946959018707
neural_ode,tc_h_T,2,tier2_individual_gates,20.0,4,mlp_2,0.15693418681621552,0.13874110579490662,0.0181930810213089,0.03183230400085446,0.047619047619047616,0.1766678309440613,0.0033058497705801184,120,40,0.4048570990562439,0.387808620929718
neural_ode,tc_m_h,2,tier2_individual_gates,100.0,0,ridge,0.11277533769607544,0.09808111190795898,0.014694225788116452,-0.016425419449806203,1.0,0.12920075714588164,0.0030207914134162423,87,29,0.33544671535491943,0.31431499123573303
neural_ode,tc_m_h,2,tier2_individual_gates,100.0,0,mlp_1,0.09299520403146744,0.07211247831583023,0.020882725715637207,-0.016425419449806203,1.0,0.12920075714588164,0.0030207914134162423,87,29,0.30616968870162964,0.27168694138526917
neural_ode,tc_m_h,2,tier2_individual_gates,100.0,0,mlp_2,0.08864982426166534,0.06261056661605835,0.026039257645606995,-0.016425419449806203,1.0,0.12920075714588164,0.0030207914134162423,87,29,0.30224505066871643,0.2612815797328949
neural_ode,tc_m_h,2,tier2_individual_gates,100.0,1,ridge,0.12353869676589965,0.0993768572807312,0.02416183948516845,0.007407792210578912,0.047619047619047616,0.11613090455532074,0.002391693853116164,90,30,0.3530563712120056,0.3184242248535156
neural_ode,tc_m_h,2,tier2_individual_gates,100.0,1,mlp_1,0.0953390970826149,0.07383637130260468,0.021502725780010223,0.007407792210578912,0.047619047619047616,0.11613090455532074,0.002391693853116164,90,30,0.31021755933761597,0.2753492295742035
neural_ode,tc_m_h,2,tier2_individual_gates,100.0,1,mlp_2,0.0873493179678917,0.08083794265985489,0.006511375308036804,0.007407792210578912,0.047619047619047616,0.11613090455532074,0.002391693853116164,90,30,0.308616042137146,0.300277441740036
neural_ode,tc_m_h,2,tier2_individual_gates,100.0,2,ridge,0.10842055082321167,0.0923129677772522,0.016107583045959467,0.004041733145713808,0.047619047619047616,0.10437881767749786,0.0022748942329483203,84,28,0.33224552869796753,0.3058778941631317
neural_ode,tc_m_h,2,tier2_individual_gates,100.0,2,mlp_1,0.08601407706737518,0.04956338554620743,0.036450691521167755,0.004041733145713808,0.047619047619047616,0.10437881767749786,0.0022748942329483203,84,28,0.298351526260376,0.2316870242357254
neural_ode,tc_m_h,2,tier2_individual_gates,100.0,2,mlp_2,0.07511617988348007,0.06392902135848999,0.011187158524990082,0.004041733145713808,0.047619047619047616,0.10437881767749786,0.0022748942329483203,84,28,0.28791818022727966,0.2697749137878418
neural_ode,tc_m_h,2,tier2_individual_gates,100.0,3,ridge,0.12918195724487305,0.10510975122451782,0.02407220602035523,0.0031772607564926336,0.23809523809523808,0.12600469648838042,0.002962309622054352,87,29,0.3656008839607239,0.3316262364387512
neural_ode,tc_m_h,2,tier2_individual_gates,100.0,3,mlp_1,0.09654666483402252,0.0639495700597763,0.032597094774246216,0.0031772607564926336,0.23809523809523808,0.12600469648838042,0.002962309622054352,87,29,0.3232174813747406,0.26590496301651
neural_ode,tc_m_h,2,tier2_individual_gates,100.0,3,mlp_2,0.09330817312002182,0.07386847585439682,0.019439697265625,0.0031772607564926336,0.23809523809523808,0.12600469648838042,0.002962309622054352,87,29,0.3180822730064392,0.29165250062942505
neural_ode,tc_m_h,2,tier2_individual_gates,100.0,4,ridge,0.15729930400848388,0.13099243640899658,0.026306867599487305,0.015315051674842817,0.047619047619047616,0.14198425233364106,0.0027905385958402525,105,35,0.39696115255355835,0.362528920173645
neural_ode,tc_m_h,2,tier2_individual_gates,100.0,4,mlp_1,0.12663325667381287,0.09373436123132706,0.03289889544248581,0.015315051674842817,0.047619047619047616,0.14198425233364106,0.0027905385958402525,105,35,0.3579716086387634,0.31034350395202637
neural_ode,tc_m_h,2,tier2_individual_gates,100.0,4,mlp_2,0.12509940564632416,0.08950048685073853,0.03559891879558563,0.015315051674842817,0.047619047619047616,0.14198425233364106,0.0027905385958402525,105,35,0.3564983904361725,0.3131856322288513
neural_ode,tc_m_T_zscore,3,tier3_shape_normalized,1.0,0,ridge,0.021947586536407472,0.009822452068328857,0.012125134468078615,0.020770378708839417,0.047619047619047616,0.0011772078275680542,0.00045908290266729744,50,13,0.15502993762493134,0.11066628992557526
neural_ode,tc_m_T_zscore,3,tier3_shape_normalized,1.0,0,mlp_1,0.0023320079781115055,0.02693195268511772,-0.024599944707006216,0.020770378708839417,0.047619047619047616,0.0011772078275680542,0.00045908290266729744,50,13,0.06670498847961426,0.17408514022827148
neural_ode,tc_m_T_zscore,3,tier3_shape_normalized,1.0,0,mlp_2,0.0033727288246154785,0.04153771325945854,-0.03816498443484306,0.020770378708839417,0.047619047619047616,0.0011772078275680542,0.00045908290266729744,50,13,0.07046236097812653,0.2115376740694046
neural_ode,tc_m_T_zscore,3,tier3_shape_normalized,1.0,1,ridge,0.00711820125579834,0.008341050148010254,-0.001222848892211914,0.006193366646766663,0.047619047619047616,0.0009248346090316772,0.00035473445035889617,50,13,0.08931130915880203,0.09791675209999084
neural_ode,tc_m_T_zscore,3,tier3_shape_normalized,1.0,1,mlp_1,0.00016243457503151149,0.014029478654265404,-0.013867044079233892,0.006193366646766663,0.047619047619047616,0.0009248346090316772,0.00035473445035889617,50,13,0.03394852951169014,0.12559106945991516
neural_ode,tc_m_T_zscore,3,tier3_shape_normalized,1.0,1,mlp_2,0.0011042117839679122,0.022890055552124977,-0.021785843768157065,0.006193366646766663,0.047619047619047616,0.0009248346090316772,0.00035473445035889617,50,13,0.04042050242424011,0.15966388583183289
neural_ode,tc_m_T_zscore,3,tier3_shape_normalized,1.0,2,ridge,0.015715980529785158,0.010619044303894043,0.005096936225891115,0.013256280422210696,0.047619047619047616,0.002459700107574463,0.0006442222272935611,50,13,0.13022728264331818,0.10825204849243164
neural_ode,tc_m_T_zscore,3,tier3_shape_normalized,1.0,2,mlp_1,-0.0008230209350585938,0.01474620122462511,-0.015569222159683704,0.013256280422210696,0.047619047619047616,0.002459700107574463,0.0006442222272935611,50,13,0.02282699942588806,0.12613213062286377
neural_ode,tc_m_T_zscore,3,tier3_shape_normalized,1.0,2,mlp_2,0.000488841556943953,0.023439085111021996,-0.022950243554078043,0.013256280422210696,0.047619047619047616,0.002459700107574463,0.0006442222272935611,50,13,0.03793817013502121,0.15944743156433105
neural_ode,tc_m_T_zscore,3,tier3_shape_normalized,1.0,3,ridge,0.0055648207664489744,0.007913780212402344,-0.00234895944595337,0.004024970531463622,0.047619047619047616,0.0015398502349853516,0.0003868896900210008,50,13,0.0861230120062828,0.09341248124837875
neural_ode,tc_m_T_zscore,3,tier3_shape_normalized,1.0,3,mlp_1,-0.0014503002166748047,0.01071075163781643,-0.012161051854491234,0.004024970531463622,0.047619047619047616,0.0015398502349853516,0.0003868896900210008,50,13,0.014620549976825714,0.10946228355169296
neural_ode,tc_m_T_zscore,3,tier3_shape_normalized,1.0,3,mlp_2,-0.0005848407745361328,0.02316492795944214,-0.02374976873397827,0.004024970531463622,0.047619047619047616,0.0015398502349853516,0.0003868896900210008,50,13,0.0057431175373494625,0.15829353034496307
neural_ode,tc_m_T_zscore,3,tier3_shape_normalized,1.0,4,ridge,0.006144201755523682,0.006520593166351318,-0.000376391410827636,0.0033679187297821047,0.047619047619047616,0.0027762830257415773,0.0006003752088998991,50,14,0.08663356304168701,0.08718061447143555
neural_ode,tc_m_T_zscore,3,tier3_shape_normalized,1.0,4,mlp_1,-0.0010472536087036133,0.005800604820251465,-0.006847858428955078,0.0033679187297821047,0.047619047619047616,0.0027762830257415773,0.0006003752088998991,50,14,0.011692291125655174,0.08009073883295059
neural_ode,tc_m_T_zscore,3,tier3_shape_normalized,1.0,4,mlp_2,-0.0011260509490966797,0.00491101760417223,-0.0060370685532689095,0.0033679187297821047,0.047619047619047616,0.0027762830257415773,0.0006003752088998991,50,14,0.0037273268681019545,0.08219929039478302
neural_ode,tc_h_T_zscore,3,tier3_shape_normalized,20.0,0,ridge,0.007345139980316162,0.010482692718505859,-0.003137552738189697,0.0037236982583999634,0.047619047619047616,0.0036214417219161987,0.00046373142602718965,81,27,0.08970478177070618,0.10531655699014664
neural_ode,tc_h_T_zscore,3,tier3_shape_normalized,20.0,0,mlp_1,-0.0010801076423376799,0.011908364482223988,-0.012988472124561667,0.0037236982583999634,0.047619047619047616,0.0036214417219161987,0.00046373142602718965,81,27,0.010485806502401829,0.11188246309757233
neural_ode,tc_h_T_zscore,3,tier3_shape_normalized,20.0,0,mlp_2,-0.0002208709775004536,0.032485224306583405,-0.03270609528408386,0.0037236982583999634,0.047619047619047616,0.0036214417219161987,0.00046373142602718965,81,27,0.014957582578063011,0.19133570790290833
neural_ode,tc_h_T_zscore,3,tier3_shape_normalized,20.0,1,ridge,0.01510477066040039,0.01822401285171509,-0.003119242191314698,0.009498791694641113,0.047619047619047616,0.005605978965759277,0.0005650388291758931,87,29,0.13490179181098938,0.1375293731689453
neural_ode,tc_h_T_zscore,3,tier3_shape_normalized,20.0,1,mlp_1,0.00015063285536598414,0.027983034029603004,-0.02783240117423702,0.009498791694641113,0.047619047619047616,0.005605978965759277,0.0005650388291758931,87,29,0.023279614746570587,0.17302265763282776
neural_ode,tc_h_T_zscore,3,tier3_shape_normalized,20.0,1,mlp_2,0.00015020370483398438,0.04854381084442139,-0.0483936071395874,0.009498791694641113,0.047619047619047616,0.005605978965759277,0.0005650388291758931,87,29,0.023135855793952942,0.22717909514904022
neural_ode,tc_h_T_zscore,3,tier3_shape_normalized,20.0,2,ridge,0.011778116226196289,0.010175275802612304,0.001602840423583985,0.005949179530143738,0.047619047619047616,0.005828936696052551,0.0007621639882710806,84,28,0.11326384544372559,0.10249736160039902
neural_ode,tc_h_T_zscore,3,tier3_shape_normalized,20.0,2,mlp_1,0.0010980248916894197,0.014854717068374157,-0.013756692176684737,0.005949179530143738,0.047619047619047616,0.005828936696052551,0.0007621639882710806,84,28,0.0381154827773571,0.13169138133525848
neural_ode,tc_h_T_zscore,3,tier3_shape_normalized,20.0,2,mlp_2,0.0020094276405870914,0.03492845222353935,-0.03291902458295226,0.005949179530143738,0.047619047619047616,0.005828936696052551,0.0007621639882710806,84,28,0.05311950296163559,0.19629612565040588
neural_ode,tc_h_T_zscore,3,tier3_shape_normalized,20.0,3,ridge,0.02082984447479248,0.021621596813201905,-0.0007917523384094252,0.0162078458070755,0.047619047619047616,0.00462199866771698,0.0005894978663780376,78,26,0.15231475234031677,0.14881612360477448
neural_ode,tc_h_T_zscore,3,tier3_shape_normalized,20.0,3,mlp_1,0.000535643077455461,0.02444930002093315,-0.02391365694347769,0.0162078458070755,0.047619047619047616,0.00462199866771698,0.0005894978663780376,78,26,0.04094651713967323,0.1608070433139801
neural_ode,tc_h_T_zscore,3,tier3_shape_normalized,20.0,3,mlp_2,0.0049089789390563965,0.0428568497300148,-0.037947870790958405,0.0162078458070755,0.047619047619047616,0.00462199866771698,0.0005894978663780376,78,26,0.07835213840007782,0.21380731463432312
neural_ode,tc_h_T_zscore,3,tier3_shape_normalized,20.0,4,ridge,0.027827000617980956,0.02076737880706787,0.007059621810913085,0.01124803364276886,0.047619047619047616,0.016578966975212096,0.0011381776790915135,99,33,0.17974993586540222,0.14601708948612213
neural_ode,tc_h_T_zscore,3,tier3_shape_normalized,20.0,4,mlp_1,0.0007200241088867188,0.025223542004823685,-0.024503517895936966,0.01124803364276886,0.047619047619047616,0.016578966975212096,0.0011381776790915135,99,33,0.03944946080446243,0.16224104166030884
neural_ode,tc_h_T_zscore,3,tier3_shape_normalized,20.0,4,mlp_2,0.0008274436113424599,0.0339374765753746,-0.03311003296403214,0.01124803364276886,0.047619047619047616,0.016578966975212096,0.0011381776790915135,99,33,0.03875087946653366,0.18983301520347595
neural_ode,tc_m_h_zscore,3,tier3_shape_normalized,100.0,0,ridge,0.012640857696533203,0.011065483093261719,0.001575374603271484,0.011355466842651367,0.047619047619047616,0.0012853908538818363,0.0005836779040267261,66,22,0.11661320924758911,0.10987062752246857
neural_ode,tc_m_h_zscore,3,tier3_shape_normalized,100.0,0,mlp_1,0.00016289949417114258,0.018702710047364235,-0.018539810553193092,0.011355466842651367,0.047619047619047616,0.0012853908538818363,0.0005836779040267261,66,22,0.03593244031071663,0.14461477100849152
neural_ode,tc_m_h_zscore,3,tier3_shape_normalized,100.0,0,mlp_2,0.0003209114074707031,0.03378186374902725,-0.03346095234155655,0.011355466842651367,0.047619047619047616,0.0012853908538818363,0.0005836779040267261,66,22,0.037623099982738495,0.19387593865394592
neural_ode,tc_m_h_zscore,3,tier3_shape_normalized,100.0,1,ridge,0.011721205711364747,0.009957289695739746,0.0017639160156250003,0.009243778586387634,0.047619047619047616,0.002477427124977112,0.00046095744520193853,72,24,0.11893059313297272,0.10552451759576797
neural_ode,tc_m_h_zscore,3,tier3_shape_normalized,100.0,1,mlp_1,-0.0015143156051635742,0.01938866451382637,-0.020902980118989944,0.009243778586387634,0.047619047619047616,0.002477427124977112,0.00046095744520193853,72,24,0.014499152079224586,0.14511647820472717
neural_ode,tc_m_h_zscore,3,tier3_shape_normalized,100.0,1,mlp_2,-0.0010050296550616622,0.03391009569168091,-0.03491512534674257,0.009243778586387634,0.047619047619047616,0.002477427124977112,0.00046095744520193853,72,24,0.01572377048432827,0.19160239398479462
neural_ode,tc_m_h_zscore,3,tier3_shape_normalized,100.0,2,ridge,0.012975692749023438,0.008199310302734375,0.004776382446289062,0.010203409790992737,0.047619047619047616,0.0027722829580307004,0.0005962667075345473,69,23,0.11761730909347534,0.09310030937194824
neural_ode,tc_m_h_zscore,3,tier3_shape_normalized,100.0,2,mlp_1,0.0026712417602539062,0.010411297902464867,-0.00774005614221096,0.010203409790992737,0.047619047619047616,0.0027722829580307004,0.0005962667075345473,69,23,0.056579120457172394,0.10498823970556259
neural_ode,tc_m_h_zscore,3,tier3_shape_normalized,100.0,2,mlp_2,0.0032552003394812346,0.022556018084287643,-0.01930081774480641,0.010203409790992737,0.047619047619047616,0.0027722829580307004,0.0005962667075345473,69,23,0.06011831760406494,0.15770919620990753
neural_ode,tc_m_h_zscore,3,tier3_shape_normalized,100.0,3,ridge,0.00767134428024292,0.011334621906280517,-0.003663277626037597,0.006980772018432617,0.047619047619047616,0.0006905722618103027,0.00042366699638499736,66,22,0.09274588525295258,0.11122457683086395
neural_ode,tc_m_h_zscore,3,tier3_shape_normalized,100.0,3,mlp_1,0.00023118258104659617,0.01184226293116808,-0.011611080350121483,0.006980772018432617,0.047619047619047616,0.0006905722618103027,0.00042366699638499736,66,22,0.03726402670145035,0.10905200242996216
neural_ode,tc_m_h_zscore,3,tier3_shape_normalized,100.0,3,mlp_2,0.0007242917781695724,0.028149092569947243,-0.02742480079177767,0.006980772018432617,0.047619047619047616,0.0006905722618103027,0.00042366699638499736,66,22,0.041925735771656036,0.1752786934375763
neural_ode,tc_m_h_zscore,3,tier3_shape_normalized,100.0,4,ridge,0.015497612953186034,0.014959597587585449,0.0005380153656005856,0.009050493240356445,0.047619047619047616,0.00644711971282959,0.0008010331254673127,81,27,0.13330626487731934,0.1255478858947754
neural_ode,tc_m_h_zscore,3,tier3_shape_normalized,100.0,4,mlp_1,-0.0006469011423178017,0.017382001504302025,-0.018028902646619827,0.009050493240356445,0.047619047619047616,0.00644711971282959,0.0008010331254673127,81,27,0.03018781915307045,0.13552621006965637
neural_ode,tc_m_h_zscore,3,tier3_shape_normalized,100.0,4,mlp_2,-9.542703628540039e-05,0.021386433392763138,-0.021481860429048538,0.009050493240356445,0.047619047619047616,0.00644711971282959,0.0008010331254673127,81,27,0.03111191652715206,0.1505344808101654
neural_ode,tc_m_T_rank,3,tier3_shape_normalized,1.0,0,ridge,0.02317507266998291,0.012940049171447754,0.010235023498535157,0.02335832953453064,0.047619047619047616,-0.00018325686454772952,0.0003655190663332203,51,17,0.1582106053829193,0.12340305745601654
neural_ode,tc_m_T_rank,3,tier3_shape_normalized,1.0,0,mlp_1,-0.0042351009324193,-0.004001247696578503,-0.00023385323584079742,0.02335832953453064,0.047619047619047616,-0.00018325686454772952,0.0003655190663332203,51,17,0.057435959577560425,0.09620589017868042
neural_ode,tc_m_T_rank,3,tier3_shape_normalized,1.0,0,mlp_2,0.0005159497377462685,0.009934008121490479,-0.00941805838374421,0.02335832953453064,0.047619047619047616,-0.00018325686454772952,0.0003655190663332203,51,17,0.07758717238903046,0.13105802237987518
neural_ode,tc_m_T_rank,3,tier3_shape_normalized,1.0,1,ridge,0.010680723190307616,0.01623502969741821,-0.005554306507110595,0.010527224540710449,0.047619047619047616,0.00015349864959716795,0.0006084132291778598,51,17,0.10914448648691177,0.12965594232082367
neural_ode,tc_m_T_rank,3,tier3_shape_normalized,1.0,1,mlp_1,-0.005521940998733044,-0.008948683738708496,0.0034267427399754524,0.010527224540710449,0.047619047619047616,0.00015349864959716795,0.0006084132291778598,51,17,0.025295723229646683,0.07834957540035248
neural_ode,tc_m_T_rank,3,tier3_shape_normalized,1.0,1,mlp_2,-0.0013662338024005294,0.00831913948059082,-0.00968537328299135,0.010527224540710449,0.047619047619047616,0.00015349864959716795,0.0006084132291778598,51,17,0.042443566024303436,0.12314800918102264
neural_ode,tc_m_T_rank,3,tier3_shape_normalized,1.0,2,ridge,0.021718180179595946,0.015300154685974121,0.006418025493621825,0.020973137617111205,0.047619047619047616,0.0007450425624847412,0.0006797186121783438,51,17,0.15212751924991608,0.12682993710041046
neural_ode,tc_m_T_rank,3,tier3_shape_normalized,1.0,2,mlp_1,-0.008566046133637428,0.0007645726436749101,-0.009330618777312338,0.020973137617111205,0.047619047619047616,0.0007450425624847412,0.0006797186121783438,51,17,0.01804882287979126,0.09683181345462799
neural_ode,tc_m_T_rank,3,tier3_shape_normalized,1.0,2,mlp_2,-0.001566123915836215,0.011348605155944824,-0.01291472907178104,0.020973137617111205,0.047619047619047616,0.0007450425624847412,0.0006797186121783438,51,17,0.02655295468866825,0.12304848432540894
neural_ode,tc_m_T_rank,3,tier3_shape_normalized,1.0,3,ridge,0.004945445060729981,0.010187840461730957,-0.005242395401000977,0.004997748136520386,0.047619047619047616,-5.230307579040526e-05,0.0005510075286764968,51,17,0.07939966022968292,0.10498545318841934
neural_ode,tc_m_T_rank,3,tier3_shape_normalized,1.0,3,mlp_1,-0.014268040657043457,-0.011958276852965355,-0.002309763804078102,0.004997748136520386,0.047619047619047616,-5.230307579040526e-05,0.0005510075286764968,51,17,0.016105610877275467,0.06944140046834946
neural_ode,tc_m_T_rank,3,tier3_shape_normalized,1.0,3,mlp_2,-0.0026757479645311832,0.0021216750610619783,-0.004797423025593162,0.004997748136520386,0.047619047619047616,-5.230307579040526e-05,0.0005510075286764968,51,17,0.0201040618121624,0.09517529606819153
neural_ode,tc_m_T_rank,3,tier3_shape_normalized,1.0,4,ridge,0.015740275382995605,0.01724663972854614,-0.0015063643455505357,0.013836367130279541,0.047619047619047616,0.0019039082527160644,0.0005246680827097642,54,18,0.13753736019134521,0.13560059666633606
neural_ode,tc_m_T_rank,3,tier3_shape_normalized,1.0,4,mlp_1,-0.009261059574782848,-0.019703006371855736,0.010441946797072887,0.013836367130279541,0.047619047619047616,0.0019039082527160644,0.0005246680827097642,54,18,0.007456137798726559,0.052402086555957794
neural_ode,tc_m_T_rank,3,tier3_shape_normalized,1.0,4,mlp_2,-0.0029005766846239567,0.009979426860809326,-0.012880003545433283,0.013836367130279541,0.047619047619047616,0.0019039082527160644,0.0005246680827097642,54,18,0.012123195454478264,0.1196720153093338
neural_ode,tc_h_T_rank,3,tier3_shape_normalized,20.0,0,ridge,0.005752789974212647,0.012280547618865966,-0.00652775764465332,0.0036715662479400637,0.047619047619047616,0.002081223726272583,0.000612800167936729,75,25,0.07924984395503998,0.114063560962677
neural_ode,tc_h_T_rank,3,tier3_shape_normalized,20.0,0,mlp_1,-0.004505586810410023,-0.005062198732048273,0.0005566119216382504,0.0036715662479400637,0.047619047619047616,0.002081223726272583,0.000612800167936729,75,25,0.005866627208888531,0.07815240323543549
neural_ode,tc_h_T_rank,3,tier3_shape_normalized,20.0,0,mlp_2,-0.0019409656524658203,0.006089293863624334,-0.008030259516090155,0.0036715662479400637,0.047619047619047616,0.002081223726272583,0.000612800167936729,75,25,0.0158061645925045,0.10460612922906876
neural_ode,tc_h_T_rank,3,tier3_shape_normalized,20.0,1,ridge,0.014000940322875976,0.020181024074554445,-0.006180083751678469,0.010672435164451599,0.047619047619047616,0.0033285051584243776,0.0005797323203642442,75,25,0.12539619207382202,0.14328977465629578
neural_ode,tc_h_T_rank,3,tier3_shape_normalized,20.0,1,mlp_1,-0.0009509801748208702,0.004106628708541393,-0.0050576088833622634,0.010672435164451599,0.047619047619047616,0.0033285051584243776,0.0005797323203642442,75,25,0.031841978430747986,0.10771079361438751
neural_ode,tc_h_T_rank,3,tier3_shape_normalized,20.0,1,mlp_2,0.0008197784190997481,0.00808562058955431,-0.007265842170454562,0.010672435164451599,0.047619047619047616,0.0033285051584243776,0.0005797323203642442,75,25,0.05142056196928024,0.11842534691095352
neural_ode,tc_h_T_rank,3,tier3_shape_normalized,20.0,2,ridge,0.010622680187225342,0.006614589691162109,0.004008090496063233,0.005198048353195191,0.047619047619047616,0.005424631834030151,0.0008834084459261149,75,25,0.10569921880960464,0.08596338331699371
neural_ode,tc_h_T_rank,3,tier3_shape_normalized,20.0,2,mlp_1,-0.010600805282592773,0.0002738356706686318,-0.010874640953261405,0.005198048353195191,0.047619047619047616,0.005424631834030151,0.0008834084459261149,75,25,0.010409684851765633,0.06276647746562958
neural_ode,tc_h_T_rank,3,tier3_shape_normalized,20.0,2,mlp_2,-0.000839745975099504,-0.0007030129199847579,-0.0001367330551147461,0.005198048353195191,0.047619047619047616,0.005424631834030151,0.0008834084459261149,75,25,0.02942616119980812,0.07055436819791794
neural_ode,tc_h_T_rank,3,tier3_shape_normalized,20.0,3,ridge,0.01777435541152954,0.016747939586639404,0.001026415824890138,0.015820456743240358,0.047619047619047616,0.0019538986682891848,0.0005301060451122515,72,24,0.14372090995311737,0.13248461484909058
neural_ode,tc_h_T_rank,3,tier3_shape_normalized,20.0,3,mlp_1,-0.0024478912819176912,-0.009739076718688011,0.00729118543677032,0.015820456743240358,0.047619047619047616,0.0019538986682891848,0.0005301060451122515,72,24,0.025802234187722206,0.056209951639175415
neural_ode,tc_h_T_rank,3,tier3_shape_normalized,20.0,3,mlp_2,0.00039440393447875977,0.007081818766891956,-0.0066874148324131966,0.015820456743240358,0.047619047619047616,0.0019538986682891848,0.0005301060451122515,72,24,0.052163220942020416,0.10601939260959625
neural_ode,tc_h_T_rank,3,tier3_shape_normalized,20.0,4,ridge,0.02910383939743042,0.019861376285552977,0.009242463111877444,0.021268617510795593,0.047619047619047616,0.007835221886634828,0.0009198476028804917,81,27,0.18547575175762177,0.14338994026184082
neural_ode,tc_h_T_rank,3,tier3_shape_normalized,20.0,4,mlp_1,-0.002555763814598322,0.006192648317664862,-0.008748412132263184,0.021268617510795593,0.047619047619047616,0.007835221886634828,0.0009198476028804917,81,27,0.02625107206404209,0.12068214267492294
neural_ode,tc_h_T_rank,3,tier3_shape_normalized,20.0,4,mlp_2,-0.00283067231066525,0.008370637893676758,-0.011201310204342008,0.021268617510795593,0.047619047619047616,0.007835221886634828,0.0009198476028804917,81,27,0.02861090376973152,0.1321420669555664
neural_ode,tc_m_h_rank,3,tier3_shape_normalized,100.0,0,ridge,0.016283178329467775,0.010731685161590575,0.005551493167877199,0.01623062312602997,0.047619047619047616,5.2555203437805184e-05,0.00047441034307127395,54,18,0.13201084733009338,0.11038907617330551
neural_ode,tc_m_h_rank,3,tier3_shape_normalized,100.0,0,mlp_1,0.0009190201526507735,-0.00021755695343017578,0.0011365771060809493,0.01623062312602997,0.047619047619047616,5.2555203437805184e-05,0.00047441034307127395,54,18,0.05679307505488396,0.09063269197940826
neural_ode,tc_m_h_rank,3,tier3_shape_normalized,100.0,0,mlp_2,-0.0011436581844463944,0.008722936734557152,-0.009866594919003546,0.01623062312602997,0.047619047619047616,5.2555203437805184e-05,0.00047441034307127395,54,18,0.05348438024520874,0.11747163534164429
neural_ode,tc_m_h_rank,3,tier3_shape_normalized,100.0,1,ridge,0.009831869602203369,0.010596978664398193,-0.0007651090621948239,0.009354637265205383,0.047619047619047616,0.00047723233699798585,0.00042912612987527937,54,18,0.10715111345052719,0.10871167480945587
neural_ode,tc_m_h_rank,3,tier3_shape_normalized,100.0,1,mlp_1,-0.011706233024597168,-0.01708599366247654,0.005379760637879372,0.009354637265205383,0.047619047619047616,0.00047723233699798585,0.00042912612987527937,54,18,0.01694421097636223,0.06401030719280243
neural_ode,tc_m_h_rank,3,tier3_shape_normalized,100.0,1,mlp_2,-0.002600037958472967,0.000935542571824044,-0.003535580530297011,0.009354637265205383,0.047619047619047616,0.00047723233699798585,0.00042912612987527937,54,18,0.022418316453695297,0.09237497299909592
neural_ode,tc_m_h_rank,3,tier3_shape_normalized,100.0,2,ridge,0.012928974628448487,0.006406676769256592,0.006522297859191895,0.012038506865501404,0.047619047619047616,0.0008904677629470824,0.0007262640438762106,51,17,0.11908631026744843,0.08707030117511749
neural_ode,tc_m_h_rank,3,tier3_shape_normalized,100.0,2,mlp_1,-0.00796819943934679,-0.017162252217531204,0.009194052778184414,0.012038506865501404,0.047619047619047616,0.0008904677629470824,0.0007262640438762106,51,17,0.02074504643678665,0.03809599578380585
neural_ode,tc_m_h_rank,3,tier3_shape_normalized,100.0,2,mlp_2,-0.0022425889037549496,-0.0029910325538367033,0.0007484436500817537,0.012038506865501404,0.047619047619047616,0.0008904677629470824,0.0007262640438762106,51,17,0.028454268351197243,0.06349220126867294
neural_ode,tc_m_h_rank,3,tier3_shape_normalized,100.0,3,ridge,0.002555179595947266,0.006796491146087646,-0.0042413115501403805,0.002693133354187012,0.047619047619047616,-0.00013795375823974612,0.0004621733126689885,51,17,0.05890778452157974,0.08845796436071396
neural_ode,tc_m_h_rank,3,tier3_shape_normalized,100.0,3,mlp_1,-0.006952071096748114,-0.013733136467635632,0.006781065370887518,0.002693133354187012,0.047619047619047616,-0.00013795375823974612,0.0004621733126689885,51,17,0.011558028869330883,0.035067636519670486
neural_ode,tc_m_h_rank,3,tier3_shape_normalized,100.0,3,mlp_2,-0.002189421560615301,-0.010628342628479004,0.008438921067863703,0.002693133354187012,0.047619047619047616,-0.00013795375823974612,0.0004621733126689885,51,17,0.02224614843726158,0.04825780913233757
neural_ode,tc_m_h_rank,3,tier3_shape_normalized,100.0,4,ridge,0.011339855194091798,0.011685347557067871,-0.00034549236297607387,0.00875458598136902,0.047619047619047616,0.002585269212722778,0.0004992093434190114,60,20,0.11536212265491486,0.11266596615314484
neural_ode,tc_m_h_rank,3,tier3_shape_normalized,100.0,4,mlp_1,-0.00512385368347168,0.004881692118942738,-0.010005545802414417,0.00875458598136902,0.047619047619047616,0.002585269212722778,0.0004992093434190114,60,20,0.023404035717248917,0.10629372298717499
neural_ode,tc_m_h_rank,3,tier3_shape_normalized,100.0,4,mlp_2,-0.00489498395472765,0.008558702655136585,-0.013453686609864235,0.00875458598136902,0.047619047619047616,0.002585269212722778,0.0004992093434190114,60,20,0.019650209695100784,0.11202621459960938
neural_ode,gabaa_per_tc,1,existing_synaptic,5.0,0,ridge,0.4680615782737732,0.36059812307357786,0.10746345520019535,0.0016472584009170066,0.047619047619047616,0.4664143198728562,0.0002591278792168577,1500,500,0.6830059289932251,0.6027145385742188
neural_ode,gabaa_per_tc,1,existing_synaptic,5.0,0,mlp_1,-0.25510573387145996,-0.10756020247936249,-0.14754553139209747,0.0016472584009170066,0.047619047619047616,0.4664143198728562,0.0002591278792168577,1500,500,0.09599320590496063,0.14618846774101257
neural_ode,gabaa_per_tc,1,existing_synaptic,5.0,0,mlp_2,0.38553327322006226,0.14760826528072357,0.23792500793933868,0.0016472584009170066,0.047619047619047616,0.4664143198728562,0.0002591278792168577,1500,500,0.6225849986076355,0.39865854382514954
neural_ode,gabaa_per_tc,1,existing_synaptic,5.0,1,ridge,0.3916822075843811,0.3028364539146423,0.08884575366973879,0.003107751607894893,0.3333333333333333,0.3885744559764862,0.003989564819721904,57,19,0.6255080699920654,0.5517501831054688
neural_ode,gabaa_per_tc,1,existing_synaptic,5.0,1,mlp_1,-0.1900223195552826,-0.11349661648273468,-0.07652570307254791,0.003107751607894893,0.3333333333333333,0.3885744559764862,0.003989564819721904,57,19,0.10554540157318115,0.09802469611167908
neural_ode,gabaa_per_tc,1,existing_synaptic,5.0,1,mlp_2,0.31662943959236145,0.10928846895694733,0.20734097063541412,0.003107751607894893,0.3333333333333333,0.3885744559764862,0.003989564819721904,57,19,0.5661419630050659,0.3431307375431061
neural_ode,gabaa_per_tc,1,existing_synaptic,5.0,2,ridge,0.31801700592041016,0.24629201889038085,0.0717249870300293,-0.02759891390800473,1.0,0.3456159198284149,0.003491102906625079,51,17,0.5784258246421814,0.5131942629814148
neural_ode,gabaa_per_tc,1,existing_synaptic,5.0,2,mlp_1,-0.19800055027008057,-0.11626648902893066,-0.0817340612411499,-0.02759891390800473,1.0,0.3456159198284149,0.003491102906625079,51,17,0.08395039290189743,0.08091235160827637
neural_ode,gabaa_per_tc,1,existing_synaptic,5.0,2,mlp_2,0.2436501532793045,0.09269098937511444,0.15095916390419006,-0.02759891390800473,1.0,0.3456159198284149,0.003491102906625079,51,17,0.5163469910621643,0.338763952255249
neural_ode,gabaa_per_tc,1,existing_synaptic,5.0,3,ridge,0.380265474319458,0.29301475286483764,0.08725072145462037,-0.005927296876907351,0.9047619047619048,0.38619277119636536,0.0034520426841723913,51,17,0.6122146844863892,0.5393568277359009
neural_ode,gabaa_per_tc,1,existing_synaptic,5.0,3,mlp_1,-0.19497910141944885,-0.10925903171300888,-0.08572006970643997,-0.005927296876907351,0.9047619047619048,0.38619277119636536,0.0034520426841723913,51,17,0.08951364457607269,0.10204195976257324
neural_ode,gabaa_per_tc,1,existing_synaptic,5.0,3,mlp_2,0.304749071598053,0.12108995020389557,0.1836591213941574,-0.005927296876907351,0.9047619047619048,0.38619277119636536,0.0034520426841723913,51,17,0.5516169667243958,0.3548310399055481
neural_ode,gabaa_per_tc,1,existing_synaptic,5.0,4,ridge,0.3080728054046631,0.24295923709869385,0.06511356830596923,0.0029986929893493497,0.14285714285714285,0.30507411241531374,0.0025860083128356613,50,5,0.5490027666091919,0.48831892013549805
neural_ode,gabaa_per_tc,1,existing_synaptic,5.0,4,mlp_1,-0.1625899374485016,-0.07920961081981659,-0.083380326628685,0.0029986929893493497,0.14285714285714285,0.30507411241531374,0.0025860083128356613,50,5,0.07379116117954254,0.09618708491325378
neural_ode,gabaa_per_tc,1,existing_synaptic,5.0,4,mlp_2,0.24995598196983337,0.08848265558481216,0.1614733263850212,0.0029986929893493497,0.14285714285714285,0.30507411241531374,0.0025860083128356613,50,5,0.5010396242141724,0.3082575798034668
neural_ode,gabab_per_tc,1,existing_synaptic,150.0,0,ridge,0.9674334049224853,0.7554496049880981,0.2119837999343872,0.0026848030090330655,0.047619047619047616,0.9647486019134522,0.0004383602519126914,1500,500,0.9836539030075073,0.8726736307144165
neural_ode,gabab_per_tc,1,existing_synaptic,150.0,0,mlp_1,0.816024661064148,0.44894105195999146,0.3670836091041565,0.0026848030090330655,0.047619047619047616,0.9647486019134522,0.0004383602519126914,1500,500,0.9077240228652954,0.69046550989151
neural_ode,gabab_per_tc,1,existing_synaptic,150.0,0,mlp_2,0.8380918502807617,0.6110216379165649,0.22707021236419678,0.0026848030090330655,0.047619047619047616,0.9647486019134522,0.0004383602519126914,1500,500,0.9193068742752075,0.7957147359848022
neural_ode,gabab_per_tc,1,existing_synaptic,150.0,1,ridge,0.9651002168655396,0.7541472792625428,0.21095293760299683,0.0027400428056717496,0.047619047619047616,0.9623601740598678,0.0004437520221868542,1500,500,0.9825650453567505,0.8719765543937683
neural_ode,gabab_per_tc,1,existing_synaptic,150.0,1,mlp_1,0.7815027236938477,0.4924134612083435,0.28908926248550415,0.0027400428056717496,0.047619047619047616,0.9623601740598678,0.0004437520221868542,1500,500,0.893187403678894,0.7160822153091431
neural_ode,gabab_per_tc,1,existing_synaptic,150.0,1,mlp_2,0.8391485214233398,0.6060092449188232,0.2331392765045166,0.0027400428056717496,0.047619047619047616,0.9623601740598678,0.0004437520221868542,1500,500,0.9196783304214478,0.792633056640625
neural_ode,gabab_per_tc,1,existing_synaptic,150.0,2,ridge,0.9593888640403747,0.749605393409729,0.20978347063064573,0.002721454501152021,0.047619047619047616,0.9566674095392227,0.0004613011400410342,1500,500,0.9804919958114624,0.8702548146247864
neural_ode,gabab_per_tc,1,existing_synaptic,150.0,2,mlp_1,0.7933497428894043,0.48042529821395874,0.31292444467544556,0.002721454501152021,0.047619047619047616,0.9566674095392227,0.0004613011400410342,1500,500,0.8965393900871277,0.7115222215652466
neural_ode,gabab_per_tc,1,existing_synaptic,150.0,2,mlp_2,0.8286314010620117,0.6314154863357544,0.19721591472625732,0.002721454501152021,0.047619047619047616,0.9566674095392227,0.0004613011400410342,1500,500,0.9151126742362976,0.8083111047744751
neural_ode,gabab_per_tc,1,existing_synaptic,150.0,3,ridge,0.9665832757949829,0.7547623872756958,0.21182088851928715,0.0026507276296614535,0.047619047619047616,0.9639325481653215,0.00043820487908473223,1500,500,0.9832073450088501,0.8722392320632935
neural_ode,gabab_per_tc,1,existing_synaptic,150.0,3,mlp_1,0.7990902066230774,0.46091175079345703,0.33817845582962036,0.0026507276296614535,0.047619047619047616,0.9639325481653215,0.00043820487908473223,1500,500,0.9009634256362915,0.6953911781311035
neural_ode,gabab_per_tc,1,existing_synaptic,150.0,3,mlp_2,0.8364256024360657,0.6156507730484009,0.2207748293876648,0.0026507276296614535,0.047619047619047616,0.9639325481653215,0.00043820487908473223,1500,500,0.9182181358337402,0.8002815246582031
neural_ode,gabab_per_tc,1,existing_synaptic,150.0,4,ridge,0.9669336080551147,0.7546746492385864,0.21225895881652834,0.002708452939987227,0.047619047619047616,0.9642251551151275,0.00044509739864609594,1500,500,0.9835107922554016,0.8722995519638062
neural_ode,gabab_per_tc,1,existing_synaptic,150.0,4,mlp_1,0.7910008430480957,0.47397375106811523,0.31702709197998047,0.002708452939987227,0.047619047619047616,0.9642251551151275,0.00044509739864609594,1500,500,0.8965204954147339,0.704979419708252
neural_ode,gabab_per_tc,1,existing_synaptic,150.0,4,mlp_2,0.8390070199966431,0.6134517192840576,0.22555530071258545,0.002708452939987227,0.047619047619047616,0.9642251551151275,0.00044509739864609594,1500,500,0.9194034337997437,0.7967309355735779
volterra,G_T,1,tier1_identifiable,5.0,0,ridge,0.6255706906318664,0.6255706906318664,0.0,0.6224302291870117,0.047619047619047616,0.003140461444854736,0.0006517967463627321,50,8,0.7915130853652954,0.7915130853652954
volterra,G_T,1,tier1_identifiable,5.0,0,mlp_1,0.7144392132759094,0.7134186029434204,0.0010206103324890137,0.6224302291870117,0.047619047619047616,0.003140461444854736,0.0006517967463627321,50,8,0.8476341962814331,0.8476206064224243
volterra,G_T,1,tier1_identifiable,5.0,0,mlp_2,0.629520833492279,0.7160341739654541,-0.08651334047317505,0.6224302291870117,0.047619047619047616,0.003140461444854736,0.0006517967463627321,50,8,0.8235767483711243,0.8583049774169922
volterra,G_T,1,tier1_identifiable,5.0,1,ridge,0.4962033748626709,0.4962033748626709,0.0,0.4934915256500244,0.047619047619047616,0.0027118492126464847,0.000605115493262186,50,8,0.7081714868545532,0.7081714868545532
volterra,G_T,1,tier1_identifiable,5.0,1,mlp_1,0.5842366218566895,0.5875018835067749,-0.0032652616500854492,0.4934915256500244,0.047619047619047616,0.0027118492126464847,0.000605115493262186,50,8,0.7680195569992065,0.7716439962387085
volterra,G_T,1,tier1_identifiable,5.0,1,mlp_2,0.5461670160293579,0.5590481162071228,-0.012881100177764893,0.4934915256500244,0.047619047619047616,0.0027118492126464847,0.000605115493262186,50,8,0.7558807134628296,0.7729424238204956
volterra,G_T,1,tier1_identifiable,5.0,2,ridge,0.4550884962081909,0.4550884962081909,0.0,0.44796563625335695,0.047619047619047616,0.007122859954833983,0.0013728960750087355,50,8,0.6787227392196655,0.6787227392196655
volterra,G_T,1,tier1_identifiable,5.0,2,mlp_1,0.5307119488716125,0.5318320393562317,-0.0011200904846191406,0.44796563625335695,0.047619047619047616,0.007122859954833983,0.0013728960750087355,50,8,0.7334251403808594,0.733084499835968
volterra,G_T,1,tier1_identifiable,5.0,2,mlp_2,0.4937021732330322,0.5143370628356934,-0.020634889602661133,0.44796563625335695,0.047619047619047616,0.007122859954833983,0.0013728960750087355,50,8,0.7307654619216919,0.7324341535568237
volterra,G_T,1,tier1_identifiable,5.0,3,ridge,0.5086992263793946,0.5086992263793946,0.0,0.5046773248910904,0.047619047619047616,0.004021901488304138,0.0010759283671118935,50,8,0.7145358324050903,0.7145358324050903
volterra,G_T,1,tier1_identifiable,5.0,3,mlp_1,0.5992552042007446,0.6096338033676147,-0.010378599166870117,0.5046773248910904,0.047619047619047616,0.004021901488304138,0.0010759283671118935,50,8,0.7774615287780762,0.784172773361206
volterra,G_T,1,tier1_identifiable,5.0,3,mlp_2,0.6375312805175781,0.6044844388961792,0.033046841621398926,0.5046773248910904,0.047619047619047616,0.004021901488304138,0.0010759283671118935,50,8,0.8161914944648743,0.7870564460754395
volterra,G_T,1,tier1_identifiable,5.0,4,ridge,0.4612897515296936,0.4612897515296936,0.0,0.46075920104980467,0.047619047619047616,0.000530550479888916,0.0003971075590672311,50,9,0.6831487417221069,0.6831487417221069
volterra,G_T,1,tier1_identifiable,5.0,4,mlp_1,0.5313359498977661,0.5348284244537354,-0.0034924745559692383,0.46075920104980467,0.047619047619047616,0.000530550479888916,0.0003971075590672311,50,9,0.7340248823165894,0.7346453666687012
volterra,G_T,1,tier1_identifiable,5.0,4,mlp_2,0.5226317644119263,0.4821010231971741,0.0405307412147522,0.46075920104980467,0.047619047619047616,0.000530550479888916,0.0003971075590672311,50,9,0.7395629286766052,0.7188037633895874
volterra,G_h,1,tier1_identifiable,100.0,0,ridge,0.6375166296958923,0.6375166296958923,0.0,0.5035953700542449,0.047619047619047616,0.13392125964164733,0.00326512856851872,87,29,0.7996596097946167,0.7996596097946167
volterra,G_h,1,tier1_identifiable,100.0,0,mlp_1,0.25281450152397156,0.06327357143163681,0.18954093009233475,0.5035953700542449,0.047619047619047616,0.13392125964164733,0.00326512856851872,87,29,0.6602225303649902,0.617272675037384
volterra,G_h,1,tier1_identifiable,100.0,0,mlp_2,-5.564943790435791,-4.621638298034668,-0.943305492401123,0.5035953700542449,0.047619047619047616,0.13392125964164733,0.00326512856851872,87,29,0.3896894156932831,0.40611982345581055
volterra,G_h,1,tier1_identifiable,100.0,1,ridge,0.6214423418045044,0.6214423418045044,0.0,0.5039750641584396,0.047619047619047616,0.11746727764606477,0.002372779694364529,90,30,0.7899889945983887,0.7899889945983887
volterra,G_h,1,tier1_identifiable,100.0,1,mlp_1,0.3369137644767761,0.012451338581740856,0.32446242589503527,0.5039750641584396,0.047619047619047616,0.11746727764606477,0.002372779694364529,90,30,0.6805574297904968,0.6351314783096313
volterra,G_h,1,tier1_identifiable,100.0,1,mlp_2,-11.880352020263672,-14.631265640258789,2.750913619995117,0.5039750641584396,0.047619047619047616,0.11746727764606477,0.002372779694364529,90,30,0.18089625239372253,0.2046116292476654
volterra,G_h,1,tier1_identifiable,100.0,2,ridge,0.5873371005058289,0.5873371005058289,0.0,0.47699350953102115,0.047619047619047616,0.11034359097480775,0.002249061980697819,84,28,0.7672578692436218,0.7672578692436218
volterra,G_h,1,tier1_identifiable,100.0,2,mlp_1,0.2545957863330841,-0.14819982647895813,0.40279561281204224,0.47699350953102115,0.047619047619047616,0.11034359097480775,0.002249061980697819,84,28,0.6440752148628235,0.5547580718994141
volterra,G_h,1,tier1_identifiable,100.0,2,mlp_2,-2.173214912414551,-7.173635959625244,5.000421047210693,0.47699350953102115,0.047619047619047616,0.11034359097480775,0.002249061980697819,84,28,0.452552855014801,0.44692498445510864
volterra,G_h,1,tier1_identifiable,100.0,3,ridge,0.6145440816879273,0.6145440816879273,0.0,0.4817927110195161,0.047619047619047616,0.1327513706684112,0.003223766918952576,87,29,0.7871095538139343,0.7871095538139343
volterra,G_h,1,tier1_identifiable,100.0,3,mlp_1,0.05127691105008125,-0.011384034529328346,0.0626609455794096,0.4817927110195161,0.047619047619047616,0.1327513706684112,0.003223766918952576,87,29,0.6513950228691101,0.6198440790176392
volterra,G_h,1,tier1_identifiable,100.0,3,mlp_2,-8.812626838684082,-1.003657579421997,-7.808969259262085,0.4817927110195161,0.047619047619047616,0.1327513706684112,0.003223766918952576,87,29,0.2533096671104431,0.5482532978057861
volterra,G_h,1,tier1_identifiable,100.0,4,ridge,0.6079594254493713,0.6079594254493713,0.0,0.45967190504074096,0.047619047619047616,0.14828752040863039,0.0031349197051428338,105,35,0.7806349396705627,0.7806349396705627
volterra,G_h,1,tier1_identifiable,100.0,4,mlp_1,0.1436212658882141,0.3056432604789734,-0.16202199459075928,0.45967190504074096,0.047619047619047616,0.14828752040863039,0.0031349197051428338,105,35,0.6405038237571716,0.6639112234115601
volterra,G_h,1,tier1_identifiable,100.0,4,mlp_2,-7.613223075866699,-3.1026952266693115,-4.510527849197388,0.45967190504074096,0.047619047619047616,0.14828752040863039,0.0031349197051428338,105,35,0.2568730115890503,0.4141870439052582
volterra,I_T,1,tier1_identifiable,5.0,0,ridge,0.6252289056777954,0.6252289056777954,0.0,0.6224666732549667,0.047619047619047616,0.0027622324228286743,0.0006585515758973772,50,9,0.7921788692474365,0.7921788692474365
volterra,I_T,1,tier1_identifiable,5.0,0,mlp_1,0.7037132382392883,0.7035130262374878,0.0002002120018005371,0.6224666732549667,0.047619047619047616,0.0027622324228286743,0.0006585515758973772,50,9,0.8399218320846558,0.8398319482803345
volterra,I_T,1,tier1_identifiable,5.0,0,mlp_2,0.7480236291885376,0.7499065399169922,-0.0018829107284545898,0.6224666732549667,0.047619047619047616,0.0027622324228286743,0.0006585515758973772,50,9,0.8663058280944824,0.8676055669784546
volterra,I_T,1,tier1_identifiable,5.0,1,ridge,0.5024216651916504,0.5024216651916504,0.0,0.5006416952610017,0.047619047619047616,0.0017799699306488038,0.0007021428054894923,50,9,0.7124533653259277,0.7124533653259277
volterra,I_T,1,tier1_identifiable,5.0,1,mlp_1,0.5771514773368835,0.5761764645576477,0.0009750127792358398,0.5006416952610017,0.047619047619047616,0.0017799699306488038,0.0007021428054894923,50,9,0.7631020545959473,0.7624494433403015
volterra,I_T,1,tier1_identifiable,5.0,1,mlp_2,0.6296601295471191,0.6149996519088745,0.014660477638244629,0.5006416952610017,0.047619047619047616,0.0017799699306488038,0.0007021428054894923,50,9,0.7969176769256592,0.7874138951301575
volterra,I_T,1,tier1_identifiable,5.0,2,ridge,0.45414005517959594,0.45414005517959594,0.0,0.44759047150611875,0.047619047619047616,0.006549583673477173,0.0013074350775321185,50,9,0.6792565584182739,0.6792565584182739
volterra,I_T,1,tier1_identifiable,5.0,2,mlp_1,0.5391530394554138,0.5374278426170349,0.0017251968383789062,0.44759047150611875,0.047619047619047616,0.006549583673477173,0.0013074350775321185,50,9,0.7387912273406982,0.7375504970550537
volterra,I_T,1,tier1_identifiable,5.0,2,mlp_2,0.5630136132240295,0.5573711395263672,0.0056424736976623535,0.44759047150611875,0.047619047619047616,0.006549583673477173,0.0013074350775321185,50,9,0.7546268701553345,0.7502731084823608
volterra,I_T,1,tier1_identifiable,5.0,3,ridge,0.5070060014724731,0.5070060014724731,0.0,0.5033196586370468,0.047619047619047616,0.00368634283542633,0.0010130447492962933,50,9,0.7129668593406677,0.7129668593406677
volterra,I_T,1,tier1_identifiable,5.0,3,mlp_1,0.5992156267166138,0.5995393991470337,-0.0003237724304199219,0.5033196586370468,0.047619047619047616,0.00368634283542633,0.0010130447492962933,50,9,0.775481104850769,0.7756974101066589
volterra,I_T,1,tier1_identifiable,5.0,3,mlp_2,0.6675115823745728,0.6395991444587708,0.027912437915802002,0.5033196586370468,0.047619047619047616,0.00368634283542633,0.0010130447492962933,50,9,0.8197941780090332,0.8017862439155579
volterra,I_T,1,tier1_identifiable,5.0,4,ridge,0.4488150715827942,0.4488150715827942,0.0,0.44828642487525944,0.047619047619047616,0.0005286467075347899,0.0004362240680014472,50,9,0.6737791299819946,0.6737791299819946
volterra,I_T,1,tier1_identifiable,5.0,4,mlp_1,0.5286032557487488,0.5319239497184753,-0.0033206939697265625,0.44828642487525944,0.047619047619047616,0.0005286467075347899,0.0004362240680014472,50,9,0.7311399579048157,0.7332921028137207
volterra,I_T,1,tier1_identifiable,5.0,4,mlp_2,0.5759440660476685,0.5748003125190735,0.0011437535285949707,0.44828642487525944,0.047619047619047616,0.0005286467075347899,0.0004362240680014472,50,9,0.764410138130188,0.7632281184196472
volterra,I_h,1,tier1_identifiable,100.0,0,ridge,0.6484933137893677,0.6484933137893677,0.0,0.5153401798009872,0.047619047619047616,0.13315313398838044,0.0024718654026676017,90,30,0.8061483502388,0.8061483502388
volterra,I_h,1,tier1_identifiable,100.0,0,mlp_1,0.7718947529792786,0.7675336003303528,0.004361152648925781,0.5153401798009872,0.047619047619047616,0.13315313398838044,0.0024718654026676017,90,30,0.8793147802352905,0.8770173192024231
volterra,I_h,1,tier1_identifiable,100.0,0,mlp_2,0.7811826467514038,0.7804457545280457,0.0007368922233581543,0.5153401798009872,0.047619047619047616,0.13315313398838044,0.0024718654026676017,90,30,0.8896313905715942,0.8895499110221863
volterra,I_h,1,tier1_identifiable,100.0,1,ridge,0.6704097509384155,0.6704097509384155,0.0,0.5461633551120758,0.047619047619047616,0.12424639582633971,0.003995245084019824,96,32,0.8203821182250977,0.8203821182250977
volterra,I_h,1,tier1_identifiable,100.0,1,mlp_1,0.7985019087791443,0.7991631031036377,-0.0006611943244934082,0.5461633551120758,0.047619047619047616,0.12424639582633971,0.003995245084019824,96,32,0.8949777483940125,0.8950501680374146
volterra,I_h,1,tier1_identifiable,100.0,1,mlp_2,0.8103262186050415,0.8045551180839539,0.0057711005210876465,0.5461633551120758,0.047619047619047616,0.12424639582633971,0.003995245084019824,96,32,0.9051843881607056,0.9039546847343445
volterra,I_h,1,tier1_identifiable,100.0,2,ridge,0.6598641395568847,0.6598641395568847,0.0,0.5476848095655441,0.047619047619047616,0.11217932999134064,0.0030920160417592687,90,30,0.8131762742996216,0.8131762742996216
volterra,I_h,1,tier1_identifiable,100.0,2,mlp_1,0.7738854885101318,0.7718459963798523,0.002039492130279541,0.5476848095655441,0.047619047619047616,0.11217932999134064,0.0030920160417592687,90,30,0.881122887134552,0.8797747492790222
volterra,I_h,1,tier1_identifiable,100.0,2,mlp_2,0.7724075317382812,0.7780024409294128,-0.005594909191131592,0.5476848095655441,0.047619047619047616,0.11217932999134064,0.0030920160417592687,90,30,0.888586699962616,0.8894609212875366
volterra,I_h,1,tier1_identifiable,100.0,3,ridge,0.6311124324798584,0.6311124324798584,0.0,0.4950611752271652,0.047619047619047616,0.13605125725269315,0.003564916136924996,90,30,0.7969280481338501,0.7969280481338501
volterra,I_h,1,tier1_identifiable,100.0,3,mlp_1,0.7570462226867676,0.7567363977432251,0.00030982494354248047,0.4950611752271652,0.047619047619047616,0.13605125725269315,0.003564916136924996,90,30,0.870769202709198,0.8706742525100708
volterra,I_h,1,tier1_identifiable,100.0,3,mlp_2,0.7668377757072449,0.7692279815673828,-0.0023902058601379395,0.4950611752271652,0.047619047619047616,0.13605125725269315,0.003564916136924996,90,30,0.8823645710945129,0.8831400871276855
volterra,I_h,1,tier1_identifiable,100.0,4,ridge,0.6695316910743714,0.6695316910743714,0.0,0.5178677690029145,0.047619047619047616,0.1516639220714569,0.0033520732572601694,111,37,0.819192111492157,0.819192111492157
volterra,I_h,1,tier1_identifiable,100.0,4,mlp_1,0.7999582886695862,0.7965768575668335,0.0033814311027526855,0.5178677690029145,0.047619047619047616,0.1516639220714569,0.0033520732572601694,111,37,0.8953951597213745,0.8937058448791504
volterra,I_h,1,tier1_identifiable,100.0,4,mlp_2,0.8015421032905579,0.8024181127548218,-0.000876009464263916,0.5178677690029145,0.047619047619047616,0.1516639220714569,0.0033520732572601694,111,37,0.9028216600418091,0.9026259183883667
volterra,I_GABA_A,1,tier1_identifiable,5.0,0,ridge,0.29528079032897947,0.29528079032897947,0.0,0.19411550819873807,0.047619047619047616,0.10116528213024138,0.0020318152355226094,50,8,0.5494582056999207,0.5494582056999207
volterra,I_GABA_A,1,tier1_identifiable,5.0,0,mlp_1,-0.20330646634101868,-0.1792408972978592,-0.024065569043159485,0.19411550819873807,0.047619047619047616,0.10116528213024138,0.0020318152355226094,50,8,0.4321438670158386,0.4443236291408539
volterra,I_GABA_A,1,tier1_identifiable,5.0,0,mlp_2,0.3035282492637634,0.30432945489883423,-0.0008012056350708008,0.19411550819873807,0.047619047619047616,0.10116528213024138,0.0020318152355226094,50,8,0.5557149052619934,0.5560407042503357
volterra,I_GABA_A,1,tier1_identifiable,5.0,1,ridge,0.3070706605911255,0.3070706605911255,0.0,0.2155468660593033,0.047619047619047616,0.0915237945318222,0.0018266904283152634,50,7,0.5568161606788635,0.5568161606788635
volterra,I_GABA_A,1,tier1_identifiable,5.0,1,mlp_1,-0.18559809029102325,-0.17566628754138947,-0.009931802749633789,0.2155468660593033,0.047619047619047616,0.0915237945318222,0.0018266904283152634,50,7,0.4174830913543701,0.4177230894565582
volterra,I_GABA_A,1,tier1_identifiable,5.0,1,mlp_2,0.314016729593277,0.31438860297203064,-0.0003718733787536621,0.2155468660593033,0.047619047619047616,0.0915237945318222,0.0018266904283152634,50,7,0.5624789595603943,0.5622612833976746
volterra,I_GABA_A,1,tier1_identifiable,5.0,2,ridge,0.2385452628135681,0.2385452628135681,0.0,0.15126193940639493,0.047619047619047616,0.08728332340717317,0.0023499116024977436,50,6,0.49521249532699585,0.49521249532699585
volterra,I_GABA_A,1,tier1_identifiable,5.0,2,mlp_1,-0.17048196494579315,-0.16085568070411682,-0.00962628424167633,0.15126193940639493,0.047619047619047616,0.08728332340717317,0.0023499116024977436,50,6,0.35219842195510864,0.3422115445137024
volterra,I_GABA_A,1,tier1_identifiable,5.0,2,mlp_2,0.24475178122520447,0.24575869739055634,-0.0010069161653518677,0.15126193940639493,0.047619047619047616,0.08728332340717317,0.0023499116024977436,50,6,0.49997153878211975,0.5010460019111633
volterra,I_GABA_A,1,tier1_identifiable,5.0,3,ridge,0.2737978219985962,0.2737978219985962,0.0,0.188540997505188,0.047619047619047616,0.08525682449340821,0.0016514301582969948,50,7,0.5275834798812866,0.5275834798812866
volterra,I_GABA_A,1,tier1_identifiable,5.0,3,mlp_1,-0.18995657563209534,-0.19471435248851776,0.004757776856422424,0.188540997505188,0.047619047619047616,0.08525682449340821,0.0016514301582969948,50,7,0.3983263373374939,0.398762047290802
volterra,I_GABA_A,1,tier1_identifiable,5.0,3,mlp_2,0.2781763970851898,0.27597564458847046,0.0022007524967193604,0.188540997505188,0.047619047619047616,0.08525682449340821,0.0016514301582969948,50,7,0.5297204256057739,0.5276600122451782
volterra,I_GABA_A,1,tier1_identifiable,5.0,4,ridge,0.21882082223892213,0.21882082223892213,0.0,0.13726380288600923,0.047619047619047616,0.0815570193529129,0.0018300590725822184,50,4,0.47539740800857544,0.47539740800857544
volterra,I_GABA_A,1,tier1_identifiable,5.0,4,mlp_1,-0.18632110953330994,-0.17200200259685516,-0.014319106936454773,0.13726380288600923,0.047619047619047616,0.0815570193529129,0.0018300590725822184,50,4,0.3582115173339844,0.36645272374153137
volterra,I_GABA_A,1,tier1_identifiable,5.0,4,mlp_2,0.22842025756835938,0.22754573822021484,0.0008745193481445312,0.13726380288600923,0.047619047619047616,0.0815570193529129,0.0018300590725822184,50,4,0.4797576069831848,0.479084312915802
volterra,I_GABA_B,1,tier1_identifiable,150.0,0,ridge,0.5966732263565063,0.5966732263565063,0.0,0.0701716101169586,0.047619047619047616,0.5265016162395477,0.0012106769970197959,1500,500,0.7733057737350464,0.7733057737350464
volterra,I_GABA_B,1,tier1_identifiable,150.0,0,mlp_1,0.41290482878685,0.4033301770687103,0.009574651718139648,0.0701716101169586,0.047619047619047616,0.5265016162395477,0.0012106769970197959,1500,500,0.7111253142356873,0.7060532569885254
volterra,I_GABA_B,1,tier1_identifiable,150.0,0,mlp_2,0.6108417510986328,0.6126604080200195,-0.0018186569213867188,0.0701716101169586,0.047619047619047616,0.5265016162395477,0.0012106769970197959,1500,500,0.7832515835762024,0.7842444181442261
volterra,I_GABA_B,1,tier1_identifiable,150.0,1,ridge,0.618696129322052,0.618696129322052,0.0,0.09220653772354126,0.047619047619047616,0.5264895915985107,0.0018857235386969759,1500,500,0.7864168882369995,0.7864168882369995
volterra,I_GABA_B,1,tier1_identifiable,150.0,1,mlp_1,0.41188985109329224,0.39386487007141113,0.018024981021881104,0.09220653772354126,0.047619047619047616,0.5264895915985107,0.0018857235386969759,1500,500,0.7186744809150696,0.7147235870361328
volterra,I_GABA_B,1,tier1_identifiable,150.0,1,mlp_2,0.6361140608787537,0.6368683576583862,-0.0007542967796325684,0.09220653772354126,0.047619047619047616,0.5264895915985107,0.0018857235386969759,1500,500,0.7988532781600952,0.799262285232544
volterra,I_GABA_B,1,tier1_identifiable,150.0,2,ridge,0.564196515083313,0.564196515083313,0.0,0.07126841843128207,0.047619047619047616,0.49292809665203097,0.0016438249336473874,1500,500,0.7518614530563354,0.7518614530563354
volterra,I_GABA_B,1,tier1_identifiable,150.0,2,mlp_1,0.38315248489379883,0.4052901268005371,-0.02213764190673828,0.07126841843128207,0.047619047619047616,0.49292809665203097,0.0016438249336473874,1500,500,0.6876243352890015,0.6878812909126282
volterra,I_GABA_B,1,tier1_identifiable,150.0,2,mlp_2,0.5851426124572754,0.582665205001831,0.002477407455444336,0.07126841843128207,0.047619047619047616,0.49292809665203097,0.0016438249336473874,1500,500,0.7675274014472961,0.7660797238349915
volterra,I_GABA_B,1,tier1_identifiable,150.0,3,ridge,0.6206101179122925,0.6206101179122925,0.0,0.08647781670093535,0.047619047619047616,0.5341323012113571,0.0013710344479054234,1500,500,0.7881668210029602,0.7881668210029602
volterra,I_GABA_B,1,tier1_identifiable,150.0,3,mlp_1,0.4316502511501312,0.42937788367271423,0.002272367477416992,0.08647781670093535,0.047619047619047616,0.5341323012113571,0.0013710344479054234,1500,500,0.7223831415176392,0.7257880568504333
volterra,I_GABA_B,1,tier1_identifiable,150.0,3,mlp_2,0.6397377252578735,0.6398462057113647,-0.00010848045349121094,0.08647781670093535,0.047619047619047616,0.5341323012113571,0.0013710344479054234,1500,500,0.8010139465332031,0.8010526895523071
volterra,I_GABA_B,1,tier1_identifiable,150.0,4,ridge,0.634747838973999,0.634747838973999,0.0,0.08328745961189266,0.047619047619047616,0.5514603793621063,0.001927299779547743,1500,500,0.7968981266021729,0.7968981266021729
volterra,I_GABA_B,1,tier1_identifiable,150.0,4,mlp_1,0.4503583312034607,0.46469491720199585,-0.014336585998535156,0.08328745961189266,0.047619047619047616,0.5514603793621063,0.001927299779547743,1500,500,0.7254994511604309,0.7343778610229492
volterra,I_GABA_B,1,tier1_identifiable,150.0,4,mlp_2,0.6491499543190002,0.6474682688713074,0.001681685447692871,0.08328745961189266,0.047619047619047616,0.5514603793621063,0.001927299779547743,1500,500,0.8066788911819458,0.805581271648407
volterra,tc_m_T,2,tier2_individual_gates,1.0,0,ridge,0.6042661070823669,0.6042661070823669,0.0,0.582911542057991,0.047619047619047616,0.021354565024375917,0.0014531307865627474,50,13,0.777763843536377,0.777763843536377
volterra,tc_m_T,2,tier2_individual_gates,1.0,0,mlp_1,0.7111067771911621,0.7087116837501526,0.0023950934410095215,0.582911542057991,0.047619047619047616,0.021354565024375917,0.0014531307865627474,50,13,0.8440756797790527,0.842902660369873
volterra,tc_m_T,2,tier2_individual_gates,1.0,0,mlp_2,0.710739016532898,0.7181153893470764,-0.007376372814178467,0.582911542057991,0.047619047619047616,0.021354565024375917,0.0014531307865627474,50,13,0.8513951301574707,0.8530539274215698
volterra,tc_m_T,2,tier2_individual_gates,1.0,1,ridge,0.5642686605453491,0.5642686605453491,0.0,0.5421412289142609,0.047619047619047616,0.02212743163108826,0.00135520075647514,50,13,0.7516525387763977,0.7516525387763977
volterra,tc_m_T,2,tier2_individual_gates,1.0,1,mlp_1,0.6726073026657104,0.670192539691925,0.0024147629737854004,0.5421412289142609,0.047619047619047616,0.02212743163108826,0.00135520075647514,50,13,0.8212050199508667,0.8199666738510132
volterra,tc_m_T,2,tier2_individual_gates,1.0,1,mlp_2,0.6752243041992188,0.675518274307251,-0.00029397010803222656,0.5421412289142609,0.047619047619047616,0.02212743163108826,0.00135520075647514,50,13,0.8292695879936218,0.830980122089386
volterra,tc_m_T,2,tier2_individual_gates,1.0,2,ridge,0.5644800782203674,0.5644800782203674,0.0,0.5420359635353088,0.047619047619047616,0.02244411468505859,0.0017110237436189389,50,13,0.7519494295120239,0.7519494295120239
volterra,tc_m_T,2,tier2_individual_gates,1.0,2,mlp_1,0.6587492227554321,0.6564818620681763,0.0022673606872558594,0.5420359635353088,0.047619047619047616,0.02244411468505859,0.0017110237436189389,50,13,0.8126121759414673,0.8112930059432983
volterra,tc_m_T,2,tier2_individual_gates,1.0,2,mlp_2,0.6582609415054321,0.6557904481887817,0.0024704933166503906,0.5420359635353088,0.047619047619047616,0.02244411468505859,0.0017110237436189389,50,13,0.820074737071991,0.8177657127380371
volterra,tc_m_T,2,tier2_individual_gates,1.0,3,ridge,0.5423201560974121,0.5423201560974121,0.0,0.5172499346733094,0.047619047619047616,0.025070221424102784,0.0014108400546962994,50,14,0.7372125387191772,0.7372125387191772
volterra,tc_m_T,2,tier2_individual_gates,1.0,3,mlp_1,0.6616331338882446,0.6640944480895996,-0.0024613142013549805,0.5172499346733094,0.047619047619047616,0.025070221424102784,0.0014108400546962994,50,14,0.8146931529045105,0.8159575462341309
volterra,tc_m_T,2,tier2_individual_gates,1.0,3,mlp_2,0.6777702569961548,0.6811040639877319,-0.0033338069915771484,0.5172499346733094,0.047619047619047616,0.025070221424102784,0.0014108400546962994,50,14,0.8308690190315247,0.8322685956954956
volterra,tc_m_T,2,tier2_individual_gates,1.0,4,ridge,0.5285652875900269,0.5285652875900269,0.0,0.501929070353508,0.047619047619047616,0.026636217236518857,0.0016302765992476226,50,14,0.7280011177062988,0.7280011177062988
volterra,tc_m_T,2,tier2_individual_gates,1.0,4,mlp_1,0.6505062580108643,0.6509479284286499,-0.00044167041778564453,0.501929070353508,0.047619047619047616,0.026636217236518857,0.0016302765992476226,50,14,0.8078941106796265,0.8081636428833008
volterra,tc_m_T,2,tier2_individual_gates,1.0,4,mlp_2,0.6623867750167847,0.6638525128364563,-0.0014657378196716309,0.501929070353508,0.047619047619047616,0.026636217236518857,0.0016302765992476226,50,14,0.8204869031906128,0.8223799467086792
volterra,tc_h_T,2,tier2_individual_gates,20.0,0,ridge,0.7861810207366944,0.7861810207366944,0.0,0.6140503448247909,0.047619047619047616,0.1721306759119034,0.0031704877361523583,96,32,0.8878536224365234,0.8878536224365234
volterra,tc_h_T,2,tier2_individual_gates,20.0,0,mlp_1,0.8839548826217651,0.9006568789482117,-0.016701996326446533,0.6140503448247909,0.047619047619047616,0.1721306759119034,0.0031704877361523583,96,32,0.9421765208244324,0.9504444003105164
volterra,tc_h_T,2,tier2_individual_gates,20.0,0,mlp_2,0.8993215560913086,0.8552193641662598,0.04410219192504883,0.6140503448247909,0.047619047619047616,0.1721306759119034,0.0031704877361523583,96,32,0.9587885141372681,0.9446552991867065
volterra,tc_h_T,2,tier2_individual_gates,20.0,1,ridge,0.805438506603241,0.805438506603241,0.0,0.6516259008646011,0.047619047619047616,0.15381260573863983,0.00200306390894365,102,34,0.8988612294197083,0.8988612294197083
volterra,tc_h_T,2,tier2_individual_gates,20.0,1,mlp_1,0.8955013155937195,0.8976012468338013,-0.002099931240081787,0.6516259008646011,0.047619047619047616,0.15381260573863983,0.00200306390894365,102,34,0.9477112889289856,0.9486286044120789
volterra,tc_h_T,2,tier2_individual_gates,20.0,1,mlp_2,0.8732026219367981,0.8581274151802063,0.015075206756591797,0.6516259008646011,0.047619047619047616,0.15381260573863983,0.00200306390894365,102,34,0.9483345150947571,0.9392321705818176
volterra,tc_h_T,2,tier2_individual_gates,20.0,2,ridge,0.7516715288162231,0.7516715288162231,0.0,0.600579200387001,0.047619047619047616,0.1510923284292221,0.0023844158402924927,99,33,0.8679726719856262,0.8679726719856262
volterra,tc_h_T,2,tier2_individual_gates,20.0,2,mlp_1,0.863746166229248,0.8572092056274414,0.006536960601806641,0.600579200387001,0.047619047619047616,0.1510923284292221,0.0023844158402924927,99,33,0.9307432174682617,0.9274589419364929
volterra,tc_h_T,2,tier2_individual_gates,20.0,2,mlp_2,0.820429801940918,0.8109517097473145,0.009478092193603516,0.600579200387001,0.047619047619047616,0.1510923284292221,0.0023844158402924927,99,33,0.9198230504989624,0.9219903945922852
volterra,tc_h_T,2,tier2_individual_gates,20.0,3,ridge,0.788650369644165,0.788650369644165,0.0,0.6090991699695587,0.047619047619047616,0.17955119967460634,0.0037331475422184867,96,32,0.8896908760070801,0.8896908760070801
volterra,tc_h_T,2,tier2_individual_gates,20.0,3,mlp_1,0.882580578327179,0.8805047869682312,0.002075791358947754,0.6090991699695587,0.047619047619047616,0.17955119967460634,0.0037331475422184867,96,32,0.9406260251998901,0.9395190477371216
volterra,tc_h_T,2,tier2_individual_gates,20.0,3,mlp_2,0.8585615158081055,0.8638097643852234,-0.00524824857711792,0.6090991699695587,0.047619047619047616,0.17955119967460634,0.0037331475422184867,96,32,0.9423632621765137,0.9441328048706055
volterra,tc_h_T,2,tier2_individual_gates,20.0,4,ridge,0.7803223609924317,0.7803223609924317,0.0,0.5993028104305268,0.047619047619047616,0.1810195505619049,0.0040743603836362625,120,40,0.8841703534126282,0.8841703534126282
volterra,tc_h_T,2,tier2_individual_gates,20.0,4,mlp_1,0.8891130685806274,0.8891396522521973,-2.658367156982422e-05,0.5993028104305268,0.047619047619047616,0.1810195505619049,0.0040743603836362625,120,40,0.9443936347961426,0.9445478320121765
volterra,tc_h_T,2,tier2_individual_gates,20.0,4,mlp_2,0.8746155500411987,0.8777027130126953,-0.003087162971496582,0.5993028104305268,0.047619047619047616,0.1810195505619049,0.0040743603836362625,120,40,0.9484224319458008,0.9413602948188782
volterra,tc_m_h,2,tier2_individual_gates,100.0,0,ridge,0.6375166177749634,0.6375166177749634,0.0,0.503595353960991,0.047619047619047616,0.13392126381397246,0.003265140715736647,87,29,0.7996596097946167,0.7996596097946167
volterra,tc_m_h,2,tier2_individual_gates,100.0,0,mlp_1,0.7492069005966187,0.7428730726242065,0.006333827972412109,0.503595353960991,0.047619047619047616,0.13392126381397246,0.003265140715736647,87,29,0.8665741086006165,0.8631930351257324
volterra,tc_m_h,2,tier2_individual_gates,100.0,0,mlp_2,0.7523579597473145,0.7282386422157288,0.024119317531585693,0.503595353960991,0.047619047619047616,0.13392126381397246,0.003265140715736647,87,29,0.8787224888801575,0.8637596368789673
volterra,tc_m_h,2,tier2_individual_gates,100.0,1,ridge,0.6214423656463623,0.6214423656463623,0.0,0.5039750707149506,0.047619047619047616,0.11746729493141175,0.0023727797831963812,90,30,0.7899889945983887,0.7899889945983887
volterra,tc_m_h,2,tier2_individual_gates,100.0,1,mlp_1,0.7365973591804504,0.7384666800498962,-0.0018693208694458008,0.5039750707149506,0.047619047619047616,0.11746729493141175,0.0023727797831963812,90,30,0.8598686456680298,0.8612349629402161
volterra,tc_m_h,2,tier2_individual_gates,100.0,1,mlp_2,0.7043607234954834,0.7228315472602844,-0.018470823764801025,0.5039750707149506,0.047619047619047616,0.11746729493141175,0.0023727797831963812,90,30,0.8564664125442505,0.8691104054450989
volterra,tc_m_h,2,tier2_individual_gates,100.0,2,ridge,0.5873371243476868,0.5873371243476868,0.0,0.4769935369491578,0.047619047619047616,0.11034358739852904,0.0022490590797392225,84,28,0.7672578692436218,0.7672578692436218
volterra,tc_m_h,2,tier2_individual_gates,100.0,2,mlp_1,0.6867073774337769,0.6861940622329712,0.0005133152008056641,0.4769935369491578,0.047619047619047616,0.11034358739852904,0.0022490590797392225,84,28,0.8304816484451294,0.8297761082649231
volterra,tc_m_h,2,tier2_individual_gates,100.0,2,mlp_2,0.6505762338638306,0.6327930688858032,0.017783164978027344,0.4769935369491578,0.047619047619047616,0.11034358739852904,0.0022490590797392225,84,28,0.8193775415420532,0.8087126016616821
volterra,tc_m_h,2,tier2_individual_gates,100.0,3,ridge,0.6145440936088562,0.6145440936088562,0.0,0.48179272830486297,0.047619047619047616,0.13275136530399323,0.003223770784450789,87,29,0.7871095538139343,0.7871095538139343
volterra,tc_m_h,2,tier2_individual_gates,100.0,3,mlp_1,0.7323195338249207,0.7363298535346985,-0.004010319709777832,0.48179272830486297,0.047619047619047616,0.13275136530399323,0.003223770784450789,87,29,0.8574212789535522,0.8594474792480469
volterra,tc_m_h,2,tier2_individual_gates,100.0,3,mlp_2,0.6988332867622375,0.7455515265464783,-0.04671823978424072,0.48179272830486297,0.047619047619047616,0.13275136530399323,0.003223770784450789,87,29,0.8443959355354309,0.8739383816719055
volterra,tc_m_h,2,tier2_individual_gates,100.0,4,ridge,0.6079594135284424,0.6079594135284424,0.0,0.45967190742492675,0.047619047619047616,0.14828750610351565,0.0031349235534496446,105,35,0.7806349396705627,0.7806349396705627
volterra,tc_m_h,2,tier2_individual_gates,100.0,4,mlp_1,0.7313697934150696,0.7298192977905273,0.0015504956245422363,0.45967190742492675,0.047619047619047616,0.14828750610351565,0.0031349235534496446,105,35,0.8569895625114441,0.8558565378189087
volterra,tc_m_h,2,tier2_individual_gates,100.0,4,mlp_2,0.7426090240478516,0.6830776333808899,0.05953139066696167,0.45967190742492675,0.047619047619047616,0.14828750610351565,0.0031349235534496446,105,35,0.8725556135177612,0.8379567861557007
volterra,tc_m_T_zscore,3,tier3_shape_normalized,1.0,0,ridge,0.5990831971168518,0.5990831971168518,0.0,0.5984737819433212,0.047619047619047616,0.0006094151735305787,0.0005717874266771814,50,13,0.7743281126022339,0.7743281126022339
volterra,tc_m_T_zscore,3,tier3_shape_normalized,1.0,0,mlp_1,0.7153258323669434,0.7138313055038452,0.0014945268630981445,0.5984737819433212,0.047619047619047616,0.0006094151735305787,0.0005717874266771814,50,13,0.8464534878730774,0.8455566167831421
volterra,tc_m_T_zscore,3,tier3_shape_normalized,1.0,0,mlp_2,0.7271572351455688,0.7278599143028259,-0.0007026791572570801,0.5984737819433212,0.047619047619047616,0.0006094151735305787,0.0005717874266771814,50,13,0.8545161485671997,0.8548248410224915
volterra,tc_m_T_zscore,3,tier3_shape_normalized,1.0,1,ridge,0.551414430141449,0.551414430141449,0.0,0.5513586038351059,0.047619047619047616,5.5826306343078614e-05,0.0003253328001795148,50,13,0.7430368661880493,0.7430368661880493
volterra,tc_m_T_zscore,3,tier3_shape_normalized,1.0,1,mlp_1,0.6717000007629395,0.6720558404922485,-0.00035583972930908203,0.5513586038351059,0.047619047619047616,5.5826306343078614e-05,0.0003253328001795148,50,13,0.8205382227897644,0.8207463026046753
volterra,tc_m_T_zscore,3,tier3_shape_normalized,1.0,1,mlp_2,0.695368766784668,0.6956459879875183,-0.0002772212028503418,0.5513586038351059,0.047619047619047616,5.5826306343078614e-05,0.0003253328001795148,50,13,0.8356248140335083,0.835875391960144
volterra,tc_m_T_zscore,3,tier3_shape_normalized,1.0,2,ridge,0.556305181980133,0.556305181980133,0.0,0.555371703505516,0.047619047619047616,0.0009334784746170045,0.0005901756926012042,50,13,0.7467782497406006,0.7467782497406006
volterra,tc_m_T_zscore,3,tier3_shape_normalized,1.0,2,mlp_1,0.6606640815734863,0.660983681678772,-0.00031960010528564453,0.555371703505516,0.047619047619047616,0.0009334784746170045,0.0005901756926012042,50,13,0.8136271238327026,0.8138281106948853
volterra,tc_m_T_zscore,3,tier3_shape_normalized,1.0,2,mlp_2,0.6817446947097778,0.68084317445755,0.0009015202522277832,0.555371703505516,0.047619047619047616,0.0009334784746170045,0.0005901756926012042,50,13,0.8274824023246765,0.8272994160652161
volterra,tc_m_T_zscore,3,tier3_shape_normalized,1.0,3,ridge,0.5274489998817444,0.5274489998817444,0.0,0.5274674218893052,0.047619047619047616,-1.842200756072998e-05,0.00027210408060677615,50,13,0.7271283268928528,0.7271283268928528
volterra,tc_m_T_zscore,3,tier3_shape_normalized,1.0,3,mlp_1,0.6663318872451782,0.6661484837532043,0.00018340349197387695,0.5274674218893052,0.047619047619047616,-1.842200756072998e-05,0.00027210408060677615,50,13,0.8172752261161804,0.8171067237854004
volterra,tc_m_T_zscore,3,tier3_shape_normalized,1.0,3,mlp_2,0.695817768573761,0.696165144443512,-0.00034737586975097656,0.5274674218893052,0.047619047619047616,-1.842200756072998e-05,0.00027210408060677615,50,13,0.8357352018356323,0.8362993001937866
volterra,tc_m_T_zscore,3,tier3_shape_normalized,1.0,4,ridge,0.5170236468315125,0.5170236468315125,0.0,0.5156269752979279,0.047619047619047616,0.0013966715335845946,0.0008924729244218968,50,14,0.7200043201446533,0.7200043201446533
volterra,tc_m_T_zscore,3,tier3_shape_normalized,1.0,4,mlp_1,0.657146155834198,0.6561300158500671,0.0010161399841308594,0.5156269752979279,0.047619047619047616,0.0013966715335845946,0.0008924729244218968,50,14,0.8114946484565735,0.8109145164489746
volterra,tc_m_T_zscore,3,tier3_shape_normalized,1.0,4,mlp_2,0.6788208484649658,0.677833080291748,0.0009877681732177734,0.5156269752979279,0.047619047619047616,0.0013966715335845946,0.0008924729244218968,50,14,0.8255125284194946,0.8247466087341309
volterra,tc_h_T_zscore,3,tier3_shape_normalized,20.0,0,ridge,0.8191664934158325,0.8191664934158325,0.0,0.8143026840686798,0.047619047619047616,0.004863809347152711,0.001236280458005251,81,27,0.9052166938781738,0.9052166938781738
volterra,tc_h_T_zscore,3,tier3_shape_normalized,20.0,0,mlp_1,0.9064964056015015,0.9053729772567749,0.0011234283447265625,0.8143026840686798,0.047619047619047616,0.004863809347152711,0.001236280458005251,81,27,0.9529238939285278,0.952258288860321
volterra,tc_h_T_zscore,3,tier3_shape_normalized,20.0,0,mlp_2,0.9146766662597656,0.9158731698989868,-0.0011965036392211914,0.8143026840686798,0.047619047619047616,0.004863809347152711,0.001236280458005251,81,27,0.9586539268493652,0.9591997861862183
volterra,tc_h_T_zscore,3,tier3_shape_normalized,20.0,1,ridge,0.82978675365448,0.82978675365448,0.0,0.8167415243387222,0.047619047619047616,0.01304522931575775,0.00196590627846412,87,29,0.9110358953475952,0.9110358953475952
volterra,tc_h_T_zscore,3,tier3_shape_normalized,20.0,1,mlp_1,0.9026139974594116,0.9028423428535461,-0.00022834539413452148,0.8167415243387222,0.047619047619047616,0.01304522931575775,0.00196590627846412,87,29,0.9508582949638367,0.9510172009468079
volterra,tc_h_T_zscore,3,tier3_shape_normalized,20.0,1,mlp_2,0.9117242097854614,0.9114391207695007,0.00028508901596069336,0.8167415243387222,0.047619047619047616,0.01304522931575775,0.00196590627846412,87,29,0.9569683074951172,0.9566707611083984
volterra,tc_h_T_zscore,3,tier3_shape_normalized,20.0,2,ridge,0.7823811888694763,0.7823811888694763,0.0,0.7775528472661971,0.047619047619047616,0.004828341603279113,0.0012014962177760986,84,28,0.8846844434738159,0.8846844434738159
volterra,tc_h_T_zscore,3,tier3_shape_normalized,20.0,2,mlp_1,0.8826056718826294,0.8816336393356323,0.0009720325469970703,0.7775528472661971,0.047619047619047616,0.004828341603279113,0.0012014962177760986,84,28,0.9403240084648132,0.93999844789505
volterra,tc_h_T_zscore,3,tier3_shape_normalized,20.0,2,mlp_2,0.8909670114517212,0.8920866847038269,-0.0011196732521057129,0.7775528472661971,0.047619047619047616,0.004828341603279113,0.0012014962177760986,84,28,0.9460872411727905,0.9463052749633789
volterra,tc_h_T_zscore,3,tier3_shape_normalized,20.0,3,ridge,0.8031907200813293,0.8031907200813293,0.0,0.7984972673654556,0.047619047619047616,0.004693452715873718,0.00111519856637682,78,26,0.8964496850967407,0.8964496850967407
volterra,tc_h_T_zscore,3,tier3_shape_normalized,20.0,3,mlp_1,0.8916330337524414,0.8915403485298157,9.268522262573242e-05,0.7984972673654556,0.047619047619047616,0.004693452715873718,0.00111519856637682,78,26,0.9450413584709167,0.9449736475944519
volterra,tc_h_T_zscore,3,tier3_shape_normalized,20.0,3,mlp_2,0.9027460813522339,0.9037827253341675,-0.0010366439819335938,0.7984972673654556,0.047619047619047616,0.004693452715873718,0.00111519856637682,78,26,0.9519926905632019,0.9525851011276245
volterra,tc_h_T_zscore,3,tier3_shape_normalized,20.0,4,ridge,0.7820831060409545,0.7820831060409545,0.0,0.7642197108268738,0.047619047619047616,0.017863395214080813,0.001985731223999536,99,33,0.884814441204071,0.884814441204071
volterra,tc_h_T_zscore,3,tier3_shape_normalized,20.0,4,mlp_1,0.8890312314033508,0.8881837129592896,0.0008475184440612793,0.7642197108268738,0.047619047619047616,0.017863395214080813,0.001985731223999536,99,33,0.9439634084701538,0.9436197280883789
volterra,tc_h_T_zscore,3,tier3_shape_normalized,20.0,4,mlp_2,0.9012357592582703,0.9007778167724609,0.00045794248580932617,0.7642197108268738,0.047619047619047616,0.017863395214080813,0.001985731223999536,99,33,0.9517744183540344,0.9516420364379883
volterra,tc_m_h_zscore,3,tier3_shape_normalized,100.0,0,ridge,0.6624909400939941,0.6624909400939941,0.0,0.6610842221975326,0.047619047619047616,0.0014067178964614867,0.0010602159611157213,66,22,0.8145408630371094,0.8145408630371094
volterra,tc_m_h_zscore,3,tier3_shape_normalized,100.0,0,mlp_1,0.7816293835639954,0.7791358828544617,0.0024935007095336914,0.6610842221975326,0.047619047619047616,0.0014067178964614867,0.0010602159611157213,66,22,0.8850496411323547,0.8837186098098755
volterra,tc_m_h_zscore,3,tier3_shape_normalized,100.0,0,mlp_2,0.8041273355484009,0.8050369024276733,-0.0009095668792724609,0.6610842221975326,0.047619047619047616,0.0014067178964614867,0.0010602159611157213,66,22,0.898656964302063,0.8996680378913879
volterra,tc_m_h_zscore,3,tier3_shape_normalized,100.0,1,ridge,0.6187493801116943,0.6187493801116943,0.0,0.6163109302520752,0.047619047619047616,0.0024384498596191403,0.0006419458697318077,72,24,0.7869187593460083,0.7869187593460083
volterra,tc_m_h_zscore,3,tier3_shape_normalized,100.0,1,mlp_1,0.7696560621261597,0.7706548571586609,-0.0009987950325012207,0.6163109302520752,0.047619047619047616,0.0024384498596191403,0.0006419458697318077,72,24,0.8785465955734253,0.8791195750236511
volterra,tc_m_h_zscore,3,tier3_shape_normalized,100.0,1,mlp_2,0.7956351041793823,0.7950869798660278,0.0005481243133544922,0.6163109302520752,0.047619047619047616,0.0024384498596191403,0.0006419458697318077,72,24,0.8945015668869019,0.8943434953689575
volterra,tc_m_h_zscore,3,tier3_shape_normalized,100.0,2,ridge,0.61522935628891,0.61522935628891,0.0,0.6114964079856873,0.047619047619047616,0.003732948303222656,0.000976988291540014,69,23,0.7846614718437195,0.7846614718437195
volterra,tc_m_h_zscore,3,tier3_shape_normalized,100.0,2,mlp_1,0.740134596824646,0.738455057144165,0.001679539680480957,0.6114964079856873,0.047619047619047616,0.003732948303222656,0.000976988291540014,69,23,0.8611606359481812,0.8601795434951782
volterra,tc_m_h_zscore,3,tier3_shape_normalized,100.0,2,mlp_2,0.7627137303352356,0.7622795104980469,0.0004342198371887207,0.6114964079856873,0.047619047619047616,0.003732948303222656,0.000976988291540014,69,23,0.8749335408210754,0.8756272196769714
volterra,tc_m_h_zscore,3,tier3_shape_normalized,100.0,3,ridge,0.6085300207138061,0.6085300207138061,0.0,0.6076687783002853,0.047619047619047616,0.0008612424135208132,0.0005661331757200158,66,22,0.7809404134750366,0.7809404134750366
volterra,tc_m_h_zscore,3,tier3_shape_normalized,100.0,3,mlp_1,0.7602251768112183,0.7586120367050171,0.0016131401062011719,0.6076687783002853,0.047619047619047616,0.0008612424135208132,0.0005661331757200158,66,22,0.8728537559509277,0.871925950050354
volterra,tc_m_h_zscore,3,tier3_shape_normalized,100.0,3,mlp_2,0.7852050065994263,0.7866923809051514,-0.0014873743057250977,0.6076687783002853,0.047619047619047616,0.0008612424135208132,0.0005661331757200158,66,22,0.8878604769706726,0.8887801170349121
volterra,tc_m_h_zscore,3,tier3_shape_normalized,100.0,4,ridge,0.5845031142234802,0.5845031142234802,0.0,0.5804476296901703,0.047619047619047616,0.004055484533309937,0.001413619448785424,81,27,0.7652633786201477,0.7652633786201477
volterra,tc_m_h_zscore,3,tier3_shape_normalized,100.0,4,mlp_1,0.736988365650177,0.7364305257797241,0.0005578398704528809,0.5804476296901703,0.047619047619047616,0.004055484533309937,0.001413619448785424,81,27,0.8596916198730469,0.8592954874038696
volterra,tc_m_h_zscore,3,tier3_shape_normalized,100.0,4,mlp_2,0.7708717584609985,0.7704215049743652,0.0004502534866333008,0.5804476296901703,0.047619047619047616,0.004055484533309937,0.001413619448785424,81,27,0.8798651695251465,0.8802388906478882
volterra,tc_m_T_rank,3,tier3_shape_normalized,1.0,0,ridge,0.7619851946830749,0.7619851946830749,0.0,0.7617133331298828,0.047619047619047616,0.00027186155319213867,0.0005162302946612894,51,17,0.8730093240737915,0.8730093240737915
volterra,tc_m_T_rank,3,tier3_shape_normalized,1.0,0,mlp_1,0.8451375961303711,0.8438246846199036,0.0013129115104675293,0.7617133331298828,0.047619047619047616,0.00027186155319213867,0.0005162302946612894,51,17,0.9205085635185242,0.9202114343643188
volterra,tc_m_T_rank,3,tier3_shape_normalized,1.0,0,mlp_2,0.8207206726074219,0.8270280957221985,-0.006307423114776611,0.7617133331298828,0.047619047619047616,0.00027186155319213867,0.0005162302946612894,51,17,0.917614758014679,0.9191152453422546
volterra,tc_m_T_rank,3,tier3_shape_normalized,1.0,1,ridge,0.7406203627586365,0.7406203627586365,0.0,0.7397605305910111,0.047619047619047616,0.0008598321676254273,0.0006550153169814718,51,17,0.8607832193374634,0.8607832193374634
volterra,tc_m_T_rank,3,tier3_shape_normalized,1.0,1,mlp_1,0.8206573724746704,0.8144893646240234,0.006168007850646973,0.7397605305910111,0.047619047619047616,0.0008598321676254273,0.0006550153169814718,51,17,0.9074472188949585,0.9047776460647583
volterra,tc_m_T_rank,3,tier3_shape_normalized,1.0,1,mlp_2,0.8027111887931824,0.8089898228645325,-0.006278634071350098,0.7397605305910111,0.047619047619047616,0.0008598321676254273,0.0006550153169814718,51,17,0.9053171277046204,0.9070554971694946
volterra,tc_m_T_rank,3,tier3_shape_normalized,1.0,2,ridge,0.7464517235755921,0.7464517235755921,0.0,0.746191949248314,0.047619047619047616,0.00025977432727813715,0.0005529939891515886,51,17,0.864139199256897,0.864139199256897
volterra,tc_m_T_rank,3,tier3_shape_normalized,1.0,2,mlp_1,0.814452052116394,0.8138925433158875,0.0005595088005065918,0.746191949248314,0.047619047619047616,0.00025977432727813715,0.0005529939891515886,51,17,0.9038059115409851,0.90348881483078
volterra,tc_m_T_rank,3,tier3_shape_normalized,1.0,2,mlp_2,0.7979009747505188,0.8037980198860168,-0.005897045135498047,0.746191949248314,0.047619047619047616,0.00025977432727813715,0.0005529939891515886,51,17,0.9020134210586548,0.903469443321228
volterra,tc_m_T_rank,3,tier3_shape_normalized,1.0,3,ridge,0.6992156028747558,0.6992156028747558,0.0,0.6989231812953949,0.047619047619047616,0.00029242157936096194,0.00031384183985595803,51,17,0.8365691900253296,0.8365691900253296
volterra,tc_m_T_rank,3,tier3_shape_normalized,1.0,3,mlp_1,0.7860787510871887,0.7867568731307983,-0.0006781220436096191,0.6989231812953949,0.047619047619047616,0.00029242157936096194,0.00031384183985595803,51,17,0.8884263038635254,0.8886439204216003
volterra,tc_m_T_rank,3,tier3_shape_normalized,1.0,3,mlp_2,0.7736803293228149,0.773486852645874,0.00019347667694091797,0.6989231812953949,0.047619047619047616,0.00029242157936096194,0.00031384183985595803,51,17,0.885911762714386,0.8882180452346802
volterra,tc_m_T_rank,3,tier3_shape_normalized,1.0,4,ridge,0.7417364597320557,0.7417364597320557,0.0,0.7396031653881073,0.047619047619047616,0.0021332943439483646,0.0010078061483183157,54,18,0.8614857792854309,0.8614857792854309
volterra,tc_m_T_rank,3,tier3_shape_normalized,1.0,4,mlp_1,0.8217703700065613,0.824188232421875,-0.0024178624153137207,0.7396031653881073,0.047619047619047616,0.0021332943439483646,0.0010078061483183157,54,18,0.9082175493240356,0.9093858599662781
volterra,tc_m_T_rank,3,tier3_shape_normalized,1.0,4,mlp_2,0.8189821243286133,0.8118880987167358,0.007094025611877441,0.7396031653881073,0.047619047619047616,0.0021332943439483646,0.0010078061483183157,54,18,0.9116190075874329,0.9102343320846558
volterra,tc_h_T_rank,3,tier3_shape_normalized,20.0,0,ridge,0.767792534828186,0.767792534828186,0.0,0.7659214264154434,0.047619047619047616,0.0018711084127426148,0.0005041727996123825,75,25,0.8764235377311707,0.8764235377311707
volterra,tc_h_T_rank,3,tier3_shape_normalized,20.0,0,mlp_1,0.8486760258674622,0.8486193418502808,5.6684017181396484e-05,0.7659214264154434,0.047619047619047616,0.0018711084127426148,0.0005041727996123825,75,25,0.9229581952095032,0.9226139187812805
volterra,tc_h_T_rank,3,tier3_shape_normalized,20.0,0,mlp_2,0.8343958854675293,0.8329757452011108,0.001420140266418457,0.7659214264154434,0.047619047619047616,0.0018711084127426148,0.0005041727996123825,75,25,0.9233964085578918,0.9215079545974731
volterra,tc_h_T_rank,3,tier3_shape_normalized,20.0,1,ridge,0.7501745820045471,0.7501745820045471,0.0,0.7481964212656022,0.047619047619047616,0.0019781607389450073,0.0007453827029598645,75,25,0.866250216960907,0.866250216960907
volterra,tc_h_T_rank,3,tier3_shape_normalized,20.0,1,mlp_1,0.8307176828384399,0.8302367925643921,0.00048089027404785156,0.7481964212656022,0.047619047619047616,0.0019781607389450073,0.0007453827029598645,75,25,0.9126170873641968,0.9122440218925476
volterra,tc_h_T_rank,3,tier3_shape_normalized,20.0,1,mlp_2,0.820298969745636,0.8143531084060669,0.005945861339569092,0.7481964212656022,0.047619047619047616,0.0019781607389450073,0.0007453827029598645,75,25,0.9112695455551147,0.9113476872444153
volterra,tc_h_T_rank,3,tier3_shape_normalized,20.0,2,ridge,0.7067676305770874,0.7067676305770874,0.0,0.7040569984912872,0.047619047619047616,0.002710632085800171,0.0008471094359935198,75,25,0.8407230377197266,0.8407230377197266
volterra,tc_h_T_rank,3,tier3_shape_normalized,20.0,2,mlp_1,0.7908795475959778,0.7912509441375732,-0.000371396541595459,0.7040569984912872,0.047619047619047616,0.002710632085800171,0.0008471094359935198,75,25,0.8905344009399414,0.8908270001411438
volterra,tc_h_T_rank,3,tier3_shape_normalized,20.0,2,mlp_2,0.7774812579154968,0.783414363861084,-0.005933105945587158,0.7040569984912872,0.047619047619047616,0.002710632085800171,0.0008471094359935198,75,25,0.8887903094291687,0.8910738825798035
volterra,tc_h_T_rank,3,tier3_shape_normalized,20.0,3,ridge,0.7341471552848816,0.7341471552848816,0.0,0.732305817604065,0.047619047619047616,0.0018413376808166504,0.0007795145888051573,72,24,0.8571817278862,0.8571817278862
volterra,tc_h_T_rank,3,tier3_shape_normalized,20.0,3,mlp_1,0.8091490864753723,0.8078914880752563,0.0012575984001159668,0.732305817604065,0.047619047619047616,0.0018413376808166504,0.0007795145888051573,72,24,0.9006808400154114,0.8999533653259277
volterra,tc_h_T_rank,3,tier3_shape_normalized,20.0,3,mlp_2,0.7943441867828369,0.7955189943313599,-0.0011748075485229492,0.732305817604065,0.047619047619047616,0.0018413376808166504,0.0007795145888051573,72,24,0.8976489305496216,0.8992721438407898
volterra,tc_h_T_rank,3,tier3_shape_normalized,20.0,4,ridge,0.7298753976821899,0.7298753976821899,0.0,0.7243068271875381,0.047619047619047616,0.0055685704946517945,0.0015096961651353236,81,27,0.8544136881828308,0.8544136881828308
volterra,tc_h_T_rank,3,tier3_shape_normalized,20.0,4,mlp_1,0.8282214403152466,0.8267019987106323,0.0015194416046142578,0.7243068271875381,0.047619047619047616,0.0055685704946517945,0.0015096961651353236,81,27,0.9116992950439453,0.9108913540840149
volterra,tc_h_T_rank,3,tier3_shape_normalized,20.0,4,mlp_2,0.8137954473495483,0.8109827041625977,0.0028127431869506836,0.7243068271875381,0.047619047619047616,0.0055685704946517945,0.0015096961651353236,81,27,0.910311222076416,0.9119008183479309
volterra,tc_m_h_rank,3,tier3_shape_normalized,100.0,0,ridge,0.6168488979339599,0.6168488979339599,0.0,0.6161750119924545,0.047619047619047616,0.000673885941505432,0.0005437961148447638,54,18,0.7860696911811829,0.7860696911811829
volterra,tc_m_h_rank,3,tier3_shape_normalized,100.0,0,mlp_1,0.7375789880752563,0.735176682472229,0.0024023056030273438,0.6161750119924545,0.047619047619047616,0.000673885941505432,0.0005437961148447638,54,18,0.8605487942695618,0.8593094944953918
volterra,tc_m_h_rank,3,tier3_shape_normalized,100.0,0,mlp_2,0.7246276140213013,0.7282310128211975,-0.0036033987998962402,0.6161750119924545,0.047619047619047616,0.000673885941505432,0.0005437961148447638,54,18,0.8612160682678223,0.8651084899902344
volterra,tc_m_h_rank,3,tier3_shape_normalized,100.0,1,ridge,0.5530696153640747,0.5530696153640747,0.0,0.5525161117315293,0.047619047619047616,0.0005535036325454713,0.0005277923843494914,54,18,0.744051456451416,0.744051456451416
volterra,tc_m_h_rank,3,tier3_shape_normalized,100.0,1,mlp_1,0.6975822448730469,0.6971453428268433,0.0004369020462036133,0.5525161117315293,0.047619047619047616,0.0005535036325454713,0.0005277923843494914,54,18,0.8368399739265442,0.8368827700614929
volterra,tc_m_h_rank,3,tier3_shape_normalized,100.0,1,mlp_2,0.6890004277229309,0.6894732713699341,-0.00047284364700317383,0.5525161117315293,0.047619047619047616,0.0005535036325454713,0.0005277923843494914,54,18,0.8394852876663208,0.8390611410140991
volterra,tc_m_h_rank,3,tier3_shape_normalized,100.0,2,ridge,0.5558766722679138,0.5558766722679138,0.0,0.5558963698148728,0.047619047619047616,-1.969754695892335e-05,0.00038450708843212466,51,17,0.7463027238845825,0.7463027238845825
volterra,tc_m_h_rank,3,tier3_shape_normalized,100.0,2,mlp_1,0.6640076637268066,0.6656479835510254,-0.00164031982421875,0.5558963698148728,0.047619047619047616,-1.969754695892335e-05,0.00038450708843212466,51,17,0.8169514536857605,0.8183293342590332
volterra,tc_m_h_rank,3,tier3_shape_normalized,100.0,2,mlp_2,0.660460352897644,0.6645140647888184,-0.004053711891174316,0.5558963698148728,0.047619047619047616,-1.969754695892335e-05,0.00038450708843212466,51,17,0.8221079111099243,0.8225412368774414
volterra,tc_m_h_rank,3,tier3_shape_normalized,100.0,3,ridge,0.5352367162704468,0.5352367162704468,0.0,0.5353427135944366,0.047619047619047616,-0.00010599732398986815,0.00038850123796448777,51,17,0.7325743436813354,0.7325743436813354
volterra,tc_m_h_rank,3,tier3_shape_normalized,100.0,3,mlp_1,0.6737365126609802,0.6719874143600464,0.0017490983009338379,0.5353427135944366,0.047619047619047616,-0.00010599732398986815,0.00038850123796448777,51,17,0.8228148221969604,0.8221064805984497
volterra,tc_m_h_rank,3,tier3_shape_normalized,100.0,3,mlp_2,0.664130687713623,0.6604416370391846,0.0036890506744384766,0.5353427135944366,0.047619047619047616,-0.00010599732398986815,0.00038850123796448777,51,17,0.8272749781608582,0.8249191045761108
volterra,tc_m_h_rank,3,tier3_shape_normalized,100.0,4,ridge,0.5267607212066651,0.5267607212066651,0.0,0.5255898493528366,0.047619047619047616,0.00117087185382843,0.0006136461682023593,60,20,0.7265413999557495,0.7265413999557495
volterra,tc_m_h_rank,3,tier3_shape_normalized,100.0,4,mlp_1,0.6872965097427368,0.6947416067123413,-0.007445096969604492,0.5255898493528366,0.047619047619047616,0.00117087185382843,0.0006136461682023593,60,20,0.8311048746109009,0.8353897929191589
volterra,tc_m_h_rank,3,tier3_shape_normalized,100.0,4,mlp_2,0.6822769641876221,0.6892927885055542,-0.007015824317932129,0.5255898493528366,0.047619047619047616,0.00117087185382843,0.0006136461682023593,60,20,0.8381951451301575,0.8442683219909668
volterra,gabaa_per_tc,1,existing_synaptic,5.0,0,ridge,0.5627074599266052,0.5627074599266052,0.0,0.05403926610946652,0.047619047619047616,0.5086681938171387,0.0011845674588323054,1500,500,0.7502519488334656,0.7502519488334656
volterra,gabaa_per_tc,1,existing_synaptic,5.0,0,mlp_1,0.5755535364151001,0.5745399594306946,0.0010135769844055176,0.05403926610946652,0.047619047619047616,0.5086681938171387,0.0011845674588323054,1500,500,0.7593399286270142,0.7587676644325256
volterra,gabaa_per_tc,1,existing_synaptic,5.0,0,mlp_2,0.5894981622695923,0.5892894864082336,0.00020867586135864258,0.05403926610946652,0.047619047619047616,0.5086681938171387,0.0011845674588323054,1500,500,0.768359363079071,0.7682399153709412
volterra,gabaa_per_tc,1,existing_synaptic,5.0,1,ridge,0.5029292225837707,0.5029292225837707,0.0,0.11128429830074305,0.047619047619047616,0.39164492428302766,0.00407216637612016,57,19,0.7092093229293823,0.7092093229293823
volterra,gabaa_per_tc,1,existing_synaptic,5.0,1,mlp_1,0.5201007723808289,0.5224464535713196,-0.0023456811904907227,0.11128429830074305,0.047619047619047616,0.39164492428302766,0.00407216637612016,57,19,0.7216567397117615,0.7233237624168396
volterra,gabaa_per_tc,1,existing_synaptic,5.0,1,mlp_2,0.5375645756721497,0.5354636311531067,0.0021009445190429688,0.11128429830074305,0.047619047619047616,0.39164492428302766,0.00407216637612016,57,19,0.7340283393859863,0.7324628233909607
volterra,gabaa_per_tc,1,existing_synaptic,5.0,2,ridge,0.45542728900909424,0.45542728900909424,0.0,0.092595756649971,0.047619047619047616,0.36283153235912324,0.0034643809849831905,51,17,0.6785459518432617,0.6785459518432617
volterra,gabaa_per_tc,1,existing_synaptic,5.0,2,mlp_1,0.4894482493400574,0.48877477645874023,0.0006734728813171387,0.092595756649971,0.047619047619047616,0.36283153235912324,0.0034643809849831905,51,17,0.7007752656936646,0.6997463703155518
volterra,gabaa_per_tc,1,existing_synaptic,5.0,2,mlp_2,0.5029627084732056,0.5036138296127319,-0.0006511211395263672,0.092595756649971,0.047619047619047616,0.36283153235912324,0.0034643809849831905,51,17,0.7098738551139832,0.7103933095932007
volterra,gabaa_per_tc,1,existing_synaptic,5.0,3,ridge,0.4733175873756409,0.4733175873756409,0.0,0.08834329724311829,0.047619047619047616,0.3849742901325226,0.0036673002149575904,51,17,0.6868556141853333,0.6868556141853333
volterra,gabaa_per_tc,1,existing_synaptic,5.0,3,mlp_1,0.48280462622642517,0.4804155230522156,0.0023891031742095947,0.08834329724311829,0.047619047619047616,0.3849742901325226,0.0036673002149575904,51,17,0.6942127346992493,0.6924681663513184
volterra,gabaa_per_tc,1,existing_synaptic,5.0,3,mlp_2,0.4940333366394043,0.49439191818237305,-0.00035858154296875,0.08834329724311829,0.047619047619047616,0.3849742901325226,0.0036673002149575904,51,17,0.7026191353797913,0.702966034412384
volterra,gabaa_per_tc,1,existing_synaptic,5.0,4,ridge,0.35779284238815307,0.35779284238815307,0.0,0.0535946786403656,0.047619047619047616,0.30419816374778746,0.002699096603606619,50,5,0.5934612154960632,0.5934612154960632
volterra,gabaa_per_tc,1,existing_synaptic,5.0,4,mlp_1,0.36765116453170776,0.3695036768913269,-0.0018525123596191406,0.0535946786403656,0.047619047619047616,0.30419816374778746,0.002699096603606619,50,5,0.6000015735626221,0.60193932056427
volterra,gabaa_per_tc,1,existing_synaptic,5.0,4,mlp_2,0.37753838300704956,0.37638717889785767,0.0011512041091918945,0.0535946786403656,0.047619047619047616,0.30419816374778746,0.002699096603606619,50,5,0.6090694665908813,0.6080420613288879
volterra,gabab_per_tc,1,existing_synaptic,150.0,0,ridge,0.9895567417144775,0.9895567417144775,0.0,0.008406662940978915,0.047619047619047616,0.9811500787734986,0.0004902003927745155,1500,500,0.9947689175605774,0.9947689175605774
volterra,gabab_per_tc,1,existing_synaptic,150.0,0,mlp_1,0.990497887134552,0.9907732009887695,-0.0002753138542175293,0.008406662940978915,0.047619047619047616,0.9811500787734986,0.0004902003927745155,1500,500,0.9961832165718079,0.9963151812553406
volterra,gabab_per_tc,1,existing_synaptic,150.0,0,mlp_2,0.9886681437492371,0.9877233505249023,0.0009447932243347168,0.008406662940978915,0.047619047619047616,0.9811500787734986,0.0004902003927745155,1500,500,0.9967721104621887,0.9963253140449524
volterra,gabab_per_tc,1,existing_synaptic,150.0,1,ridge,0.9886185646057128,0.9886185646057128,0.0,0.00897504508495317,0.047619047619047616,0.9796435195207597,0.0005119473062919591,1500,500,0.9943183660507202,0.9943183660507202
volterra,gabab_per_tc,1,existing_synaptic,150.0,1,mlp_1,0.9892240762710571,0.9897041320800781,-0.0004800558090209961,0.00897504508495317,0.047619047619047616,0.9796435195207597,0.0005119473062919591,1500,500,0.9956604242324829,0.9958789944648743
volterra,gabab_per_tc,1,existing_synaptic,150.0,1,mlp_2,0.9872957468032837,0.9876703023910522,-0.0003745555877685547,0.00897504508495317,0.047619047619047616,0.9796435195207597,0.0005119473062919591,1500,500,0.9960373044013977,0.9964683651924133
volterra,gabab_per_tc,1,existing_synaptic,150.0,2,ridge,0.9859833717346191,0.9859833717346191,0.0,0.009248221516609312,0.047619047619047616,0.9767351502180098,0.0005339450524700127,1500,500,0.9932451248168945,0.9932451248168945
volterra,gabab_per_tc,1,existing_synaptic,150.0,2,mlp_1,0.9887725114822388,0.9892927408218384,-0.0005202293395996094,0.009248221516609312,0.047619047619047616,0.9767351502180098,0.0005339450524700127,1500,500,0.9954492449760437,0.9955995678901672
volterra,gabab_per_tc,1,existing_synaptic,150.0,2,mlp_2,0.9847272038459778,0.986260712146759,-0.00153350830078125,0.009248221516609312,0.047619047619047616,0.9767351502180098,0.0005339450524700127,1500,500,0.9957762956619263,0.9958199262619019
volterra,gabab_per_tc,1,existing_synaptic,150.0,3,ridge,0.9890945076942443,0.9890945076942443,0.0,0.008653821945190376,0.047619047619047616,0.980440685749054,0.0005037775386432151,1500,500,0.994543194770813,0.994543194770813
volterra,gabab_per_tc,1,existing_synaptic,150.0,3,mlp_1,0.9901719093322754,0.9902240633964539,-5.21540641784668e-05,0.008653821945190376,0.047619047619047616,0.980440685749054,0.0005037775386432151,1500,500,0.9961360096931458,0.9961204528808594
volterra,gabab_per_tc,1,existing_synaptic,150.0,3,mlp_2,0.9870754480361938,0.9874916076660156,-0.00041615962982177734,0.008653821945190376,0.047619047619047616,0.980440685749054,0.0005037775386432151,1500,500,0.9960764646530151,0.9964572787284851
volterra,gabab_per_tc,1,existing_synaptic,150.0,4,ridge,0.989540958404541,0.989540958404541,0.0,0.008381161093711675,0.047619047619047616,0.9811597973108294,0.00048161602253559793,1500,500,0.9947761297225952,0.9947761297225952
volterra,gabab_per_tc,1,existing_synaptic,150.0,4,mlp_1,0.9911704063415527,0.9904474020004272,0.0007230043411254883,0.008381161093711675,0.047619047619047616,0.9811597973108294,0.00048161602253559793,1500,500,0.996536135673523,0.9962080121040344
volterra,gabab_per_tc,1,existing_synaptic,150.0,4,mlp_2,0.9873663187026978,0.9891878962516785,-0.0018215775489807129,0.008381161093711675,0.047619047619047616,0.9811597973108294,0.00048161602253559793,1500,500,0.996359646320343,0.9969412684440613
